topic_id,rank,doc
0,1,This is THE best course for beginners. I love the way Dr. Chuck has taught Python programming. His lectures are very interesting and easy to understand and the entire course has been a lot of fun with all its quizzes and programming assignments. His book is as great as are his lectures. I am looking forward to learning more about python through his courses. This is just the type of course that I was wanting to do for some time and I am lucky I found this through Coursera! Thank you Dr. Chuck!
0,2,"A great introduction to basic programming concepts and Python language. The instructor, Dr Chuck, is really good and explains the concepts in a manner easy to understand even for beginners. For me, personally, the bonus material was the most interesting with the expert interviews (look out for the talk with the inventor of Python). The short videos of other Coursera students meeting Dr Chuck helped me feel connected to the student community. Overall, a must-do course if you want to learn programming in Python."
0,3,"Dr. Charles Severance is an excellent teacher and I got to know about how to start my journey of Python, which was made easy by this useful course Python for Everybody, which literally is ""Python for Everybody"". In today's world I would recommend everyone to take up this course and surge ahead. Thank you very much Dr. Charles Severance."
1,1,"This is a truly superb class. Professor Andrew Ng's lectures are clear, well-organized, and exceptionally informative. He's more than a brilliant researcher: he does a terrific job of presenting complex machine learning concepts in simple terms that a very easy for anyone to understand as well. I would add that the programming assignments are also very useful because they focus on core concepts and really help to reinforce the lectures. All around this is easily one of the best and most valuable courses I have ever taken, and I would be very quickly to recommend this course to any friend without reservation. Whether you're actively working with machine learning systems as I am or hoping to get into the field or merely curious, Andrew Ng's machine learning class is a very valuable class that covers the essentials and covers them very thoroughly."
1,2,"This course covers a wide variety topics in Machine Learning, from simple linear regression, logistic regression to neural network and support vector machine. It also covers basic unsupervised learning topics in clustering and dimensional reduction. This course also provides some guidances on practical machine learning such as parameters tuning , determinization of data overfitting/underfitting, basic large scale training and speed up issues, and provides some practical applications in machine learning."
1,3,Excellent course after the 'Machine Learning'-course of Andrew Ng!
2,1,Good course to understand Data science and Data scientist
2,2,"I do not having any background of Data Science but after go through this course I am having a good understanding about what is data science,what skills are needed to become data scientist etc.Additionally, clear all my confusions .Now I am aware about the correct path to learn data science,also what qualities are required to become a Data Scientist i am also aware about that.A very good experience i had about data science after go through this course.All real life scenarios are discussed and real life experiences are shared by various data scientist.Excellent course with a very good content for beginners who do not anything about data science.If anyone is having a little bit knowledge about data science then after going through this course you should know what are the areas in which you can improved, a correct path to build a carrier in data science."
2,3,It provides a very good introduction on what Data Science is and what a Data Scientist do!
3,1,"Learning how to learn is an important concept that we don't spend enough time thinking about. This course teaches you a bit about the science of learning based on psychological and neuroscientific research, as well as the experiences of educators. It also provides a number of helpful tips that can assist you in understanding and memorizing new concepts in any field. However, I think this course has more ""filler"" than necessary. Some videos will spend 6 minutes making one or two good points that could be made in a minute and half. Personal anecdotes, redundancy, theories behind why certain techniques in learning work the way they do, etc. contribute to this ""filler."" It's not that I don't find some of this stuff interesting, but when I start a video, I want to focus on the fresh subject of that particular video and how it will help me learn. The personal anecdotes and theorizing would fit better in the ""optional material"" section. The redundancy is entirely unnecessary and is actually a bit like ""rereading"" in a way, which is a point the course teaches you is ineffective. Make your point clearly, then test us to see if we understand it. It does not need to be rehashed throughout the course. Further examples and explanation can be provided in the ""optional material"" section if people want to read more about it.Secondly, quizzes should be more difficult. They contribute to an ""illusion of confidence,"" which is another concept that the course itself discusses and urges you to avoid. I honestly feel that many of the questions have such common sense answers that I could've skipped several videos altogether and still passed some units. They could be designed better to see if people genuinely understand the perspectives and techniques that this course offers.Despite my critiques that this course would benefit from some sharpening of the lectures, and more difficult questions, I enjoyed it, and am glad I took it. I feel that I have more guidance in how to approach my learning effectively."
3,2,"Even though this course covers a lot fundamentals for introduction to algorithm, the course itself is not designed as good as I expected. For starters, the weekly problem designs aren't very good. Some problem statements are ambiguous and not very clear unless you read more than one time or take a closer look at the examples. Often, the input format/arguments are designed to take redundant info. Some problem even has more than one possible correct outputs, which is just confusing for learning purpose.In terms of lecture videos, it's good that there are some classic algorithm problems being demonstrated in the video, however the linkage between how to express a problem in mathematical languages is poorly explained. For example, in the lecture of edit distance, the realization of the matrix was not well explained at all. I personally appreciate a lot of the thorough proving steps introduced in the lectures, however I personally think the proofs are often not well explained to the audience (I also understand that it's more difficult to explain proving steps). Considering the large variety of audience, I would recommend the instructors separate the comprehensive more in-depth knowledge into optional videos, in this way the audiences could decide if they want to spend time in optional videos or not based on their own needs, meanwhile the instructors could spend a little bit more time to explain the difficult concepts better. Overall, I know that talking and analyzing algorithms can be kinda of boring and challenging, but I wish the course videos could be stated in a more interesting and intriguing way."
3,3,"W. Scott Persons is a spectacular presenter. He speaks clearly and articulates himself in such a way that he can explain a complex subject in an easy-to-understand way. He doesn't speak too quickly nor too slowly. If anyone wants to be a better presenter, they should follow the example of Persons.I like the questions being asked during the video. Sometimes they are just to make sure you are paying attention, but most times they require you to make inferences based on what you have learned, which is great. If you complete the reading material before watching the videos, you should have no problem at all answering the video questions.The reading material is extremely in-depth and very informative even beyond what the videos offer. One complaint I have would be that the estimated time of completion for the reading is inaccurate. They say it takes about 10 minutes but if you want to actually read and get a good grasp of all of the material presented in the notes, it will take far longer. Personally, it takes me several hours to consolidate the material in my head and to take notes. Like I said, the reading goes very in-depth.The reading material also uses anatomical terms of location very frequently. I would recommend learning the anatomical terms of location (rostral, caudal, distal, proximal, etc.) to assist you while you read the notes. Also take some time to learn how to interpret cladograms. One thing that stands out to me is the Tree of Life, which is basically an interactive learning objective that shows how ALL life to have ever existed on this planet is connected. It is an AMAZING supplement to the course and a lot of fun to explore. Overall, I HIGHLY recommend this course to anyone interested in dinosaurs; paleontology as a whole; evolution and phylogenesis; and ornithology."
4,1,Great teachers and great course!
4,2,Great teacher and great course
4,3,Great Teacher and great teaching style!! Very happy!! Very professional approach!! A true teacher!! Love you Sir!! Want to learn more from you!!
5,1,"A real starter course for simple programming. i, with no idea on programming, decided to try this course. this was my first coursera course. i got to say, it really is the starter. i really recommend this for people who want to program, but dont know where to start. the course is made in a very fun way. i am 10 years old and i loved this. tells you the basics of programming, teaches you programming in scratch. do this course before any other programming one. it'll seriously help you"
5,2,"The course is extremely easy, even for those with no programming background like myself, but I suspect this is on purpose: it helps dispel anxieties and build confidence, so that students feel encouraged to continue with the specialization or seek out more advanced individual courses. I know that I found myself creating more complicated versions of the assignments and looking up ways to make them work, but that's a good thing: it's important for a course to spark curiosity and invite experimentation. Obviously, you need to keep your expectations in check: you won't turn into a professional programmer at the end of one easy course or specialization. However, you can start figuring out how to automate some of your own work or how to talk to programmers if you're working on a project together. As a bonus, Dr. Severance explains things very clearly and is quite enjoyable to watch, which was a nice change from other MOOCs I've taken before. I'm only giving it four stars because I think there should have been more assignments, as well as a mechanism to discourage plagiarism (it was obvious to me that some participants copied their code from various online sources, which is partly why they couldn't figure out why it didn't work or didn't produce the correct output)."
5,3,"To say this course is for beginners is a misnomer. I think if one has some familiarity with another programming language then yes - this could be a beginner course. I came into this course with zero formal programming knowledge and was completely overwhelmed by the pace and material. This course does not give the students any/enough ""small wins"" to build muscle memory and gain confidence. I was drawn in by assumed time for completion. 4-8 hours/week sounded pretty good for the schedule of a working adult, however the 10-minute ""assignments"" consistently took me 6+ hours (most of the time spent calling/screen-sharing with my developer friend for help). Again, I think if one already has some programming knowledge (and therefore not *really* a 'beginner') then yes, this would probably take them that amount of time. I folded almost at the end of week 2. To echo another review here, it seems the instructors forgot what it is like to be a beginner. The instructors assume too much about what their students know. Really kicking myself for spending the money trying to limp through this course.If you are like me and starting without any experience, there are plenty of alternative free material actually geared towards 'beginners' that will give you the context and practice needed to actually comprehend the course material."
6,1,"I am familiar with using Excel, however, I want to take the Specialization module, and I have to finish this Essentials course first. So this is a review from an intermediate Excel user.1) After taking the course, I actually know more tips to use Excel faster.2) The lecture videos are very informative and easy to follow. I always put a 1.75x speed on :) (Not sure whether the lecturer was too slow or I were too fast). And they also have subtitles. If English is not your native language, or your listening skill is not advanced, you can watch the subtitles while following the lectures.3) This course is easy to me. Once again, it only delivers the basics, and for beginners. 4) The course provides you with all the materials needed, and a summary of short-cuts and lectures in a week. 5) I can finish this course in 2 days. So I hope that it could be more challenging. To sum up, it is a nice experience :)"
6,2,I learned a lot about excel. This course is really helpful
6,3,"This course is great and really simple to use. However, if you have a MAC this course can be a little tricky at times as it is mainly developed for PC users. For some more complicated functions such as creating Pivot Charts, there is no mention of how to achieve things using an older version of Excel for MAC and so often a google search is needed which can be time consuming and sometimes leave you with no answers. It would be wonderful if the course was more clearly adapted for MAC users, mentioning clearly how things can be done using a MAC as often this is entirely different and/or non existent. It is the same thing with earlier versions of excel, for example, my 2011 MAC version of excel did not have the Pivot Chart function and in the quizzes you needed this in order to answer some questions correctly - in many cases I had to leave the question blank and hope I could pass with my other questions being correct. This was quite frustrating at times and seemed a little unfair also - it would be great if this was more suitable for MAC users too."
7,1,Awesome course and great instructor.
7,2,Amazing Course and great instructor
7,3,very informative course.instructor is very good
8,1,"This course gave me an abstract view of AI as well as a realistic view of AI i.e. a high level sense of what AI can and can not do. So, for someone who is first trying to understand what is AI all about, what are the key tools of AI i.e. Machine Learning including Deep Learning and Data Science, this course provides a right perspective. It also mentions good case studies about complex AI products as well as the roles and responsibilities of large AI teams. AI transformation playbook will be really helpful for companies to get the feel of AI and strategies it for the right future of AI in their company. Finally there is a good perspective on how AI can impact society and how we can navigate the rise of AI in future. The course finally teaches us to keep learning to build knowledge. Great foundational course and very well narrated by professor Andrew Ng."
8,2,It is a very good introductory and non technical course on artificial intelligence and it has given me insight of what AI is and what is impact of AI on society.
8,3,Thanks to Andrew Ng for teaching AI for everyone. I can see the overview of artificial intelligence now.
9,1,"I loved this course. It was both enjoyable and instructive. Professor Struck offers a unique way of teaching this course with interesting views and lively explanations. It felt like I was having coffee with a friend who had something exciting to say. Thank you Professor, I truly hope you will teach more of these courses in the future."
9,2,Thank you very much Professor for your excellent course...
9,3,Thank you for a great course with a great professor! I have really enjoyed it.
10,1,The best course in coursera!!!!
10,2,"its very interesting course, thanks coursera team"
10,3,"it was really an awesome experience learning with Coursera, Coursera has given a platform to learn everything ......thankyou Coursera....."
11,1,"The course is quite challenging and therefore worth doing. The materials provided are excellent and the video tutorials and Professor are excellent - but make sure you pay attention!However, I was a bit disappointed with some of the quizzes particularly those in the final project. The penultimate quiz and peer assignment quiz do have problems. The penultimate quiz answers are not accurate and do not match the actual correct answers. You therefore need to be careful when responding and choose the answer that is closest to your result. On the peer review problem setting there are certain aspects required in your answer that are not defined in the problem. Indeed the way the problem is set out it appears that you can choose between predictive linear regression OR binary classification. Beware.Also I would strongly recommend finishing the course work for week 3 AND 4 BEFORE taking the quiz on probability and distributions."
11,2,"About: First Lessons contain some Interface/Questionnaire errors.Hi, I reckon it's a tad too early to rate this course since it is only going to start - but I didn't see another option to contact the Course Administrator other than trough the rating process.When going through the introduction of this course, there were multiple errors in the Quizzes/Q&A's. EG: On a question with 1 correct answer, the solution page would also show the clearly wrong answers as ""correct"" (or ""correct, well done""). There were several examples like this. It was only a bit confusing at start (this is my very first course on Coursera, maybe it's common thing to happen.) There was also no option in these videos to thumb-up or -down vote, or to report a problem, like I had seen on other courses.In my opinion the videos were well spoken and easy to understand, and they included everything one could think of when first considering to start playing the guitar. Only the beginning of the first video had a slight feeling of ""Ok, I'm a bit annoyed to do this now"" but that could easily be a misinterpretation or a strategy to capture interest. ;-)I do believe it's a good thing that T. shows all the possible extra's one can buy for a guitar, half of which no guitar player I know owns and which, all together would cost almost as much a beginner guitar, but I believe he omitted that guitar strings generally live longer when you clean the strings with a cloth where you touched them after playing. That's a good maintenance practice if you cannot afford to buy 2 sets of strings every month.Maybe a good addition would be that guitars/instruments can also be rented for relatively cheap, instead of having to spend 500-1000 before even knowing what to look (listen) for when buying a guitar. To me the questions until now were a bit too easy but that's Ok. I might be studying with people half my age so that's fine. Especially the first questions should not be frightening but at least tickle your brain ""a little bit"" instead of just repeating a word from the video.Thank you very much for your consideration. I look forward to study with you (all) !Sincerely, Xavier Weydert"
11,3,"This was my first experience with a MOOC and perhaps will be my last. I suspect courses like this are a large part of the reason that universities are losing both credibility and relevance in the eyes of the public and employers. The complete lack of objectivity presented in a so-called academic course was appalling. By week four the narrative had become so one sided and superficial that it became difficult to maintain any belief in the content of the following lessons. The lectures were so steeped in SJW tropes and what passes for left-leaning politics that the quiz questions could typically be answered based on the simple premise of what make Aboriginal people look the best and the Western worldview the worst. The quiz questions themselves were some of the most poorly conceived and written that I've seen across almost a decade of post-secondary education and the presenters were completely devoid of charisma and style making for dull viewing of topics that were presented in a manner that could almost be considered dishonest.The forums appeared to be the most valuable component of the course however those quickly degraded into what looked like chorus of consent, likely because the overall narrative of the course provided little room for divergent views. My own forum comments were not responded to by the course professors despite asking for clarification and other posters were clearly here to have their own views confirmed, not challenged, and made that evident through their own posts and unwillingness to consider challenging ideas.Overall I felt the course lacked any real academic integrity. Sitting through the lectures felt more like an indoctrination attempt that education. The content was so shallow that the course was more akin to propaganda than coursework. The only factor that would allow me to give even one star was the somewhat improved quality of the guest presenters, some who gave a more even handed approach to the material. This was perhaps the least critical course I have ever taken part in. Even critical theory and methodology needs to be critiqued to have any intellectual value and that did not occur here. Fortunately my employer has covered the small cost of the certification. As someone who works directly with Aboriginal people, and has for a decade, and educates others on Aboriginal topics, worldview, and culture, I am disappointed to say that this course actually lowered my interest in Aboriginal issues and being a so-called ally. This course seemed determined to undermine Canadian values and instil a sense of unwarranted guilt in the participants, likely justified as ""unsettling"" the settler. The process was so heavy handed and obvious however that any possible positive outcome from the message was distorted. I could not in good conscience recommend this course to anyone, and by extension, could not recommend Coursera itself."
12,1,"The course was quite interesting and the assignments given were also hard to solve, so I enjoyed solving them but submitting those assignments was a bit annoying."
12,2,I like this course very much. Assignments are Challenging
12,3,"The quality of the assignments is really good but the instructions for assignments is really poor.I had to do read through the discussions to solve almost each and every problem. The assignments are really time consuming and challenging.Also, I had to refer to stackoverflow for countless number of times to derive the logic.The instructor has only touched upon the material but additional videos should be included by the TAs for the assignments.Thanks,Sourav"
13,1,"Although I am now a grandmother, I really enjoyed the course and was able to confirm my home's ""good eating habits"" and detect some bad ones, like sometimes eating with the televison on. I learned more about the environment and effects of eating processed foods or meats. I revel in seeing today's encouragement of having children particpate in healthy food : shopping, preparation and cooking.Thank You !!"
13,2,"The course is nicely presented with clear speakers. It gives a good and basic overview of what includes healthy foods and the problem with processed foods. The use of visual aids in the form of pictures, graphs and short video clips definitely works well with this kind of topic. As an introduction or reminder of good eating habits, this course does its job just fine. However, I did expect more depth. The source material was very short and simple, and the few academic parts (such as the graphics charts and chemical bonds making up some of the nutrients) were quickly glossed over. This also led to many quiz-questions being almost trivial because the answer was pretty much impossible to get wrong. For example, there are many questions of the following kind: ""Q: What is true about vegetables? A: 1.They contain a variety of healthy nutrients. 2. It's better to eat only meat. 3. Processed foods are far healthier. 4. They contain extreme amounts of calories. 5. Supplements are much more effective sources of vitamins."" These kinds of questions do not add any value to the assignment in my opinion. I felt that a little more depth at least would be good (without having to go overboard), and maybe some extra scientific articles (the extra suggested material are all full books, which is a lot to plow through).However, since I understand the course is not meant to be an 8-week academic investment but an introduction to get people interested in topics concerning food and food habits, this course does a fine job of that, and I like the enthusiasm of the speakers! And they do often provide the simple material with statistics, which is good."
13,3,"This class is an entry level course about nutrition, however, I was disappointed that it focused so much on moderation. I don't feel the moderation message works for people with food addiction and while I appreciate the message of avoiding processed foods, eating meals prepared with salt, sugar and oil is highly addictive. The ""healthy"" recipes provided featured these addictive components, with one being Nutella crepes as a breakfast for kids. The information on reading labels and buying food without labels was solid. Also, the message to make half of your smaller plate filled with vegetables was great! Why not provide recipes that support that message? Almost all the recipes were heavy on dairy, eggs, and oil with only 1 recipe having a green veggie: peas (but again topped with dairy and oil). It's well known that a diet low in fat with little to no animal protein is the diet that reduces risks of cancer, heart disease, strokes and diabetes."
14,1,"Really, one of excellent course on Deep Learning and Neural Networks."
14,2,it's a great introduction to neural networks and deep neural networksthank you
14,3,Very well-done hands-on overview of neural networks and deep learning
15,1,"The best Introductory Course on ML ever. No Pre-requisites allows anyone with the interest to learn ML learn it in the best possible manner. The course not only gives the Theory but also develops Intuition behind every algorithm which helps to retain the essence of the entire material. Not only the Theory but also the Practical Advices that the prof gives helps you to implement a ML Project from Scratch and Diagnose any possible error that may creep in, some of which aren't even used by many Industry Professionals. The prof is very humble and teaches you more like a friend, giving examples on how simple things may go wrong, also accepting that some of the concepts are not so easy to digest, so don't worry. The course is superbly organised which helps learners learn everything that the instructor wants to teach. The Quizzes, in-Lecture questions, Programming Exercises enable you to step through a path of- learning the theory, building the intuition, getting practical advices, implementing the code and inspiring you to work on your own projects. The Discussion Forum is always very active, you could clear any and every doubt of yours. Thanks and Congrats Prof. Andrew Ng on making the best MOOC ever!!"
15,2,"A really amazing course by Prof. Andrew Ng. He covered all the majorly used Supervised and Unsupervised Learning Algorithms. Now these things are covered by many other courses too, so what's so good about this course? The answer is Prof. Ng's lucid ad easy to follow explanations so much so that, you don't really need to be a wizard or even have a knowledge of College level Linear Algebra or Vector Calculus. Also what additional information we gain from this course is not just the Theory behind ML algorithms BUT also the practical implications! These things are crucial since most of us aspire to be ML Engineers in the applied space. He teaches us ways to debug our algorithms, practices which are industry relevant also how to improve performance of our algorithm, what to devote more time and energy resources to, etc. Just be committed to this course, you'll start loving ML and getting a hang of it in no time! Well it would have been ""another"" cherry on the cake if Prof. Ng had included other algorithms such as KNN, Naive Bayes, Decision Trees, Random Forests and a much deeper implementation of SVMs, but overall, I'll rate the course a 5/5!"
15,3,"Unlike what most people are saying, I feel this course shouldn't be taken if you're just beginning into ML. I feel you should take it when you've spend some time working with ML problems but are still an ML noob yet.The course explains the basic concepts of some popular ML algorithms without going too deep into it's intricacies; for which you might need expertise in mathematics to understand. And it gives a lot of awesome tips and tricks and guidance on ML.However, you don't actually learn to train models and solve real life ML problems. If you want to learn to train models in Python using libraries such as pandas and scikit-learn and matplotlib, and fine-tune them, then this course is not for you.But if you have worked on a few ML problems and have decent experience of training and fine-tuning models . But you've always used these models like magical black boxes but now want to dig deeper into the concepts these models are based on, then I can recommend this course to you.The programming exercises are good and take care that it doesn't get all theoretical. If you get stuck somewhere, you should definitely check out the related FAQ in the discussion forums and the Resources section. If you follow the programming assignment PDF and the FAQ and Resources, you should be fine. (Note this down. You're gonna need it for ex4 and ex8. Trust me.)"
16,1,A good course for beginners.
16,2,A good course for beginners.
16,3,It is very good course for beginners!
17,1,Amazing experience with instructions and hands on labs .Thank You.
17,2,"I want to learn. Locking me out of the course labs after the course is over is stupid. Grade or don't grade the lab, I don't care, but let me review the lab to learn. Additionally, preventing me from providing feedback to coursera directly leaves me with the option of providing the information here."
17,3,There were some issues here and there in the labs but other than that it was great.
18,1,"I highly recommend this course, It helped me to improve my American English Pronunciation in a very short time."
18,2,"Great course! I've always wanted to shift my career into teaching English language, but I've always been so intimidated (one reason is me being a non-native English speaker). I always felt that I wasn't cut out for the job. But getting through this course gave me the confidence and a push to go after what I really want. I must say, that it successfully enshrined the foundational principles that a teacher needs for teaching language. Even if this is an online course, even if I'm just watching the lessons from a small screen, Dr. Dixon's words really helped me lot in changing my perspective towards teaching profession. I just really hope I get to finish the whole course, and I look forward to where this might take me. Thank you so much!"
18,3,"Tricky American English Pronunciation course is worth both its theoretical and practical sides. Shadowing a conversation method is a great way to improve English Pronunciation, speaking skills, linking, reduction, intonation etc. Thanks a lot to Tricky American English Pronunciation teachers and team!Tricky American English Pronunciation course is worth both its theoretical and practical sides. Shadowing a conversation method is a great way to improve English Pronunciation, speaking skills, linking, reduction, intonation etc. Thanks a lot to Tricky American English Pronunciation teachers and Coursera team!"
19,1,"While I found the subject matter to be very important and very interesting, the construction of the course leaves some things to be desired. I took meticulous notes, studied before tests, and got great grades on the peer-graded assignments, but I was not prepared for left-field questions or assertions of subject matter that had not been discussed in lectures. For example, a capstone assignment with a whole new concept (presented as a hint) and no resources to educate on what it could mean. An inordinate amount of time was spent attempting, failing, and re-attempting to get Android Studio to work with the provided project files. Needed more resources than were provided, and there is zero feedback from the professor(s) in the forums, and students roll in and out of sessions not caring what the quality of work looks like."
19,2,"The individual lectures are well-structured, clear and the lecturers put the media to good use. The course as a whole, however, is very heterogeneous. Having a separate speaker for each topic is nice because you get to attend a lecture from someone who is high specialized in the topic she is lecturing about. However, if the coordination between the speaker is not well managed it leads to a lot of heterogeneity, which, again, is the case here (different speakers don't expect the same level of prior knowledge from their students, they cover some of the same material, they don't connect what they have said to what the other speakers have said...) I would add that it is irritating to follow a course where the speakers just assume that the attendees are all Americans. Wake up! There are people from all over the world on Coursera! Moreover, I don't mind following a course on Chemicals and Health in the US but it should be clearly stated in the info on the course."
19,3,"I thought the class did a good job of generally introducing the world of Construction Mgmt and I learned a lot. Using lecturers from the field made the lectures more interesting, however, it was apparent that the lecturers weren't trained in education or how to present information clearly to a class of students who are learning this material for the first time. The guest lecturers all used basic PPT presentations that weren't very engaging most of the time. I took the Construction Scheduling class simultaneously and that class was far more involved and varied in the way the information was prevented since the professor was actually an educator by trade. On top of that the homework assignment instructions differed from the rubrics we had to use to grade them, so in both cases I had to resubmit my assignment only AFTER seeing the rubric. Overall the core information was interesting, but it was presented so poorly that it made the class feel like an endless stream of trivia facts, further meaning that I might forget most of this info in the near future."
20,1,"The course is really amazing for now! Professor Seung Hae Kang explains everything in a great order. She guides me through every lesson with detailed explanation and dedication, it helps me a lot on learning Korean. This is a very good recomendation to learn Korean for beginners. Thank you for Proffesor Seung Hae Kang and Yonsei University!"
20,2,"Excellent course! I learned a lot and I hope to speak fluently and visit South Korea someday. Thank you Professor, Seung Hae Kang and Yonsei University!"
20,3,"First of all, thank you very much for this course, Yonsei University and Professor Kang Seung Hae ssi. I'm now fully able to read and write Korean language. And by practicing, I'm being able to understand and speak more Korean day by day. To be honest, I'm loving this language more and more. It also helped me learning various customs and practices of Korean people. This course was very helpful indeed. I'll definitely recommend it to any person who wants to learn Korean."
21,1,Very good course to understand the basics of Corporate Finance.
21,2,"This course helped me to understand financial markets, instruments used in the financial market. I believe that after this course my understanding of the financial market improved a lot."
21,3,"I don't have a finance background so this course has opened my eyes to the world of corporate finance.I like how well-thought-out Prof Michael is in designing the course in which all topics flow nicely from week 1 to week 4 and how each concept introduced is interdependent to create a solid financial analysis that people can use to determine the valuation of a project or an investment. However, I'd have rated this course 5 stars, had there been more quizzes, hands-on assignments or final exams that require students to use tools and concepts learned to forecast cash flows and figure out the valuation by themselves. I'm a hands-on learner and although I got 100% from this course I'm not certain I actually understood everything and that I could go out in the real world and start doing some mini financial analysis.Overall, it's a good introductory course and Prof. Michael's pace of explanation is nice. I'd recommend people who want to know the basics of corporate finance take this course only after Accounting course to understand the terms used in the course better."
22,1,Thank you Dr. Chuck! It was great!
22,2,Great course. Dr. Chuck is great teacher.
22,3,Very good course and Dr. Chuck is a great teacher
23,1,"The best online course I take it , It useful for everyone ."
23,2,This was the best online course I have ever had.
23,3,One of the best online course
24,1,I have completed this course when i get the certificate
24,2,"Has many high-quality university courses fromtop U.S. universitiessuch as Stanford, Princeton, and Yale as well as international institutions such as the University of London and HEC Paris.Course feesare not immediately shown on the Coursera course pages, unfortunately. To view the fee, you have to click on ""Enroll"" and register for the platform. This will display the individual price for the course (for paid courses).If you want to take a course without a certificate for free, you can choose the ""Audit"" option for many courses (when registering for the course).Course series of several online courses are calledSpecializations. These require payment of a fee (monthly subscription, don't forget to cancel!). However, you can often take the individual courses of the series free of charge (without a certificate).Anyone enrolling for a paid course or Specialization will get access to a7-day trial period. If you are a quick learner, you can sometimes complete a course within the trial phase (and thus possibly even receive a certificate for free!).Some (not all) of thePersonal Development / Career courseshave been criticized by users as being rather superficial. Anyone who is already working and has an academic degree may not learn much in some of these courses.A clear advantage over other course platforms is theeasy navigationwithin courses. Videos, tests, discussion forums and further reading materials are easily accessible.For some courses, a final exam with an assessment by other students is required (Peer Assessment). This often works well, but for smaller courses with fewer participants, it may take some time to get adequate feedback for your work."
24,3,It wasn't mentioned that I had to pay for the certificate.I can't afford to purchase the certificate
25,1,"Incredible professor that really knows how to communicate well her thoughts and data to people with every kind of level of education, very eloquent, well spoken and well read. Great information about how to increase your overall happiness and well-being (many of my conceptions of what would make me happy were actually proven to be false). Very grateful for these classes, it helped a lot in my day to day routine: I was able to chance some habits to healthier ones and by the end of the course I definitely felt an improvement in my well-being as a whole, using the techniques teached in the classes (such as how to use my signature strengths and how to work in jobs that require me being challenged yet also being something manageable, not causing me to be anxious or feeling incompetent). It really helps you career wise, and also in your personal life, improving your social connections and giving actual strategies to improve your happiness in a very doable way."
25,2,"Extremely glad to have found & enrolled on this course, It has been amazing learning , reinforcing & practicing various habits , specifically the rewirements. The possibilities & the things that we can do to mindfully look after our wellbeing & happiness. The practice of gratitude, kindness,savoring, social connections, sleep, meditation & discovering our signature strengths. Most importantly, measuring our happiness before & after the course, & the evaluation of the actual wellbeing have answered why this course is called the Science of Well-Being. Thank you, Coursera, Professor Santos, all the resource persons who have been valuable in the contents & make up of the course, I pledge to contimue to apply to my daily life what I have learned."
25,3,"For a long time, I have been struggling in the whirlpool of negative thoughts. It is basically a negative idea when I encounter something uncomfortable, so that I am very afraid of being leisure, I feel that life has been pushed forward, rarely feeling in control of life. Maybe I am too sensitive? I feel that I must hold the railing when I walk down the stairs, worrying that I might step on the ground and fall.Over the years, I have tried various methods to ease negative thinking, which is somewhat effective, but it is good and bad. Now I can only be at home due to COIVD-19, maybe this is God's Intervention, then I can have more time to face the depths of my soul. I just saw this course on the website after spending a few days in isolation at home. Experience of years have enabled me to understand that practice and action are far more important than knowing the theory, despite facing inertia and laziness from time to time.Looking at my own records of rewirement for around two months, Basically, all rewirements--savoring, dailygratitude journal, random acts of kindness, social connection, exercise, sleep, meditation, and gratitude letter/visit-- have continued to do now. I found that the best performing is savoring, the worst is random acts of kindness. What has formed a habit is exercise.What needs to be improved is social connection and daily gratitude.There was no clear execution plan at the beginning. It was not until two weeks ago that I saw the theory of individual development plan(IDP) which I realized that I still continued the arbitrariness of the past. Fortunately, I have a habit of recording slowly. At the same time, recording will also promote my own reflection and progress, so I stumbled on and persevered. Generally, every Monday, there is a goal to be achieved in a week and the corresponding plan. I will look at the records to detect the deficiencies in the process. This somehow makes up for my shortcomings of arbitrariness and inertia.Through the record, I realized that if the plan was completed and it was calculated by ten points, I probably reached about seven points. Fortunately, when I am at home, I have enough time. If I have been busy in the past, I’m afraid my best is half of it. Comparing the scores of the questionnaire at the beginning and the present, and the slowly-perceived changes in mood in daily life, this course brings many good effects, specially savoring pleasures at present moment, doing meditation often. I have less anxiety. To quote the following, encourage those who are interested in Well-Being to move forward together.Savor pleasures and live in the present momentMake physical activity a habitAre deeply committed to meaningful goalsAre often the first to help othersNurture and enjoy social relationshipsAre comfortable expressing gratitudePractice optimism about futureWe can take deliberate control of how we act and think through intentional activity.From: Lyubomirsky(2001); Diener et al.(1999); Myers(2000), Diener & Lucas(1999); Argyle(1999)."
26,1,"Great Introduction to Data Science and R Programming This was a great introduction to Data Science and R Programming. I learned about what data science is; how to install R, R Studio, and GitHub; how to install and use R packages; proper forum etiquette; how to create an R script, save it, stage it, commit it, and push it; how to link an existing project with GitHub; and R Markdown. I am starting to appreciate the power of R and cannot wait to dig deeper! I learned so much! One recommendation I have for the course is having more variety in the quiz questions available. I noticed that the questions from the weekly quizzes were just repeats of questions from the practice quizzes."
26,2,"I think it is disingenuous to rate the Data Science Specialization at Beginner level while the R Programming course being rated at Intermediate. It is really a course for experienced programmers. While I have *some* programming background (I won second place in an International Curl Programming contest in 2001), I think professional programmers would have a much easier time with it, although in looking at many online reviews I see professional programmers struggled with it. It did shake the rust off my coding skills, although if I were back in programming instructor mode I would keep the assignments, which were excellent, and work backwards to devise lectures that better supported them, and provide simple exercises that develop the skills needed. I found that I spent about 35 hours on week 2 between lectures, the assignment, and test, with almost all of that spent on the test. As a busy mature adult the extra 30 or so hours was very unwelcome and I think quite unfair in terms of the stress load of making me wonder if I was going to make it through the material. In looking at many course review comments I see I am not the only one. You need to even out the workload.When I was teaching JavaScript and Visual Basic at a university from 1999-2003 I found that stepping students through some examples then letting them solo on slightly altered examples while providing support if they were really stuck, then giving them more challenging examples to test their skills, was a very effective plan and helped them maintain their self confidence in the material. You could always give ""Challenge"" questions that differentiated between the B-plus and A-plus students that force them to develop their hacking skills. Unfortunately, I can't recommend your course until you improve the lessons in the manner I've described."
26,3,"The course is divided into 5 sections, each of which you have a week to complete (if you want a certificate). The first 4 sections/weeks are well designed and involved a mixture of lectures (most were good), reading assignments in a textbook (free online access), practice problems, and a weekly quiz. Along the way students learn how to use R through a handful of walk-through examples. In general this works. That said, the last two R assignments are a mess. For the 4th week, the instructors put together a demonstration for using R to ask and answer some basic research questions. The document they put together for this demonstration, however, is so full of typos and grammar mistakes, and worse, heaps of nearly incomprehensible sentences and phrasings, that it is almost worthless. It was really painful to get through it. The final R task is to work with a real-world data set, ask a few research questions, and use R to do some basic statistical analysis of the data. Working with a real-world data set is great. That said, I felt as if the instructors were asking students to do far more with R and statistics than we had learned in the class. I saw many similar opinions about this assignment online. And in grading my peers, I noticed that other students didn't know how to complete the project either."
27,1,"Most of the stuff is explained quite well and I managed to understand it. I am quite satisfied overall and I am glad I completed the course. The exercises, however, were somewhat boring. I wish there were some optional exercises that are more challenging and require you to solve more realistic problems. I also wish there were more additional materials with more in depth theory and examples of how they use these concepts for solving problems that are actually of some use. I feel like these improvements would make the course much more interesting and engaging."
27,2,"I just wrote something about the course allowing the student to access a few various coding exercises (that act, look and feel like the real practice graded exercise) that could appear before each of the chapter graded test exercises. I know that it would require more content, but it would loosen the student up just to have some super simple practice exercises for each chapter that aren't graded so the student could just to get used to typing variances of code (mostly all the nuances of syntax) and allow them to repeat the same code layout in a non-judgmental way just to see if other variances of similar code could produce a very similar outcome. I don't know if this makes sense... I guess in a nut shell, just letting the student goof off more and try coding the chapter exercises in different ways??? :)"
27,3,"Great course, exercises are good to practice by yourself"
28,1,"Excellent as always from the superman himself, Andrew Ng."
28,2,Excellent Course.. Andrew Ng is great.
28,3,Prof. Andrew Ng has done it again! Great course!
29,1,"This course gives a very good intuition about the basics of Artificial Neural Networks and good practice on using a shallow network, 2 layer network and a multi layer Neural Network."
29,2,A good introduction to Neural Networks
29,3,The course gives a good introduction about neural networks and designing the neural network from scratch.
30,1,Its a good course. Helped me improve my writing skills
30,2,"This was a very helpful course. I learnt punctuations, transition words, conjunctions, essay writing, parallel writing and various other topics that will improve my writing style. Initially, they asked an introductory question which I was facing some trouble to write. But after this course i feel confident in writing, not only an introductory paragraph, but any paragraph or essay."
30,3,this course very help us to improve our essay writing skills
31,1,I learned lot about GCP
31,2,Good btoad overview of GCP Concepts and services
31,3,very good course for k8s in GCP.
32,1,One of the best course for IT support Specialist.
32,2,I really enjoyed this course. It was a great introduction into the world of being an IT support specialist.
32,3,"Being an IT engineer pursuing my B.Tech. , I'm always curious to know what an IT is. I always ask myself what will I do when I graduate and here this course has worked wonders for me. This course has led me into the world of IT may be virtually but that's not for me but it led me into the real world. I have now great chances of being an IT Support Specialist when I pass out of my school. Now talking about the most interesting thing I learned in this course, I learned a great deal of things such as Digital logic, Computer architecture layer, OS , Networking, creating folder in windows and linux with the help of QwikLabs was the most exciting part of it. Installing, updating and removing software was also an amazing task for me. Coming to the last week of this course, troubleshooting and its best practices, what are the soft skills we need to possess in order to provide a good customer service as an IT support specialist is the best topic of this course. Knowing how to get through a technical interview and crafting a good resume should be given the utmost importance.A great journey for me !Finally, I'm looking forward to taking the next course in the IT Support Professional Certificate.Thanks !"
33,1,The best MOOC ever taken
33,2,My first ever MOOC and it was the best.
33,3,Best MOOC I have done so far in my life.
34,1,"One more brilliant course by Professor Andrew Ng. It covered all important topics in model training and testing and hyperparameter tuning, ending with an introduction to TensorFlow. But even though Professor Ng stressed that the choice for a Deep Learning framework should consider the belief that the company supporting it has a long term commitment to keep it open sourced, he doesn't explain why he believes that Google will do so with TensorFlow. Even though I've been dealing with TF for a couple of years now, having complete both AI and Deep Learning Nanodegrees at Udacity, I still struggle to understand its cryptic innings. I hoped that Professor Ng could bridge that gap, but unfortunately that was not the case. Maybe in later versions of this course he can explain a little better how exactly TensorFlow works - we know it does, but it is very frustrating to depend upon tons of Stackoverflow queries to get syntax right and build even simple models. Thanks God he uses Keras in later modules."
34,2,"After taking Andrew Ng,s truly excellent 5 course specialization, I was hoping that this followup specialization would be at the same high level. In my view (and I am sad to say this) the present course doesn't live up to that expectation.Of course you could still learn something useful, mostly a selected part of the Keras API. The instuctor is friendly and explains some of the basics of convolutional neural networks. If you are willing to experiment on your own (run the code longer on Colab, play with the hyperparameters, etc) then you get more practice and certainly more out of this experience. Keras has a lot of good tools. For more advanced students going directly to the TensorFlow tutorial website is also an option (and it is free).Overall the course seems a bit rushed, while it has the potential to be better. Let me suggest adding more basic materials to solidify knowledge (for example practicing hands-on image preprocessing before teaching the Keras preprocessing API and overall more experimentation with images). Also adding more exercises on more diverse topics (GAN's, face detection, variational autoencoders, object detection). There are also some minor issues (easy to fix): for example right now in the Week 3 HW the prepared callback teaches the students exactly the wrong approach. It stops the learning cycle when the training accuracy improves over a certain threshold, instead of checking the validation accuracy. That is an unfortunate mistake to make in a week that discusses different ways to avoid overfitting."
34,3,"I am quite disappointed with this course. First, it should not been called ""Introduction to TensorFlow"" but ""Introduction to Keras"", which is a TensorFlows' (TF) API that entails a higher layer of abstraction. Basic data structures, estimators, graphs, etc. are not explained through the course. Second, video lessons are too superficial and lack of content. They remind me to those of the Machine Learning Crash Course from Google. That is, as an opener/introduction for Deep Learning (DL) are fine but they are far from being an essential training tool in DL (unlike the Deep Learning Specialization here in Coursera). Finally, content is too basic. This course requires an intermediate level, so students are supposed to be already familiar with basic DL concepts. I understand that this first course within the specialization is an introduction, but I just begun the next course (Convolutional Neural Networks in TF) and it is more of the same. Laurence is still working on the binary classification problem and only at the end he treats the multi-class problem. Instead, I was expecting to implement CNN models like ResNets, Inception networks, and applications like object detection or face recognition in TF (not in Keras). For me, it is not worth spending time and money for what you learn in this course. The good part is that, because videos are short and exercise are easy, you can finish the whole course in just one week (or less if you are 100% working on it)."
35,1,nice explanation and easy to understand
35,2,Excellent coverage of the topics. Concepts were made clear and easy to understand.
35,3,"Very clear explanation and details are quite exhaustive, all the minute details are explained in detail in simple English. Nothing is taken for granted during the explanation of the concepts."
36,1,"I got my certificate completing my course with 96% of accomplishment. I am so excited and happy to achieve this step and just from the first attempt. Before the course, I was alien to the social psychology field, even though it had attracted me much. I am a political observer, and after a while of being in this field, what I found to myself my work doesn't satisfy me in its evident form. Policy, economy and culture - the fields linked to people, need a psychological approach. Trying to find answers to all inconspicuous through social psychology, we can actually understand the reasons standing behind the hidden curtains. There are a lot of problems that need different approach precisely by exploring the psychological factors. Our world is a picture of our thoughts. If we people feed our thoughts and feelings with hatred and offence we will cultivate villainy and atrocity. Unfortunately, we are aware of our fundamental essence what is created by God. I cordially believe in one person's power. I believe in one step, in one opinion, in one insight and in one perception. A building is starting from one brick. We are all humans that one brick of colossal construction. I summarised what I have read and watched throughout this course, that helped me a lot in constituting my life roadmap, came to the conclusion that actually all researches are based on the principle of one man and one decisive step. It was a miracle journey to my inner me, my self-world. I warmly thank Prof. Scott Plous for his comprehensible and smooth style of narrating and rich sources presented for student's use. I recommend this course to all who wants either discover to understand ""Who am I?"" or predispose to make a significant and salient step in their life. My sincere respect and best wishes to Prof. Plous and all Coursera staff! Thank you for such a fantastic journey :) Best regards, Afsana Ibad Mammadova"
36,2,"This is a great intro course to psychology, which kind of accomplish my dream of being a psychology student. The course gives a general structure of modern psychology. Besides that, it gives how it becomes modern psychology. Also, Professor Bloom is so knowledgeable, I wish I can take one of his class at Yale some time in the future"
36,3,"I am grateful to have had the opportunity to take Introduction to Psychology with professor Paul Bloom. It was an engaging and challenging course, and Professor Bloom has extensive and impressive knowledge of the subject matter. I have learned many new concepts and now understand how to listen and read the assigned materials more thoroughly. I would recommend this course to anyone who is considering pursuing psychology as a major. This course provides an extensive but condensed look at what to expect in other psychology courses."
37,1,Amazing! thank you for the opportunity!
37,2,it was good.Thank You SIr
37,3,I really loved it! Thank you so much for this amazing work!
38,1,"This is one of the most terrible courses on Coursera. Thank God I received it for free and wasted no more than 3 days. The instructor cannot impart knowledge well. The course itself is not meant for beginners. So be careful before wasting your time and (money). The presentation is sub-par. What the instructor writes and speaks can only be understood by him. Somehow you will be able to drag through two weeks of material. But when you reach the third week, you will realize that you have wasted your precious time. The formulas are just rushed through. And the new terms are not even explained before being introduced. If you are not fond of complex calculations, kindly opt-out. Don't believe me? Check out the discussion forums, the people there have no idea either. They just type random stuff to see what others are typing. The instructor's accent (Indian) makes it worse. And trust me, this review is coming from an Indian. I don't know what's it going to take for me to convince you, but the fact that it was pretty low on ratings on classcentral.com and other things should give you a clue. Also, I wouldn't waste so much time to convince you guys. It's not worth it, even for free! To be honest, this course makes a mockery out of Darden School of Business. Check out other courses from lower-ranked colleges, you will be surprised how fun it is to learn using MOOCs. Thank you for reading such a long review but I think everybody should know what lies ahead!"
38,2,"It really was a different perspective to mathematics, and I enjoyed working with proofs and entering the world of mathematicians where even simple problems may have rigorous proofs. It was novel to view how these fundamental proofs have shaped the current state of mathematics today. Dr Keith Devlin was very efficient at teaching and I understood everything in the course and trusted his method even when the beginning weeks were very simple because he felt really knowledgeable and reliable. I would recommend this course to anyone who is interested in mathematics or wants to explore another side of mathematics that we wouldn't ever see in school."
38,3,"I took this course as a refresher for maths rules I had seen in university, so my experience does not relate to those who will encounter this topics for the first time. I honestly do not recommend this course to beginners with no background in mathematics, because there is not much space given to theoretical explanations of the principles here. The course feels more like a quick slideshow of rules (logaritmic manipulations, exponential manipulations, conditional probability manipulation) followed by exercises to practice them. This is a stark contrast to my University Experience, where mathematics is about principles, logic and the demonstrations that underly theorems and their validity (e.g. ''why is the formula for combinations of ""m draws on a set of n"" built this way?''): deep study of these topics provides students with the mental skills to build a MODEL of whatever they come to face in real life. You may forget the rules, but those can be freshened up by a course like this. To build Logical and thinking skills instead requires a deeper understanding of mathematics and its underlying principles. I hope the professor who recorded this course will look forward to an opportunity to devise a deeper mathematics course to tackle these topics. Good luck to all fellow learners and thanks to Coursera for this opportunity!"
39,1,Not so good as the first course of the specialization
39,2,Gained a lot from this course. Looking forward to take up all the other courses in this specialization as well. Thank You!
39,3,great as all other course in this specialization !
40,1,Learnt a lot ! Thank you!
40,2,"this really helped me a lot I learned many new things, thank you for teaching me how to learn!"
40,3,Learned about a lot of new things. Thank You very much.
41,1,A good Course for Project Planning and Management
41,2,Good introduction to Project Management!
41,3,Good course to learn project management
42,1,"A perfect course to get familiarized with coding. The instructors are just fantastic! They keep the course fresh with posting to the forums regularly and with holding live hangout sessions. There are also interview videos with professionals about interesting IT topics. The course videos are understandable and the topics are clearly formulated. The course helped me understand the foundations of coding, which two semesters of university courses could not accomplish. I am really satisfied with the knowledge I got and I will continue learning to code. I definitely recommend this course to anyone who wants to start a journey into the world of coding."
42,2,"The course was pretty good for a beginner. The instructor was very clear and explained all the concepts in a very easy to grasp manner. However, the entire course could do with more coding exercises. Concepts such as joins, group, etc could be better understood if there were more exercises. Also, during the coding exercise (at the end of the week) it would be really helpful if correct answer and an explanation would have been provided. Having said that, its really good for beginners and I would and have recommended this to others."
42,3,"I enjoyed this course, and the learning materials and instructor is great, but I felt that quite a bit that was covered (like the Twitter URL and API) required me to accept a number of principles/code that seemed to be a lot more complex than my beginner level could really engage with. When the assignments came we were given sample code that was 80-90% usable in our assignments. I did not feel like I was learning as much when I did not have to write my own code but just changed one or two lines...I also did not feel comfortable to attempt my own version as there were so much (given) code that I understood the reasons for but not really how to use it differently myself."
43,1,"The flow of content is great in the first two weeks and the final week. However, week three, despite Prof. Bell's enjoyably jovial demeanor, seems to drag on forever. Week three takes you totally off the rails with its missing content (cut for the sake of shortening the duration of the course, but done in a way that leaves a lot to be desired) and its lack of sufficient transitions and connections between topics. Professor Kahn's lectures were my favorite, due to her clear way of explaining concepts and giving multiple examples that very clearly demonstrate her point. Speaking of examples, this course could also use a overhaul to bring it back up to date. Five years may not seem like a long time, but that's practically decades when it comes to marketing communications! Overall, this course is a great refresher for those who've studied ad/IMC/branding already, and a good starting point for those just getting into the field."
43,2,"I have really enjoyed this course. I did my MBA in marketing around 17 years back and have been working in the finance function for the last 15 years or so. It was really nice to refresh my memory on marketing strategies and tactics, but the most important thing I learned was how marketing concepts are changing from mass to an individual. It is happening all around me right now and it was very exciting to see how it works. I hope I will be able to share this knowledge with my marketing colleagues and ask them to do more of individual marketing through Customer Analytics. Thanks, Corsera & Wharton team for providing us with this wonderful opportunity."
43,3,"This was my first course on Marketing. It was great experience, learning new concepts of real world marketing. Moreover, the course was very well explained by faculties. I will recommend such courses to my friends too who are looking to find their career in Marketing. Lastly,Thank you coursera."
44,1,"I don't usually submit reviews, but it was very surprising to see so many negative reviews for this course. I want to clarify this for the others who are skeptical about taking this course. Please go ahead and take the course, because this course is THE BEST in Networking for beginners. Yes, the course does involve the instructor talking a lot, but it also has animated slides representing whatever he explains and practical tests to implement whatever knowledge you have gained. It is very important to TAKE NOTES and revise, and not simply watch the videos because nothing is going to get into your head by doing so. It is an entire subject and has been taught in an excellent way, you can't expect yourself to remember everything just by simply watching the videos. I was very scared of Networking until I landed up in this course. I love it now. It just takes some interest, patience, understanding skills and taking notes to complete this course successfully. I did not get an opportunity to study Networking in college, but really needed to learn it as a Computer Science student. I am very grateful to Coursera and Google for offering this amazing course, that taught all the basics that is needed for an undergraduate student to know. Learning the same syllabus in college would have taken an entire semester, but I got done with it in a week during this quarantine period. I wasn't planning on taking the entire specialisation because my aim was to just learn Networking. But now I am very eager to learn the remaining stuff too!I would like to specially thank the instructor Mr. Victor Escobedo, who is the best course instructor I have ever come across on Coursera! The eternal smile on his face, friendly tone and frequent Networking puns make the course all the more interesting and easy. All the other Google employees who made special appearances in this course also seemed so cool, that made me wonder what an amazing experience it would be to work with such people around everyday.Thanks a lot to my instructor Mr. Victor, Google and Coursera!"
44,2,"I learned in this course about computer communication protocol, OSI networking model, subnetting, routing, firewall, DNS, DHCP, VPN, WAN, wireless networking, IPv4, IPv6, the cloud, and troubleshooting network problem."
44,3,The Bits and Bytes of Computer Networking is a great experience and part of what makes it great is the exceptionality of the Lecturer. I have an interest in Computer Networking and this course filled all my expectations.
45,1,"Instructors are passionate about the subject, which makes the class quite inspiring. I feel many points/techniques that are needed to complete assignments are left out due to virtual nature of class, short length of course, and extreme class size. There are just too many important nuggets of info and courses you need before even attempting this course. I really recommend watching a lot of PhotoShop and InDesign videos and tutorials so you can turn in sharper images for assignments. The peer grading system is HORRIBLE. I will spend hours of time completing a project to make sure I meet all requirements of an assignment, only to receive a horrible score and have it torn to shreds by ""fellow"" classmates. You are given the opportunity to resubmit your assignment for a better grade, but just be aware that some classmates are not taking the course seriously, nor are they upholding the supportive spirit of the course. Then there are more experienced or overly opinionated peers that will leave quite nasty remarks knowing this is a ""beginners"" class. Art is subjective, but a lot of students will take off points because something is not their taste. Most of your peers are supportive in this course, but the bad apples can make for a very sour experience.Overall, I give high marks for the instructor, though it is VERY theory driven, not even technique driven instruction. The assignments are very project based, and it would be more helpful to show plenty examples of the templates we will need to complete in the lectures and how to go about completing them. This course is currently best geared towards quite experienced graphic designers looking to get into UX/UI design, but not newbies like me. At the very least, I am now aware of the educational holes I need to fill before attempting further UX/UI design training."
45,2,"Professor was great but peer review grade from peers, who upload stolen music from Bollywood films, to make me resubmit my project 4 times is ridiculous. Grade based on one peer review, and that from someone who violating copyright uploading something that isn't his, for both assignments, or from another who uploading notes from course not music, or third who rating bad saying I should record louder though there's clearly told not to rate recording quality but playing, without any point where we can request that grade to be checked by professor, Coursera staff, or admin, other than to hit report button for that person's work, and then to again resubmit own, hoping that next peer review will come from someone who didn't come here to make a mockery of this course but to really learn and grade other learner. Neither peers read how to give grade and based on what, nor their own projects are on topic, nor appropriate files, plus uploading copyright and stolen material from films, notes, and totally unrelated songs. Paying for a course to be forced to resubmit repeatedly the same files over grade from people who misusing this place, making it look like a joke, uploading stolen material for own works. I have never seen such poor course ending ever, and though my score is 100% on all other tests, this resubmitting because of some who clearly trying to cheat the system, yet giving bad grades to others, really made me decide never to use Coursera again."
45,3,"The course content and the way Cory Augustine presented the demos and tutorials were very engaging. There were however techniical glitches that were annoying. Some pages of required reading would not load and instructions how to upload assignments are not very clear. It wasnt stated very clearly to me that the final assiessments track 1 and 2 were either or choices. I was in the process of working on track 2 when i was notified i had completed the course. Most disappointing to me is that there is no feedback concerning how well i reviewed my peers essays. There is also a workflow flaw in the grading page for peer review of essays. The grading section appears BEFORE the box for comments. When you complete grading and hit SUBMIT, you will lose the chance to type comments and post them to the student because the comments box disappears. i think most people do not realise this so many students may receive a grade but not the comments. With the current system, the comments must be typed and posted , BEFORE completing the grade marking. You will also not see the POST button until you start typing comments. This page has got to change. i realised this problem because i reviewed 3 essays and experienced the problem with the first essay i graded. It was a shame because this student did remarkably well but did not get my comments. For the other 2 i, i posted the comments before submitting the grades.I received 95% grade for my ownessay. When i referred to my assgnment page for more details, i discovered that the box for 90% had been crossed out in red and "" 95% tie"" typed in. Was this change made by a mentor/administrator? i do not see how we have ant option to give grades other than those predetermined."
46,1,It is a great class
46,2,"Great class, learned a lot."
46,3,"Very good class, I learned a lot"
47,1,Its really a good course of Probability and statistics for beginner.
47,2,The Introduction to Probability and Data course is a nice step into the world of statistics and a good refresher course for those of us rusty with statistical concepts.
47,3,"For an introductory course in Probability & Statistics, this course ticks all the boxes. It introduces to majority of the concepts, of course without going too much into details. But this course ignites the curiosity to learn more in various fields, such as probability distributions, descriptive statistics concepts, decision tree, Monte Carlo simulation, etc. And finally, a big thanks to Dr. James Abdey for his efforts in delivering this course. He must be popular among his students in University of London."
48,1,"Owing to Mr. Corey D'Augustine's lectures, I learned a lot about noted artists in Postwar Abstract Painting including Willem de Kooning and Mark Rothko. He taught me not only their famous paintings but also their techniques and materials they used. Especially he actually demonstrated each artist's painting process, which helped me to know how those artists worked on their paintings and what they wanted to create through their works. I think next time I visit a museum and see a work by one of those artists or of other Abstract Painting artists, I could appreciated it from more wide-ranging points of view. Thank you Mr. Corey D'Augustine and MOMA for giving me a chance to take this course."
48,2,"Extraordinary class! A self-taught artist of eight years, I found I didn't really ""get"" abstract expressionism. This course as presented gave me a much deeper appreciation for the historical impact of this movement as well as a greater understanding of techniques employed, thanks to Corey D'Augustine's weekly ""In the studio"" video sessions. In fact, those videos, in particular, gave me the confidence to work in oils, which I had never attempted before, and validated my own instincts in working in the abstract world. What's more, the readings and images studied by these seven artists informed my appreciation for the AbEx movement and, hopefully, my ability to not sound like a dumba$$ when discussing AbEx or other forms of art as the course also provided a deeper introduction into technical terminology and evaluatative (is that a word?) procedures. I highly recommend this course to those artists wanting to enhance their works, and also to those on the critical / commercial side of the art world seeking to deepen their understanding of the AbEx movement and become more informed about different painting processes in general."
48,3,"This was my second attempt at a Coursera course and it widely exceeded my expectations - the first was in a technology arena and the technology for doing homework assignments never worked. This class is exceptionally well thought out and executed, particularly for someone such as myself who has never had any painting experience. Corey D""Augustine has that rare gift of an instructor who intuitively knows what the student needs in order to advance through a concept. The class begins with the absolute basics, starting with how to stretch a canvas, prime a canvas and then through the different types of paint and tools needed. The class progresses to increasingly more complicated forms of painting in the style of postwar abstract expressionism.I thoroughly enjoyed how each week progresses through one artist after another with the opportunity to do a painting in the style of that artist. Each module does a superb and consistent job of presenting the artist's major works, the philosophy and history and then the techniques through a demonstration. It is great to be able to upload a photo of your effort and then see and react to what other students have done. The quiz at the end of each module help to reinforce the lessons learned for that module.In the end, I found that I could paint paintings in the style of the postwar abstract expressionists - something I never thought possible. To the student with little or no experience with painting, especially oils, the mere mixing of paint and applying it to a canvas can be intimidating - this instructor effectively moves the student away from those hesitations. More importantly, I will likely never look a painting in a museum with a more critical eye than I now have for this style of art and, I can now articulate why I have always enjoyed this period of art history. Well done Corey!"
49,1,Really enjoyed the course. Learnt a lot.
49,2,I really enjoyed the course. I learnt a lot of things from this course.
49,3,I really enjoyed that course where I learned a lot!
50,1,Excellent course to beggin to learn chinese
50,2,"This course is good for people who want to learn intensive chinese. especially for people who likely to travel to China or even having a chinese friends to talk with. I'm have learned a lot of chinese words and phrases , and I'm pretty sure that it will enhance my language skill for the work position in the future. Thank you. xie xie"
50,3,it's so good for beginnesr to learn Chinese
51,1,Simple course to understand Covid-19 pandemic
51,2,"This course is very helpful especially in the times of Covid-19. It helps you to understand endemic, epidemic, pandemic and outbreak. Also explains about quarantine, isolation, social distancing and the US laws behind it."
51,3,This course helped me to know more about corona virus and covid 19. It provide lots of information that we should take during this pandemic situation.
52,1,I am really enjoying myself while in this course.
52,2,its really an amazing course!!! loved it
52,3,Really enjoying this course so far.
53,1,This is one of the best courses I have taken on coursera. This course will really help one to understand the nuances of clinical research by enabling a strong understanding of statistical concepts commonly used in this research. Dr. Juan is a great teacher and he takes you through different concepts in the clinical research by bringing on examples from published research articles and also highlights how these concepts were applied to conclude the results stated in the article. Thanks alot Dr. Juan for this course
53,2,"best course on DM for Clinical Research, however the videos are rather monotoneous"
53,3,Concept of public healthEssential of global health
54,1,Best course for learning Grammar and punctuation.
54,2,It is a very useful course for learning grammar and punctuation
54,3,This course really teake you step by step through the English grammar and punctuation
55,1,"This is an excellent course! I completed it during the ""lockdown"" due to the Corvid19 as I have had a lot more time on my hands, and it has been a wonderful experience. Craig Wright is a fantastic teacher and the course is extremely well put together with a really good combination of music, music theory, biographical information about the composers profiled and general art history too. I used to play the flute, and the course has inspired me to pick up my flute (for the first time in over ten years) which has also been a lot of fun. If you have any interest in classical music, I wholeheartedly recommend this course."
55,2,"I feel Professor Craig Wright offers a comprehensive, varied, accessible and fun overview of a very large subject, starting right at the beginning of musical history and bringing you up to the present day. He uses a wide variety of visual and audio resources including relevant works of art, architecture, artefacts, sketches, quotes from historical documents, surviving musical scores, music recordings, videos of live orchestral performance, music animations, costume, period instruments and interviews with musical colleagues of his who are able to share their expertise. In addition to all this he offers us his own photographs from his pilgrimages to cities such as Vienna, which adds further to the course's personal touch. What comes across throughout Wright's course videos is his immense love of, and desire to share that love of classical music, which for me is a major factor in what makes the course so appealing. I also enjoy his sense of humour and efforts to appeal to a younger generation (Wright is in his 70s). At more than one point in the course he adopts fancy dress to reflect the period he is exploring. A highlight I feel is when the course features a clip from one of his lectures at Yale University where he enrolls some colleagues to enact a scene from Don Giovanni in which Wright plays an angry father, slain by Don Giovanni in a duel. It is a touching (and amusing) example of his good humour and ability to have fun with his students. My only criticism would be his own piano playing which is often rushed and inaccurate, but I feel this is largely due to the time constraints of filming the videos. By his own admission, he realised early on in life that he was not up to the challenge of being a concert pianist - he is primarily a musicologist, not a pianist. Every piece of music touched on in the course is available via the course Spotify playlist (extremely helpful) so there is no difficulty in listening to professional recordings of all the pieces discussed.I would highly recommend this course to anyone seeking a background knowledge of the evolution of musical history."
55,3,"Professor Craig Wright is learned, curious, entertaining, and innovative in getting us to the core of meaning and theory and techniques of classical music. I immensely enjoyed the course, in particular because I love art too, and Professor Wright often demonstrated music in a visual, artistic way! He is a great teacher!Russell Endo[novice to classical music]"
56,1,Good for beginner. Very easy to follow.
56,2,Good for beginner and easy to understand.
56,3,Very good for the beginners and it very easy to understand.
57,1,"I will definitely recommend this course for a beginner, who has no previous knowledge about MATLAB.The instructor Mike Fitzpatrick is awesome, I admired him. Gained a good knowledge from this course. thanks to Coursera and vanderbilt university..."
57,2,"Excellent experience of learning Matlab Programming and the course is elegantly designed to cover most of the concepts in Matlab. Through the video lectures and homework problems one can master most of the commands in matlabs. Prof. Fitzpatrick is the finest teacher I have come across, who made the course so interesting and made to look simple to understand which is not in reality. I never imagined that I could solve the homework problems and it was only possible by the Mentors guidance particularly Pauls posts. I take this opportunity to thank Prof Fitzpatrick, Prof Akos for designing such course which will be helpful in solving many scientific and Engineering problems and I am looking forward to use Matlab extensively.. Thanks to Coursera for providing the platform to experience the best course from the globally reputed University to many people."
57,3,A very great first course of MATLAB programming!
58,1,great content and very easy to follow
58,2,"GOOD CONTENT, easy to understand"
58,3,Good content and easy to follow
59,1,A lot if very good information and presented very well.
59,2,"Really informative, and very easy to understand."
59,3,"Informative, interesting and engaging, highly recommend."
60,1,is an excelent class the american law
60,2,"An introductory course that provides an overview to a few major aspects of American law, including contract, tort, constitution, property law. Important cases are incorporated to help illustrate fundamental legal concepts. I appreciate that the course puts some highlights in the comparison between the laws of American and laws of other common law jurisdictions, so even law students/legal practitioners from other countries could gain some insight."
60,3,Good overview of American Law.
61,1,"I joined this course right after finished the "" learn how to learn"" course. Both of them are great and beneficial for me. It provides many new and useful tools and methodologies to improve my learning and development. It also gives me some breakthroughs and motivates me to explore new activities that I have never experience before. Key concepts are introduced in this course can help me to solve a problem I face during learning effectively and efficiently. The quality of materials is advance and very convenient. We also saw what happened behind the science and understand how the course was prepared. Thanks Barbara for dedication, passionate and humanities"
61,2,"This course is potentially useful to anyone at any age from any background. There are useful tools in this subject matter that can help most any learner learn any subject more easily whether in an academic environment or a non-academic environment. This course is more than a self-help course because the course lays a foundation as to how to learn any subject matter. Because this course is contemporaneously based in scholarly and scientific research, social science, and especially brain science, the learner is benefiting from some of the most recent and sound knowledge available without pedantic complexity. This course takes some very complex knowledge and makes that data easily accessible to most learners such that the learners may become self-actualized. This course can be truly transformative in nature because this course will change a learner's perspective about how to learn anything and change a learner's perspective about one's self. This course is not snake oil. I know because this course has changed how I learn and changed me as a person. In short, this course has positively changed my life."
61,3,"Excellent course, provides effective tools to master any subject based on basic principles of knowledge of the functioning of the learning process in human beings, bases its theories on scientific research of great authors, collating this information with the own experience of teachers who give the training in the course, I appreciate the ease of training, the ease in which these processes reach many places in the world, available to those who wish to learn or expand their field of knowledge. The methodology is adjusted to the conditions of each student, the intensity and frequency in which they can access the courses is determined by each person, the learning process is easy and effective, opens the mind to new knowledge while allowing to strengthen the existing, as well as face new challenges with greater tranquility and security in itself.Many thanks to all those who are part of this process and make it possible to diversify knowledge by improving the quality of life of the people who take these courses as well as the well-being of their families."
62,1,"Amazing Content !! Learn a lot about Computer Hardware, Software, Operating Systems, Networking and Troubleshooting."
62,2,"Very well explained especially for students that have no knowledge about computer hardware, software or computer science."
62,3,"I can't praise this course enough! It transforms your working knowledge of computer systems into a clear picture of what is happening behind the scenes. In this part 1 of the course, I learnt how basic gates are used to make more complex chips such as ALU, CPU and Memory. This helped me understand the application of Boolean Algebra in computer science. Next, I understood how instructions are executed on the computer and that computer architecture design is quite complex (although a simple one is presented here). Week 5 assignment is the toughest, in my opinion. Finally, the course ended with an assignment to write an assembler (something I have been wanting to do at least once in my life i.e writing translators). The satisfaction level for this course is a 10/10."
63,1,Great course. I learned a lot.
63,2,Great course ! Learned a lot !
63,3,Great course I learned a lot from it.
64,1,"As a recent immigrant to Canada I don't know much about Canadian history, let alone Indigenous history. I thought this was a fantastic introductory course to begin to understand the complex groups of people who make up this country. It has definitely inspired me to seek out more information on Indigenous groups local to me and other places I travel in North America. I do think it was a bit generalising at times but the hosts acknowledged they couldn't talk about every nation in Canada in depth so I am happy to forgive this. I would have liked to see more pictures in the Art course but I now have the suggestions to look these up in my own time. I also thought it was very helpful to learn what certain terms actually mean, e.g. First Nations vs Indigenous, because this is something I have not quite understood since I arrived."
64,2,Great job communication current issues and history on indigenous Canadian history! This is the stuff they should be teaching in schools across Canada.
64,3,"Wow! What a course and what a journey. I want to thank U of A Faculty of Native Studies for creating this course online for many people to access and expand their knowledge and experience with Indigenous peoples of Canada. It is a very well-rounded, knowledgeable, and critically reflective course that takes the student on a journey of the true history of Canada through Indigenous perspectives, views, beliefs, traditions, ways of knowing and being, political entity, relationship to mother earth and the vital foundation of how this country has come to be and how interactions between cultures of people clashed at first contact which are the underpinnings of so much trauma because colonialism, assimilation, and oppression which are still prevalent within Indigenous families and communities today. The beginning of Canada started with and will always be a story of the First Nation Peoples who were inhabiting this land before settlers crossed the ocean. The legacy of Canada will forever be grounded within the Indigenous People's community. Thank -you, again, for your expertise and immense knowledge. I will be telling people about this course in order to understand the history of Canada and to propel truth and reconciliation with Indigenous Peoples."
65,1,"The course is awesome and hold immense value for anyone who is new to the field of Computer Science or just wants to add to his or her repertoire the amazing world of Algorithms. Algorithms are the basic tool of any Computer Scientist and are still in constant demand and development. The course develops the knowledge of this very important topic starting off from the basic and slowly but steadily building towards the apex.That said, the course sometimes becomes a bit heavy and multiple reviews of the same video is needed to completely understand a topic. Algorithms is not a topic made for spoon feeding and this course treats it this way.The professors are awesome, each one with their own idiosyncrasies which is both fun and interesting at the same time. The level they go to to make a topic clear is appreciable. On this note I would really like to mention Prof. Alexander Kulikov for his brilliant way of teaching and making each topic his playground with his real life scenarios and ""toy examples"".Overall, this course has blown me away. Thanks to all that made this course and in the end thanks to Coursera."
65,2,"Overall I feel the depth of the information and difficulty of the assignments is well balanced for a free online course. With barely any high level math knowledge I was able to complete the course fairly quickly. Even though the notation was sometimes hard for me to read and decipher. I appreciated the explanations in text form a lot (the lecture notes and the programming tutorials). They really helped tie the whole thing together. Sometimes hints in the pdfs for the exercises would confuse me rather than help me.I think professor Ng is a good teacher. Pleasant to listen to. The explanations in most of the video were fairly easy to understand. Going over graphs and visualizing what was going on was really helpful in understanding the algorithms.I really like the practical tips as well, where it was explained how to analyze performance of an algorithm and what can be done to improve it based on clear metrics.Thanks to all those involved for creating this course. I feel I understand a lot more than I did before I started but I also know this is just the tip of the iceberg."
65,3,"Algorithmic Toolbox consists of a series of slides containing slimmed down explanations on introductory algorithmic concepts, followed up with programming assignments. The slides are the centrepiece of the course, as the presenters rarely stray from the bullet points and pseudocode they're comprised of.I learned a lot during this course. Although, to gain confidence in your knowledge, this is a course that will require you to seek out additional materials to supplement your learning. Perhaps unsurprising being an introductory course, but the presenters struggle when faced with setting expectations. Throughout the course presenters often gloss over fairly complex concepts, treating them as they were trivial knowledge. This applies to mathematical definitions, proofs where most steps are skipped, tree diagrams without the context of their underlying theory, or bullet points used in place of what could be detailed explanations.All material is left equally weighted. Rather than providing explanations like: ""We don't need to go into detail on this, only x concept from it is important for what we want to focus on. Reference this chapter in this book for more detail."" presenters would read mathematical definitions verbatim from the slides and move on. I was often unsure of how much I would need to know about such concepts.In terms of communication ability, the presenters don't hold up against many of the free/low-cost services I'm accustomed to using, for example: MIT OpenCourseWare, Udacity, edX, Khan Academy, Code School, Treehouse, etc. Perhaps unsurprising, as these competing services often feature professional communicators rather than professional researchers. But the marketplace for quality online education is definitely becoming a competitive one. Users now expect nothing less than presenters with exceptional communication/teaching ability.In most videos the presenters read verbatim from the slides and motion with their hands to explain concepts that would be better broken down on a whiteboard. Rarely straying from the slides, the times the presenters go into more depth on a concept, you get a scribble in the corner of a slide, lacking the clarity I've come to expect when approaching complex concepts from master educators like YouTuber PatrickJMT or Khan Academy. After a couple weeks into the course, I just went straight to the slides, read MIT's Introduction to Algorithms, and skipped most of the course videos.But all things considered, the course served as a good curriculum to guide my focus through the introductory concepts, regardless of where I sought it out."
66,1,"Very nice course, very challenging but rewarding"
66,2,A Great course - challenging and rewarding
66,3,Good course. Both challenging and rewarding. Thanks!
67,1,its a great learning experience
67,2,This was a very great learning experience for me
67,3,It was a really good learning experience and I learned a lot.
68,1,I loved this course. It taught me a lot about operating systems and commands in powershell and linux.
68,2,"Just ended a course from Google about Operating Systems. Learned about Linux, Windows, CLI, PowerShell, Bash, VM, file permission and disk partition, processes, and many many more. Hope that these skills will help me in my future job."
68,3,Great introductory course on how to use powershell for windows and linux command for operating system related operations
69,1,Thanks for many materials about SQL.Thank you.
69,2,It was a good SQL coursre
69,3,Great course on SQL for Data science.
70,1,"A very accessible, thought-provoking, and often surprising introduction to the most underrated of the visual arts: photography. The instructor, Sarah Meister, has structured the course very cleverly to give you a comprehensive and historical view of photography as a technology, an ever-evolving artform, an institution, and as a way of structuring how we see the world and ourselves. The photographers and images she focuses on are as varied as the field itself. The readings are short yet insightful and engaging. There are plenty of additional resources so that you can delve as deep into any specific topic that you want. Ms. Meister is continuously adding new resources to build on an already excellent course. Highly recommended to anyone immersed in a world saturated with photographic images – that is to say, everyone. You won't see the world the same again."
70,2,"I liked this course because it pushed me to try new things in photography. From a basic 'shoot with a smartphone' person, I grew into a novice photographer who tries to capture world thru a m34 camera. Instructions are helpful and informative but could be expanded. At times I felt short which led me to dig for additional information. For the class developers, I would suggest to have a pdf handout with metrics that can be distributed digitally to all the students. Personally, I took notes throughout the course and used it as a reference while shooting or in doubt. I also used Youtube to expand the knowledge beyond the very basics covered in the course. This class will suit someone who wants to learn very beginning of photography and quick, however if you desire to become good at it - use additional resources available online and stack all that you can learn on top of the foundation provided by this course. Overall, it's a great class to take. Easy and quick. I recommend for those who are curious about photography in general."
70,3,"Absolutely wonderful and worthwhile course. I learned so much about photography, my camera, and exposure in ways that made sense to my brain and that actually stick! For example, I knew there was an ""exposure triangle"" with the relationship between the shutter speed, ISO, and aperture, but didn't fully grasp how to properly expose my photos and use my camera in manual mode before. ALSO - just the knowledge about the history of photography, different types of cameras, and how to change the settings in your camera (who knew you could put your name/ copyright information directly in your camera... before this course, not me!). Thank you so much to Peter and Mark. I can honestly say I am already a better photographer from taking this course and I look forward to using the skills and knowledge they shared from here on out."
71,1,"I took the full Specialization, so I'm going write the same review for each of the 5 modules.This is a great course, but it's not for beginners. They ask you to do a lot of coding, which is great since that's the only way to really gain proficiency. And the code they ask you to write is, in my opinion, pretty hard for someone new to coding. My hat's off to someone new to programming who makes it through the five modules.So, thanks to Duke for putting together a great course. It was very good."
71,2,The first 2 modules and the last module was great. Third module can be made bit more interesting and easy to grasp for someone from non finance background. Overall a good course
71,3,I am learning lots in this course and it would be even better ... if I did not have problems accessing the modules more than once. I did get the course notes for Week 3 module (video1) on Monday ... I attempted to get Module 2 (Rupertsland) and ended up also listening to module 3 ... at the same time today ... it is very aggravating that one cannot access the modules more than once ... I prefer to listen and print up the lecture and then reread it and see what I missed in my own note taking. Except for the modules being difficult to access more than once I would give the course content a full five starts. I am begining to wonder if anyone sees these comments.With some assistance from a tech savy neighbour I was able to figure out what I was doing wrong to access the lecture notes and get them to print up ... which was why I was a little behind for several weeks. I did manage to catch up. In other comments I made I indicated that I would give this course 5 stars and that still stands. I learned a lot and it has opened up my eyes. Indigenous people need to be part of the decision making and law making processes ... it is about time our government ... doesn't matter who is in power ... smartens up.
72,1,I was so helpful and useful. Thank you so much :)
72,2,"helpful , useful and thank you for all"
72,3,"it was really helpful and useful, Thank you!"
73,1,Very Useful Negotiation skills learn. Thanks to Professor George Siedel and Coursera for this wonderful experience.
73,2,"I have nothing but gratitude to the University of Michigan for the course “Successful Negotiation: Essential Strategies and Skills”. Especially to Professor George Siedel for sharing his valuable knowledge and professional experience in such a humble and kind way and for being able to convey his passion for this discipline.Negotiation is a fundamental skill that we must learn how to use and this course has far exceeded my initial expectations, providing me with a scientific and conceptual framework, tools, techniques and tips that I will be able to use in both my personal and professional career. It has been a great experience to learn at my own pace and alongside students from all over the world. I found this course very thorough and filled with plenty of case studies that were extremely helpful in understanding the concepts. I would definitely recommend it to everyone who would like to start this interesting journey through negotiation or to fine-tune skills. The thoughts and ideas will surely stay with me for a long time. Thank you for not just the academic lessons, but life lessons as well."
73,3,"First of all a big thank you to Coursera for giving opportunity to millions of students to avail excellent distance learning. I have the privilege to complete many courses offered by Coursera. With regard to this particular course ""successful negotiation - essential strategies and skills"" , the course is very well planned. Although it is planned and executed by the Senior and Renowned Professor of Michigan University, however, the course material, examples, pictorials and presentations are kept very simple for easy learning of students from various disciplines. To me, since I am a Supply Chain Professional, this course gave me further insight into the core areas of negotiation i.e. planning, tactics, contracts and evaluation. i must thank teacher Mr. George Siedel for including many examples, most of them were real and from teachers personal and professional life which was very helpful to me in understanding. Thanks and best wishes to my fellow students in their future endeavors."
74,1,Good course for AWS Beginners
74,2,A very good introduction about AWS ML services
74,3,Great for benningers in AWS Machine Learning
75,1,"I love this course, and instructopr. Thanks to you ,Andrew sir"
75,2,Learned a lot from this course. Thank you Andrew Sir.
75,3,"Amazing course. Andrew has really streamlined the concepts, made the course easy to follow and at the same time leaves room for further analysis and curiosity. It is so well structured that can transfer complex concepts easily to you and therefore maintain the excitement in the student to keep on going at his/her own speed. What I loved most about the course was the fact that for some reason it seems like Andrew knows where to give you further explanation about what just happened or where you might get stuck in the code and in the lecture. Thank you Andrew. Such an amazing experience and great structure."
76,1,excellent course and very well explained
76,2,Excellent course! Very well explained.
76,3,"Great course, and Well explained course!"
77,1,An Excellent course for design thinking beginners!!!
77,2,I expected more about Design Thinking
77,3,its improve my design thinking
78,1,Great overview of Google Cloud Platform with Tensorflow.
78,2,Great introduction to Google Cloud Platform products. Syncs well with tutorials from Google.
78,3,Great introduction to Google Cloud Platform.
79,1,Hands-on course on learning how to perform Natural Language Processing (NLPs) using sequence models such as Recurrent Neural Networks in TensorFlow and Keras.
79,2,"The Sequence Models course was the one I sought out in the deep learning specialization. Very interesting assignments, e.g. neural machine translation, music composition, etc. - much more interesting than the convolutional network models, in my opinion. However, it is also much more difficult to follow; probably the most difficult one of the five courses.Prof. Ng did a wonderful job in the delivering the materials, as always. However, I expected a lot more details about the sequence models, and recurrent networks as much as the ones given in the previous courses. I was looking forward to learn more in-depth about this model, but I didn't feel I get all that I wanted. For example, I wish there an example, step-by-step walkthrough of the backpropagation through time (BPTT) algorithm, especially for the LSTM and GRU models. The assignments were a little more difficult to follow, I think. To me, the instructions were not as clear as the previous courses (in my opinion), especially when using Keras objects/layers - ""use this *object/layer*"" but it wasn't clear whether or not to fiddle with the arguments. Usually when it does require a specific value for the argument (e.g. axis=x), it will be mentioned either in the text or code comments. I guess it's a good challenge, but I find myself doing more trial-and-error with the coding to get it to work instead of having some guidance on how to use those Keras objects/layers. The discussion forums do help, however. Lastly, some of the assignments involved building a recurrent model using Keras layers, I felt like there was not enough explanation why such architecture, layers, or hyperparameter values were chosen.Overall, I liked the course, I did learn a lot from the course, and enjoyed the models we get to play with in the assignments. I think I will still run into problems trying to devise my own sequence models, and fumble with Keras. I wish there is a more in-depth course on the sequence model. Prof. Ng's delivery was excellent; I enjoyed listening to every one of his lectures (even at 2x speed) :)Thank you to Prof. Ng, and all the people who worked hard to develop the course."
79,3,I learned how to use LSTM or GRU in NLP task. And I have learned many intuitions and skills of Sequence Models and its application in various NLP tasks and speech recognition.
80,1,great course and great lecturer
80,2,Excellent course! The lecturer is great!
80,3,"This was an amazing course and I have learned so much from it. The best thing about it was the way it was organised and planned, each module takes place in a different form and situation, sometimes a dialogue, sometimes a discussion, sometimes at the university, other time in a gym, so it kept the spirit of the course interesting and always brought something new to its participants. The lecturer was really good, he knew how to present the knowledge in a fun, applicable way and always gave us different examples and sources from where we could learn a lot more about the topic in hand. Thank you for the experience it was very interesting and useful."
81,1,Excellent course for beginners in graphic design!
81,2,Good introduction to graphic design
81,3,I liked the fundamentals of graphic design very much.
82,1,"Outstanding introductory course for SEO! I have taken other intro to SEO courses, but this course provides the most relevant information on SEO best practices. I especially enjoyed how the course takes users through the history of how the internet was created, through the creation of search engines and their more recent updates. I now not only understand the most important ranking factors and SEO best practices, but also why those factors are important, and how they came to be."
82,2,one of the good course for seo
82,3,"Great starting course on the basics of search engine algorithms, SEO best practices, and SEO practices that can get your site penalized with Google."
83,1,"I thought the first 5 weeks of the course were very interesting, especially the week 2 and week 3. Week 2 has made me buy a second hand computer so that I can take it apart and week 3 made my download Ubuntu so that I can install Linux on my laptop and learn how to run commands. Week 6 was a little boring for me but only because most of my jobs have been customer based so I had already been in alot of the situations before. There were some great tips for those who haven't been in a customer facing job before."
83,2,Week 1 is a little bit theory and boring for me because that doesn't interest me but week 2 and week 4 is amazing. Especially week 4 assignment is too good. Overall the course is worth learning.
83,3,"I was taking this course because I hope to apply machine learning to biological problems. So while the first two weeks were great and super general, the third and particularly the fourth weeks were less relevant to me at this point but I had to struggle with them to get the certificate. Ideally, I would say that a way to improve this would be to create another week, dedicated either to biological problems or to something more general to all and let the students choose between the content of that week vs. the current 4th week. Another option is to make this a 3-week course and leave the 4th week entirely optional."
84,1,Great course for learning of Luxury and Fashion business
84,2,One of the amazing courses on Fashion and Luxury Brands...
84,3,Its an amazing course and should be done by everyone interested in understanding the fashion and luxury industry
85,1,A perfect course to start with linear algebra
85,2,great intro to linear algebra
85,3,This course gives me geometric intuition of linear algebra
86,1,"As a first time experience in e-learning, I found this course quite enjoyable and generally a very good return on my own 'investment'. In my professional practice of Brand Consulting, knowledge of Digital Marketing has gained considerable precedence in the recent years. With 'Marketing in the Digital World' 1.0, I discovered substantial new insights. The learnings gained are already adding value to my ongoing work assignments.In terms of the course structure, the lectures were concise and simply explained by a very good Teacher. The assignment workload was well divided through theory and practical application based assignments, supported by module summary based quizzes; all of which helped me assimilate the information and understanding better. The practical application exercises also gave me some very exciting exposure to areas of personal interest such as Maker Tools and (User-generated) Content contributions.Here are a few areas that can be improved in the course. First, the primary framework of the marketing concepts could be made richer based on the enhanced current models of 4-P's. Second, the campus interviews could be made more engaging with online participation (similar to prompt questions in videos). Third, some of the reading material links need to be updated as they are stubs. Also, a more conducive alternative for the paid-subscription based reading links is required. Fourth, the peer grading system should either encourage reviewers to provide more detailed feedback, or be supported by some direct review from the Teacher/s. Though I received the best grades, I found very little useful inputs from my peers.Having said that, this course has opened a whole new avenue for me to increase focused learning that will help me take my business ahead. I plan to explore the latest available material through Marketing in a Digital World 2.0. I have already enrolled in the next course in this 7-course series under Digital Marketing Specialisation and am looking forward to it."
86,2,Marketing in digital World is a good course.l was learned lots of information about digital marketing.
86,3,it is so helpful to do marketing in a digital world.
87,1,Professor Brian Bushee is amazing! I was completely new to financial accounting. Every single term was new to me and the way he teaches this is outstanding!
87,2,the best financial accounting course on Coursera
87,3,Thanks Professor Bushee for making Financial Accounting fun and easy to learn!
88,1,A great course to learn Data Analysis using Python.
88,2,"This is a very good course about the basics of data science and how python can be used to facilitate data cleaning and handling. I am a beginner with very limited knowledge of python (I had read some basics). The course takes you step by step through the use of python libraries and commands mostly used in data science. I would like to point out here that the assignments post course completion were a bit challenging for me as I am a beginner, which is good. This is because I had to research and learn a lot of stuff to complete the assignments apart from the course material. Looking forward to more such courses and assignments. Kudos to the teaching staff and Coursera team :)"
88,3,"I really like Prof. Brooks's way of teaching. He developed a very good introductory level course. Apart from some talks about data science in a whole, he concentrated on the preparatory work in this field -- data cleaning. Instead of delving into theories, he paid most of his attention to how to make things work by using python. I actually have a background in C, and I was a bit reluctant to learn python at first since C is already strong enough to attack most tasks. However, I have fallen in love with python now, and I think it is a much more suitable language for daily use especially when your projects aren't very large. Among its many merits, the best thing about python is of course its numerous libraries like numpy and pandas which free us from tedious low-level programming. I am quite convinced that I will move to python from now on.In addition to lectures, I truly recommend you go over extra reading materials. Those articles are very thought provoking. For example, the first one ""50 Years of Data Science"" totally changed my previous view towards this field. It made me realize that data science is not a simple combination of statistics and machine learning, that it is a distinct way of obtaining new knowledge, and that its advancement shall benefit the whole science society.About the assignments, those taught in the lecture are not enough and you should refer to python documents and stack overflow. I think knowing how to solve problems and where to find help is more important than solving problems itself, and that's why I consider those assignments well designed.Finally, thanks to all the efforts made by the teaching staff."
89,1,best course to learn web development and web designing
89,2,"Great course, even for beginners in web development."
89,3,great course for beginners for web development
90,1,Great intro to Technical Support Fundamentals.
90,2,"A very good course on Technical Support Fundamentals, very concise and friendly."
90,3,Learnt about Technical Support Fundamentals
91,1,"This course is amazing thanks to instructor, Mr. Nader Tavassoli, Professor of Marketing from London Business School has been so passionately inspiring in his mission to transfer the knowledge through insightful lectures and interviews with Brand's Managers as well as Business Owners to interview about real branding scenarios and cases, in order to get to the root of why they did what they did of the activities when it comes to managing a brand in businesses. I was able to learn and approach the new academical, yet practical way of learning branding and understanding brand management. Additional to learning, how to apply the knowledge in solving branding problems through assignments has been truly helpful to me as the assignment was designed to be realistically activating what I have just learnt into tools that I can use in business and brand's issues. I wouldn't say this course is easy for beginner, however, if you are passionate about building brand image and managing brand's reputation, this course is a great challenge that will be rewarding in the end. Thank you for the course!"
91,2,Great course for an understanding of Personal branding basics
91,3,"This course is very helpful and gives a lot of insights. The teacher is very cheerful and makes me want to learn more about the topic. You will get understanding about what personal branding means and what it means to be a brand, define a brand mission statement for their personal brand, build a board of directors, become familiar with the basics of digital security and reputation management, and create a routine for on-going brand maintenance"
92,1,"Well, I was new to Python. And This course has great material and helps develop decent skills in working with Datafarmes, Series, and Pandas and Numpy libraries. Overall, I am happy with What I learned. But there are a couple IMPORTANT points to consider:1. The assignments requires a huge amount of self-study and it takes way more than the suggested time to complete. 2. The assignment grader may act up or be very picky on data types and do not credit you for the right answer3. The course can get very frustrating as the answer to the final question of assignment#4 determines whether you pass the course or not (it is 50% of the total grade!!). Although, you should be able to get to the right answer through the tips in the forum, it is really hard to figure out the solution on your own since there are many rooms for little mistakes which lead to the wrong answer.Suggestion: I think the questions should be designed in a way that there are small points for each step of the solution. So, We get to the solution step by step. Having 50% for just one final answer is not reasonable and makes it frustrating for the students.4. The course subscription is monthly and it makes it even more frustrating when you are stuck with a wrong answer that holds up course completion. I think where huge effort is required to pass the course, having a monthly subscription rather than one-time payment for the course, is not a good incentive at all, but it is very frustrating when you get close to the deadline and can't fix your code to get the answer. Finally, I want to thank Dr. Brooks and staff (specially Sophie) for the good course. I would like to sign up for the next course in this specialization. But I am debating since I don't want to get stuck with the unreasonable monthly subscription method and frustrating assignment grading system. Thanks,Ershad"
92,2,"IN SHORTThis was a great course and I learnt a lot! Topics covered include a quick reminder on intermediate python and lots on pandas and some numpy. The weeks 3 and 4 assignments are quite challenging so expect to spend considerably more time than indicated on the course site if you're not experienced with python and pandas. This course is not for coding newbies.IN DETAILI am proficient in R for data analysis and had dabbled with python before although had no experience with pandas. I was committed to learn the course material and to spend a substantial amount of time doing so. The speed of lectures is fast. I paused often to take notes and to try out the provided notebooks, and I returned to some of the videos when working on the assignments. I found the course assignments good and challenging. The lectures give a good tour of different functions and approaches you may want to use in the assignments, but there isn't much handholding with the assignments and you'll most likely spend quite of bit of time looking things up online in pandas docs and stackoverflow. If you're used to that and generally troubleshooting code, you'll probably be just fine. I spent much more time on the assignments than what is estimated on the site: ~5h for week 2 (vs 1.5h indicated), ~1 day for week 3 (vs 2h), and 2.5 days for week 4 (vs 4h).Week 1 gives a refresher on how to write functions, list comprehensions, and lambdas in python. If you're familiar with writing loops and functions in other languages, with this material you will get to writing them in python quickly if you invest a bit of time and effort. If you're not yet at the level of confidently writing functions, loops and vectorized alternatives in python or another language, I'd recommend starting with a different, more basic course because the learning curve with this one might be too steep.Week 2 gives the ins and outs of pandas including creating and querying pandas series and data frames.Week 3 covers merging data frames, grouping (groupby) with aggregation (agg), applying functions rowwise (apply), and pivoting data (pivot_table) etc. It also gives a whirlwind tour of date/time manipulation using pandas. numpy is also included.Week 4 has some lectures on distributions and more on numpy. The week consists mainly of the main project assignment where 50% of points are given on data cleaning and munging (contents of weeks 1-3) and the other 50% of points are on modelling and hypothesis testing. It's quite a proper project in the sense that you're given a number of non-clean data files scraped from different places and a hypothesis to test. There are some additional instructions on what format of cleaned data to produce from the different files and what type of test to perform, but for the rest you're on your own."
92,3,"Very good content. One downside for me was that being new to Python, Pandas, Numpy, Scipy etc, I found the amount of new information being thrown at me to be a bit overwhelming. Each of these languages/packages could be a separate course even before you start talking about Data Analysis concepts. I was able to complete all the assignments, but I feel like I know ""just enough to be dangerous"".Speaking of the assignments, if you're a newbie like me, give yourself plenty of time to complete to work on them. My rule of thumb was to multiply the ""estimated time"" for each assignment by a factor of 4. The assignment that was supposed to take 2 hours ended up taking my whole Saturday and the 4 hour project at the end of the course pretty much consumed an entire weekend. This might not apply if you have previous experience in this development environment or are just smarter than me ;-) Not everything that you need to know to do the homework is provided in the lecture, so expect to spend a lot of time in StackOverflow. The discussion forums are also very useful. Sometimes a teaching assistant will offer some hints that make all the difference.One gripe I have is with the automated grader. It's a great idea, but sometimes you can submit a fairly complicated bit of code and the only feedback you get from the grader is: ""Wrong!"". My suggestion: have two data sets, one for testing and another for grading. Then students could openly discuss and debug their test results in the discussion forums without violating the Honor Code. They would still have to submit a valid algorithm to pass against the test data."
93,1,I enjoyed the course and also learnt how to write professional emails in English.
93,2,It has been a great learning experience for me. I came to learn how to write professional emails. This course is really very helpful for those who want to learn to write professional emails. At last I would like to thank Coursera who gave a wonderful learning platform and also I am very grateful to prof.Gerry Landers for making us understand the concept of professional email writing.
93,3,"It's an amazing course. I recommend this course to everyone. I can tell you from my experience that before attending this course I knew very few things about email writing but after completing it I have gained confidence in writing professional emails. Even if you know nothing about email writing, after completing this course you will be able to write any kind of email. I am really thankful to Mr. Landers, Georgia tech. and Coursera for providing such an amazing course. Thanks a lot."
94,1,"I think this course is best of ""HTML, CSS, and Javascript"" courses on Coursera!Working with Git, going deep into objects and function in JavaScript, HTML/CSS/JS tricks and so on."
94,2,"Well explained fundamental of HTML, CSS and Javascript with examples."
94,3,"best course about html, css, and javascript in Coursera."
95,1,it's a nice course and helped me understand the object oriented design with JAVA very well!!!
95,2,it was great to learn the concept of object oriented programming in java in detailed
95,3,"I had been out of programming for many years, and decided to try this Java Programming: Solving Problems with Software course by Duke University on Coursera.org. I really liked the course! It is a great review for me of Java programming basics, without the technical jargon that goes along with object oriented programming. The really nice part is that I can see object oriented principles in action! I enjoyed the way Duke University uses the 7 step process for solving problems consistently through the course. They break problems down into small, manageable pieces, that build up to solving a larger problem. Some concepts include: Basic Java syntax, definitions of class, instance variables and methods (functions); variables, For each loops, While loops, Strings, Java types and Java mathematical operators. The assignments were interesting, and include calculating the perimeter of a shape, finding genes in a strand of DNA, working with CSV formatted files to analyze weather data and to find exports from different countries, and finishing with a MiniProject to find interesting trends in American Baby Names from a CSV formatted data files. The Honors assignment was also fun: processing multiple images to convert them to gray scale, or invert the images, and save them with a new filename. Another really nice aspect of this course is that you use a Duke University (on Coursera) version of BlueJ, an interactive design environment for creating Java programs - where everything is a class! The instructors at Duke have created their own java library, with classes to help new learners easily open and close files in the BlueJ environment, and work with Pixels in an image. Duke also has good documentation for each class, which to me, is better than the documentation on the java oracle website. While the Java documentation on the oracle website is still very difficult to read, I have gotten used to looking some documented class, like Strings, and clicking on the ""methods"" tab to look at what you can do with them. However, you really do not need to refer to the Java Oracle documentation to complete the assignments - all you need is the documentation from Duke University! I really liked this class!"
96,1,A good introduction to the subject
96,2,Very good introduction in subject
96,3,very good introduction to the subject
97,1,Best Course for git and github.
97,2,I learned a lot about Git and GitHub.Thank you!!!
97,3,You can find a to z about git and github
98,1,The case studies were great
98,2,Good Course with case study
98,3,Loved the plotline in the case studies.
99,1,A very good introduction on positive psychology. :)
99,2,It is a great introduction to positive psychology!
99,3,An excellent course for beginners in Positive Psychology.
100,1,"This is an essential course to understand a bit clearer how to learn new concepts and more important, how our brain works and how we can maximize its performance. Both Dr. Barbara Oakley and Dr. Terrence Sejnowski master all the subjects taught, and it's remarkable the passion they show in the different videos and the useful optional interviews. I can only highly recommend this video to those who want to improve their capabilities regarding memory, thinking or best understanding and brain performance in general."
100,2,"Very well prepared material: videos, interviews, further reading, quizzes, tests, with many opportunities to dig deeper into the topic. Professor Barbara Oakley has an easy going, but always professional approach, with a great care for details and a tremendous ability to put them into the big picture and make learning fun and easy! Everything was really well curated and of high quality. Big contributions also come from Dr. Terrence Sejnowski, which talks more about the neurological aspects related to learning. I have learned quite a lot of interesting techniques that I can use to improve the way I study, even if I am at the end of my Ph.D. ! And not only techniques, but also insights on how the brain works and how to relate this to the process of learning. Absolutely suggested to anyone interested in learning deeper and probably faster than before!"
100,3,"At some point, I questioned my brain´s hability to hold information. I felt frustrated by not being able to retain information effectively and ended up having the felling that I wasted the time studying something that weeks later I would have forgotten. However, after taking this wonderful and extremely useful course, I am aware that the problem was not my ability to learn or something related to my brain, but instead I realized I have not being using the right tools to enhance my learning process and achieve better results. Learning is the most important tool to develop mastery in any field. Unfortunately at school we are not though how to learn, and this course without a doubt provides a deep understanding of how our brains and memory works, and more importantly it provides several tools that are easily applicable in learning any subject increasing the changes to succeed. Thanks a lot Dr. Barbara Oakley and Dr Terrence Sejnowski for sharing such a powerful knowledge and tools."
101,1,I really enjoyed this course. Thank you!
101,2,i really enjoyed the course. Thank you very much.
101,3,I really enjoyed about this course.Thank you very much for this course.
102,1,Great course to learn python data structures
102,2,it's very undersand the python data structures
102,3,very good course for python data structures
103,1,"Great course! I learned more than just about my dog's cognitive capabilities. I also completed my dog's profile on DOGNITION. Some tests surprised me, but after all, I agree with the findings. Even more, after completing the course and reading the book (The Genius of Dog) I am able to explain some of my dog's behaviors and get bonded better to my GSD. I am particularly thrilled by the evidence of large cognitive variability within the same species (including different types of intelligence). I also fully support the concept about the citizen science and how more data can be used to find out all kind of interesting results that cannot be infer from small populations. Thanks Brian and Vanessa for your passion for dogs' cognition and the great effort you put to share your knowledge with all of us. _igor"
103,2,"I am 12 and homeschooled and this course was very fun. I learned a lot and ended up registering for dognition and getting the book (The Genius Of Dogs) which I ended up buying after I had made my way through the majority of the course so I plan to read it by itself versus as a go along and I am looking forward to it.I would say that this course could be beneficial to any age, I learned a lot of things that I didn't know before and being a dog lover and having a very trainable family dog, I find it makes the course more entertaining and interesting when you have a dog of your own to apply it to. of course this is not necessary, any dog lover would enjoy this course whether they owned a dog or not. I just like knowing that I will benefit from the knowledge wether I choose a career that relates to dog emotion and cognition or not. I highly recommend this course to any age that wants to learn more about how dogs think and process information and how to train dogs and work to their strengths."
103,3,"Lots of fascinating material, but you could get the same from reading Dr Hare's book. Actually the course felt more like an advertisement for Dr Hare's book and the Dognition product than anything else. But it was engaging with many fun examples and some good videos of studies with primates and dogs. There was not really any material on dog emotion, with most of the emphasis on cognition, especially the evolutionary implications for domestication and human and primate evolution. [I recommend Frans der Waal for material on animal emotion and ethics.] I liked the call for a new school of thought towards dog training, evolving beyond the behaviorist underpinnings of clicker and positive reinforcement training to the idea of social games, taking advantage of the unique 'genius' of dogs."
104,1,"The course was an extensive and enjoyable overview of theropod dinosaurs and birds, thanks to the University of Alberta for making it!"
104,2,"The (near) Perfect Course for me. Uptill now I was not especially interested in Dinosaurs, but as amateur Palaeontologist I was looking for a Course Palaeontology that suits my special interest: Pleistocene Mammals.But this Course Dinosaurs Palaeobiology offers so much more than Dinosaurs and many of the toppics are useful for other species too, such as:Death and Fossilisation; Eating; Moving around; Birth, Growth and Reproduction; Attack and Defence; What is a Species; Evolution; Stratigraphy and Geologic Times and Paleogeography and Plate Tectonics. I have studied the Lessons with great pleasure and I learned a lot thanks to the clear explanations of Dr. Philip Currie and Mrs Betsy Kruk. The Course is very well composed with PDF for reading, Video for watching and interactive media for doing exercises. The quiz at the end of each lesson was also good and easy to answer after studying the lesson and handles more about understanding the content than reproduce endless lists of difficult names.Now I am studying the last 2 chapters and I can say that I have learnt a lot, thanks to Dr. Currie and Mrs Kruk and I am looking forward already for other Courses of the University of Alberta. Probably Early Vertebrate Evolution will be next and Marine Vertebrates after that."
104,3,"The truth is, ever since a little, I love dinosaurs. I even has several books about dinosaur. It is amazing that dinosaur still exist, the modern birds. The topic about theropod and origins of birds interests me. I figured out that birds are the only theropods with better physiology and adaptations. I don't need to revive those extinct dinosaurs, because in farms, forest, savanna, bird shop, park, city, Antartica, and all around the world, dinosaurs living among the mammals and other animals. There is another fact based on Molecular evidence, seven collagen types obtained from T rex's leg bone fragments, compared to collagen data from living birds (specifically, a chicken), suggest that older theropods and birds are closely related. And when you look at all the birds' legs, cooked or uncooked, they're still scaly like the dinosaur and their other relatives, the crocodilians.In 2017, a study found that a peptide was present in the bone of the modern ostrich that was identical to that found in the Tyrannosaurus and Brachylophosaurus specimens. AND LIKE I SAID, you don't need to revive the dinosaurs, because they are still surround us. I am a dinosaur lover. I even dreamed to have a Canary, pet finch bird, and budgerigar as a cheap dinosaur companion in my house, although dad doesn't agree with that.One thing that I am still curious about is, if the birds are dinosaurs just like the non avian theropods, why the hip bone shape or structure of the birds are different than the non avian theropods' hip bones (saurischian hip bone). Which is why I hope Alberta University do more research abouth this"
105,1,It was difficult but worth the effort.
105,2,"Very interesting, a little challenging but worth it!"
105,3,a little bit challenging but also interesting!
106,1,"A very interesting module emphasizing the importance of meaningful data, how to use it for predictive and prescriptive customer analytics. The insights into customer behaviour and how marketing has evolved to the present form of the all-encompassing digital marketing and how to use it for customer analytics has been very revealing. A combination of online and offline marketing is the way to go in future. I can look back in retrospect and just wonder at the number of customers with Indian banks who would not pass muster on any predictive model. While analytics was still at a nascent stage in Indian banks when I retired, I still feel that even where predictive models are used, there is hardly any follow-up action. I saw the hallowed halls of Wharton for the first time and really hope to see them in person at least once."
106,2,Great introductory course on Marketing Analytics and basic knowledge on customer analytics
106,3,"I think at the end of Week 5, Prof Bradlow gave very interesting insights on the past & future methods of marketing analytics. Great explanation and inspired me to learn more about the technicalities of customer analytics. This course is a great beginner course because most of the modules only gave introduction on all the types and steps of customer analytics (like general explanation on descriptive, predictive & prescriptive analytics). I was hoping it would get a bit more technical into the data but I still gained few important insights regardless. Thank you."
107,1,Great stater for blockchain study !!
107,2,Excellent course for blockchain knowledge!
107,3,A good course on Blockchain
108,1,It was really wonderful course. I thoroughly enjoyed the course and it will be very much helpful for my career and real life as well. I thank my instructor professor of London business School for his motivation and guide. I also thank University of London and London business school for providing me this opportunity. I also grateful to Coursera for its mediation and making the course reach in me. Thank you very much.
108,2,"These were pretty cool courses that offer a lot of knowledge but the part where that talk about getting you information out to companies to help you start your career is fully true. They send you a survey that you select the companies you would like to share you information with out of they're selection, and that's it. There is no other follow up or anything as far as I've seen but I've been done with the program for workin on four months no with no other leads to helping me start my career. So it's great maybe to help boost a career you're already in but DO NOT TAKE THIS COURSE if you are using it to help START a career. Hope this helps some people out like me looking for a way into the industry."
108,3,"These were pretty cool courses that offer a lot of knowledge but the part where that talk about getting you information out to companies to help you start your career is fully true. They send you a survey that you select the companies you would like to share you information with out of they're selection, and that's it. There is no other follow up or anything as far as I've seen but I've been done with the program for workin on four months no with no other leads to helping me start my career. So it's great maybe to help boost a career you're already in but DO NOT TAKE THIS COURSE if you are using it to help START a career. Hope this helps some people out like me looking for a way into the industry."
109,1,thank you....it really helped me to learn more about quantitative modeling.
109,2,Excellent course in the fundamentals of quantitative modeling.
109,3,Fundamentals of Quantitative Modeling. Nothing more - nothing less. This course will give you great introduction in the field of modeling.
110,1,"This is an excellent course covering the fundamentals of machine learning with a wide breadth of subjects as well as, in my opinion, a reasonable depth into each as well. My only major qualm with the course (and this is just personal preference of what I would like to have learned) is that the programming language used for this course (that you must do the assignments in) is Octave/Matlab. As Dr. Ng mentions in the class, Octave/Matlab is an excellent way to prototype your machine learning algorithms, and after having used it for this course I agree. However, I believe it would have been much more useful (personally) to do the programming parts in a more industry standard language for your final product such as python. Point being, having completed the course I feel that before I can apply this as a final solution I must still learn how to implement these algorithms in a different language with different libraries, so it doesn't feel quite as if my journey is 100% finished. That being said, I do feel that Dr. Ng gave a great mathematical understanding of the algorithms and I do not believe that it will be terribly hard to implement them in another language. I believe the only barrier would be learning the Matrix Algebra and other ML related libraries standardly used in that language."
110,2,"Extraordinary course for beginners (as well as for people with experience)!If you are a beginner (as was I before taking this course), then this course is the perfect way to start learning Machine Learning. Even if you have some experience with ML, it'd be useful to learn about the recommended practices for choosing the right approach for a problem or something like debugging an algorithm.Dr. Ng presents a huge amount of information in a structured manner, bundled with questions within videos that keep you focused. The quizzes and programming assignments complement the lecture videos. The programming assignments are in Octave. This is not necessarily a negative point (as other reviews are saying). If you are familiar with Python (or C/C++/Java etc), then it won't take you more than a few days at maximum to grasp the syntax of Octave. There is a lot of helper code in the programming assignments, so you mostly focus on the actual implementation of algorithms and such. Dealing with vectors and matrices in Octave has been a relatively better experience for me as compared to in Python. If you're stuck with programming exercises, then there are elaborate tutorials in the Resources section.Possibly what I loved the most about this course is how Dr. Ng always mentions the recommended way of doing things (and how things are done in the industry). He also teaches you real life examples of how ML is currently being used by companies (for e.g. the course weeks on Recommender systems, Photo OCR, etc). So, if you're trying to learn ML for job prospects, this will be of great help.Even though there's a fair bit of math (Linear algebra and some Statistics), Dr. Ng will help you walk through it and make you understand what you need to know.Overall, this course has been a great help for a beginner like me. I recommend this to anyone who is looking for a course to start learning ML.To Dr. Ng, the mentors of this course, and all the people who made this course possible, I want to thank you from the bottom of my heart. It's not easy creating so many hours of content (lecture videos, quizzes, assignments) and providing it online to thousands of people. I'm grateful for all your efforts."
110,3,"Probably the best MOOC course on Machine Learning. Professor Andrew Ng is a great teacher - he makes complex algorithms and concepts very lucid and easy to understand, especially for people with no ML/ AI background. The course is very well structured and gives useful practical tips. It does get quite intense at times, especially the vectorization parts in the programming assignments - but the Discussion Forums are a huge help. Many thanks to all the mentors, especially Tom Mosher for his guidance and valuable insights. Two small pieces of feedback - I ended up spending a lot more time on the programming assignments than on the videos themselves.The concepts were clear but the vectorization really made it very difficult to complete the assignments. Is it possible to use some other package instead of Matlab/ Octave, which is perhaps a little more high level and has functionality to do most of the stuff? The second suggestion/ feedback is : I found the time estimates to be very aggressive for a beginner with no ML/ Octave background. So, most of my study planning would routinely get off track. Not sure if most of the people taking this course found them to be OK.Is there a way to download Professor Ng's lecture notes for future reference? Not all the information is present on the slides. And it is difficult to bookmark videos - lecture notes would be a great help.All in all, this was a very interesting course - one I would recommend to colleagues and friends to take. Many thanks to Prof Andrew for his guidance !"
111,1,It introduces the different tools and the platform which you can use the tools. Easy to understand!
111,2,The course has introduced me to various tools that are very useful to my training. I could explore using them to make my lesson more interactive.
111,3,"Very short and just a basic overview on how to install a few tools that most of them I already had installed. All this course content could be packed into an introductory lesson instead of having to pay for it. I abandoned the specialisation because of this, I know it's a big business but at least you need to offer some value for the money"
112,1,"I learned a lot about accessing web data from this course. I think this is a course that generally tells you basics about HTML,XML and JSON. If you want to have deeper understanding of accessing web data, you can take other courses which are more specific."
112,2,Great course to learn how to utilize the web services data/API (can be XML or JSON )
112,3,"The course was rich and I learned so many things about web scraping, some regular expressions,parsing html, accessing web data and extracting information from the web, how data is exchanged between different softwares across the web and how to manipulate and parse this data if it was xml or JSON, and a brief introduction to service oriented architecture and what's an API and how to use APIs in your application to add a certain feature.As always, Dr-Chuck is a great and an engaging instructor and I enjoy his lectures so much!The only thing that I wished was more clear when I began this course is the exact curriculum and the exact skills that the learner should have by the end of it. I had to do a lot of researching and to thoroughly study the text book to achieve that. Other than that everything was 10/10!"
113,1,This is a very good introduction to Big data
113,2,very good introduction to Big Data.
113,3,Great introduction to Big Data
114,1,This was more than what I expected the outcome I would receive from it would be. Thanks a ton to Dr.Barbara Oakley and Dr.Terrence Sejnowski.
114,2,"It was a wonderful learning of ""Learning how to learn"" :-). There were few things which I was aware of and many small yet new things/techniques that I have learned in the course. Thanks to both Dr. Barbara Oakley and Dr. Terrence Sejnowski!!"
114,3,Highly recommended! Fantastic course by Dr. Barbara Oakley and Dr. Terrence Sejnowski.
115,1,It was amazing experience for me. Thank you.
115,2,It was an amazing experience. Thank you!
115,3,"It was an amazing experience, thank you so much"
116,1,Really Great introduction to Scala and Functional Programming.
116,2,Excellent introduction to the Scala Language and functional programming
116,3,Good introduction into Scala and Functional Programming
117,1,"I'm so glad in completing this course, as it enlighten the knowledge on sustainability, urban infrastructure, energy conservation schemes and also ways to reduce carbon foot print. This course provides a pathway for the 'change' in the cities heading to sustainable development."
117,2,"This course highlights the importance of sustainability, particularly Sustainable Development Goals, which is the current topic of conversation on sustainability. Sustainability applies to everybody so everyone should take this course."
117,3,"The course was very interesting and I learned a lot. It opened new doors to the sustainability urban planning, smart and sustainable cities, and green economy for me. A big advantage was the wonderful examples of practices done in various cities across the globe based on course topics, presented with wonderful documentaries. The language, course readings, examples, and everything about it was very well constructed and presented. I suggest it to anyone interested in sustainability and urban development."
118,1,"I really enjoyed this class! I found it extremely challenging but doable! I would recommend for the INSTRUCTOR - if you can post powerpoint lectures in addition to the video tutorials. Or some type of worksheet where you have the slides (I know this may be hard since your screencasts are more active), but it would have been helpful for me since I was actively taking notes through your screencasts and it took me a lot longer when I would have to screenshot certain parts and didn't always catch the full code or if there was a bug in your code and you went on to modify it later and I would have to adjust the screenshots. I'm not sure how helpful/necessary this would be for other students, but I would have really appreciated this. If you would like me to show you my notes or explain further you can email me at sueda001@cougars.csusm.eduALSO, I started to need more help in the last problem of week 3 and then all of week 4, I wish there was a TA or someone readily available to help me. Although when I emailed you, you responded quickly. I just felt bad bothering you.For the STUDENTS - just make sure you are staying on top of your work load. I started to fall behind during week 4 because I found it extremely difficult. I would just recommend taking detailed notes as much as you can."
118,2,"Lectures are very monotonous-sounding. It would be better to make them sound more conversational (with pauses, questions etc.). Granted it cannot be interactive since it’s not a live classroom, but it can be made to somewhat sound like an interactive session... Some slides are too verbal. It would be better to have multiple small demos in a module for different slides/topics instead of just monotonically reading out the slides and then having one demo at the end.Too many lab issues. No one responded or addressed them. In a class with such a short span (1 week), it’s very important that everything works and any questions/concerns are immediately addressed/resolved.Please consider making the lab instructions available for download (say, as PDF files). This will be helpful for any later reference."
118,3,"Overall very good course - the instructor seems to be very professional, with deep subject knowledge and expertise in domain.At the same time the way the information was delivered is a bit confusing for several reasons:First. The instructor doesn't make a proper intro into agile frameworks and processes and you cannot really understand in which part of the puzzle the design thinking fits in. If I didn't have basic knowledge on agile development methodologies I wouldn't really understand at what step and how should I apply the design thinking.Other confusing thing was the presentation itself. The presentation slides are overwhelmed with the information and texts, many times absolutely unnecessary, so that you have to stop the video to read them, but actually it doesn't give you any important additional information and doesn't bring any additional value. And the whole bunch of information you are trying to read on the slide is overlapping with a lot of information provided by the instructor, so all together it becomes very confusing and difficult to structure in your mind.The last thing - during the presentation the instructor uses the pen to underline/select some information which creates additional confusion and makes the whole presentation process kind of ""messy"".Overall I would recommend the course, but you better have some basic understanding of the agile processes before to start it."
119,1,"Wow, I definitely learned a lot of new things about how important it is to take our brain and the way we think and process things into our consideration with our learning. It is super significant to incorporate the right techniques into learning things and understanding things or you might not learn that much at all. ANd retaining information and actually being able to recall it yourself and test yourself on it and do these other things to really know and be confident in what you're learning is also a good thing to do. This course has so many beneficial tips and the advice that they provide definitely confirms a lot of the things that I thought might be right before on instinct but didn't really know for sure and now that I have the knowledge to use all these approaches to learning properly, I feel like I can truly ace all of my classes, maximize my productivity, and hopefully use the extent of my capabilities. Or at least more of them. Highly recommend taking this 5/5 stars just really simple and straight forward stuff that will help save a lot of time and provide a lot of useful brain shortcuts that you were never taught in school. 💯🎯"
119,2,"I feel really torn between giving this course a full five star rating or a 4 star, and the only reason is that the second to last project seemed to report back that L_backward or something like that worked perfectly, and yet when I submitted the notebook, that one came out missing credit.If that was unintentional, then it would seem to be a flaw, and that's what bothers me. If it was intended that we would be fooled into thinking everything was OK by the results or by what the function returned and if it was intended that we would do more to track down any possible errors, then I would rather give the course all five stars. Not knowing this, I would rather give 4 1/2, but we're not apparently allowed to do that. So my four point score was more to help inform of the problem than to dock the course a point as the course really is superb.Dan"
119,3,"I was about to give this course a 3-star rating unlike the other courses in the specialization, which I have rated 5 stars. The reason for that was the programming exercises in week 1. They are not interesting and do not impart a lot of learning. Please consider improving those. The reason I still gave 5 stars is because of the amazing programming exercises in weeks 2 & 3. Thank you."
120,1,"The Course was very powerful and I learnt a lot on the management models from the traditional ones to new emerging ones. I would recommend this course to anyone, who is interested in running his /her business and who wants to be a manager. Thanks to Professor Julian Birkinshaw for the good work."
120,2,"The course Managing the company of the future is well detailed and Management being my course of study, it's has given me more insight to ways of changing the traditional model of management to the Alternative model which is more acceptable to the generation Y. It has reiterated the ways of becoming a better boss and understanding my biases as a manager.Being a good manager doesn't come naturally, i have to make conscious effort and work very hard to the needful and the expected as a manager, see and do things differently, make out time for works that matter and commit to my plan."
120,3,"Excellent Course!!!Professor Julian Birkinshaw did a fantastic job of laying out the principles of 'Managing the Company of the Future' in a way that was easy to consume.I particularly liked the balanced perspective provided between ""Traditional and Alternative"" Management Models. I enjoyed reading the case studies/ examples that helped bring the principles to life, since I've always been interested in the 'underlying principles' that make things work in the world."
121,1,This course was very helpful. Thank you.
121,2,This course is very helpful. Thank you so much.
121,3,the course was helpful thank you so much for everything
122,1,"Excellent course. Uses lot of examples from daily life and real life stories to explain concepts. Also, Dr. Mason recommends a lot of books and biographies which are related to the lectures. She explains every topic in a very easy and fun way, I assure anyone would love it. There are also many lab classes where you can see and observe the various parts of the nervous system, and they are well linked to the theory classes. This course is not just for people interested in neurobiology but for anyone and everyone. I'd recommend you to go through this course to understand how every part of our body is controlled by the brain, how beautiful and complex our brain is, and how various disorders can be caused by problems in the nervous system. It will also help you understand the suffering of people with neurological disorders, and would help you be more kind and patient towards them.In conclusion, you will love the course and Dr. Peggy Mason and team, and would thank me for recommending the course! Have fun!"
122,2,"I would like to thank Professor Peggy Mason from bottom of my heart for simplifying neuro biology of everyday. I was thoroughly inspired by the content and teaching style. She explained with real time example which made me to understand much more than what I anticipated. Specific description with human brain sample which made me more enthusiastic and keen. Being non-biology candidate, I made myself to aware of few neuroscience terminologies. Perhaps these made me to understand this course more efficiently. I was little bit aware of brain regions, but because of this course now I learnt the functional connectivity among the brain regions in effective manner. Especially, basic understanding of electrophysiology from this course shed light on my research career path. As a normal non-biology student just i want to suggest that, it would have been better if she would have explained the different parts of brain, CNS and PNS with major functionality and in the initial class itself. It would have been even more effective if all these brain regions, she should have shown at a time in one video so that naive students like us can correlate later. Anyways Thanks a lot for professor, organizer and coursera team for giving opportunity to accomplish this course successfully"
122,3,"If you are looking to learn from a gifted professor, if you want to walk away with a lot of knowledge, if you need a new way of looking at neuroscience, or if you want to be hooked on the subject, look no further. The large international community of learners is really friendly and motivated, too, so as a bonus, you may find new friendships. Dr. White (Len) needs to be a name as familiar to neuroscience as Dr. Goljan to pathology or Dr. Fischer to internal medicine, and you will see why when things just click in your head and when you finish with more understanding than from other courses; he is just such a great teacher. A glimpse of his brilliance as an instructor is when a learner walks away successfully with the knowledge of a medical student and can apply that to research or a clinical situation. The examples that Professor White lectures stuck in my head; the pictures he selects or the ones he draws are easy to recall. Neuroscience is a visual subject as much as it is knowledge-based, and this course stresses and utilizes both. Professor’s White unique talents are 1) to seamlessly repeat an important concept always in a fresh way and 2) to predict the learners’ struggles and confusions and address them. It is no wonder that students at his school honored Len with prestigious teaching awards. You can easily see Dr. White’s excitement for neuroscience and his passion for teaching. Simply a blessing that most of the world is free to learn from him. Two other rare features stand out about this course: heavily involved teaching assistants, such as Ellen (look at the site she put together learnmedicalneuroscience.nl/), and detailed unit notes. In summary, while this is the most demanding and lengthy course on Coursera (I felt the speed of the course was just right), it is also the most rewarding. Duke University has continuously proved to be a great school to take class via Coursera."
123,1,This more Application Area for People Analytics
123,2,"Got a deep understanding of People Analytics. Thanks to the professors who gave deep insights into Performance evaluation, Staffing, Collaboration & Talent Management and how to look at data in these areas to have a data-driven outcome. This really opened up areas of bias that humans tend to have and how analytics can help improve HR as a function while still allowing humans to control."
123,3,the best course about people analytics!
124,1,Excellent Course !! I already learned a lot of Supply Chain Logistics.
124,2,I learned how the supply chain management logistics works.
124,3,Good course that can gice an overview and insight of the supply chain logistics.
125,1,The course held my interest and gave a short and sweet overview on feminism and social justice issues. It provides context and background leading up to the current state of the oppression of women. I also think it's interesting that Pressor Aptheker has been personally involved in some of the movements discussed.
125,2,"Informative, inspiring, impactful, great learning in terms of social justice , mass movement , feminism, gender equality and struggle of women for her rights."
125,3,"Social justice feminism is the practice of recognizing issues of oppression dealing with race, class, sexuality, and citizenship and challenging them through practice rather than theory. This form of feminism allows for a broader audience beyond the white middle aged women who began the movement. It actively fights racism and class privilege by “ensuring that those most affected by policies and practices are at the decision making table.” It advocates for more women of color in leadership roles and allows recognition for global gender justice and women's rights."
126,1,The course is not updated according the latest version of IBM Watson studio
126,2,IBM Watson Studio can be more user friendly
126,3,Course should be updated to be used with IBM Watson Studio
127,1,I think this course is a good introduction in the User Experience Design.
127,2,Great Course to start your UI/UX design
127,3,Very well curated for UX fundamentals. This is for beginners to introduce them to basics of user experience design.
128,1,"Excellent course on hyperparameter tuning, regularization and optimization. Highly recommended."
128,2,"Best Course for learning hyperparameter tuning, Regularization and Optimization"
128,3,"very good content on Hyperparameter tuning , regularization ,Optimization and tensorflow"
129,1,really a great course that everyone who are aspiring to enter into the field of human resource. special thanks to john budd sir who introduced the human resources strategies
129,2,I Would like to thanks our honorable course instructor Professor John W. Budd. I have learned so many things about how to preparing manage human resources.
129,3,"This course is the perfect basis in learning how to manage Human Resources. John Budd is engaging, funny, and shares an array of valuable information. I have left this course prepared with the knowledge of various managerial styles, why they work (and when they work), HR laws and how they differ from the US to other countries, and employee motivations (both monetary and non-monetary)."
130,1,Thank you Prof. Charles Russell Severance! ^^
130,2,Thank you so much Dr. Charles Severance
130,3,The classes by Charles Russell Severance is one of the best I ever had.
131,1,It is a very good platform to learn :)
131,2,it is a good platform to learn
131,3,very good platform to learn
132,1,"This course really helps me understand the basic logic behind the modern macro business world. The focus on the history of economic schools and world economy is a highlight which provides lively background for the dull economic concepts. But the blame on China for the sluggish US and world economy is very biased and selectively blind, because Prof. Peter Navarro is Trump's economic advisor. When he blames China for everything, he forgot one fact that the 2008 Financial Crisis and the resulting world recession were initially caused by the US, not China. I respect Pro. Peter Navarro and really appreciate his teaching, but I don't think mixing too much personal bias into the public course is responsible and objective, and that's why I took two stars off."
132,2,i am a student of Indian Central University. I joined this course and got Certificate after completion of The Power of Macroeconomics: Economic Principles in the Real World. This course is very helpful for personal and professional life. If you are a student of Economics you should check it out once. Thanks Coursera and Thanks to UCI. My specially Thanks to Almighty Teacher Dr. Peter Navarro.
132,3,I had Macroeconomics in University. Over there I saw a lot of equations and economic ideas. This course was extremely useful to organize these ideas and to put them into historical perspective. Prof. Navarro really focus on practical issues e.g. why some ideas got left behind as they were unable to solve real life economic challenges. Economists benefit from taking this course as they merge into reality and can do a mental exercise of applying their formulas to the examples given. They can also learn how to comunicate with professionals from other areas and what society expects from them (in what regards Macroeconomics). Non-economists benefit from a broad and very elucidative view of Macroeconomics. This course is a rampart full of examples of how Macro affects our lifes.
133,1,"When I enrolled for this course, I was really just looking for a definition for the word 'philosophy'. Boy did I get more than what I bargained for!Instead of going down the usual historical path and looking at the philosophers in just chronological order, the lecturers at the University of Edinburgh have divided the topic into broad strokes, covering the big ideas (and their related writers) that have driven philosophical debate till today. They made sure every topic linked up, so we could understand materialism as the opposite of dualism, rather than in isolation from other avenues of thought. If I want to, I could definitely take my studies in philosophy much further, knowing now where to look!My only minor gripe would be the strong focus on Western philosophers and little mention of other cultural views, however, it would be unrealistic to ask for short online lectures to cover all of human thought endeavours. Hopefully other courses exist so all students can take a global approach to philosophy!"
133,2,"I didn't find the overall content of the course very well chosen for an introduction to philosophy - since it covers so little. The title of this course should have been ""An Introduction to Just a Couple of Topics in Philosophy."" And there are so few philosophers covered. However, the biggest problem was instructor Alasdair Richmond, whose response to debate was locking threads down every time his ideological positions were challenged. He showed himself completely inept to have a debate with more than one course participant and chose to censor a variety of viewpoints he dislikes. It was particularly ironic to see an instructor exercise censorship in a Philosophy course - a domain whose objective, after all, is the pursuit of truth as well as to ask and debate the ""why"" of everything! A petty tyrant does not make a good teacher.Should I ever meet anyone interested in studying Philosophy, my first recommendation to them will be stay away from the University of Edinburgh, since there is no respect for debate, freedom of expression, or inquiry there."
133,3,"I expected it to be an introduction to philosophy for true beginners - for those people who have absolutely no idea about philosophy, or have never taken a philosophy course before. Fortunately, I have previous knowledge of the branches and sub-branches of philosophy [Metaphysics (Cosmology, Ontology, Theology), Epistemology, Logic, Axiology/Value Theory (Ethics & Aesthetics), Political Philosophy, Social Philosophy, Language Philosophy], and their key concepts. I would have called the course ""Issues in Philosophy Today"" because the course focused on certain concepts from almost each branch. This course, however, gave me many insights into what kind of philosophical research is presently being conducted at universities, or at least at this university (University of Edinburgh). The course is very well organized and easy to follow. Extra reading would be necessary for those who cannot understand some key concepts. Thank you for offering this course for free for those of us who are interested in certain subjects for the sake of pure knowledge and interest."
134,1,"I am an Architect-Planner by profession. Was looking for this course for quite sometime. I finally found it on Coursera. I had a great time learning Fundamentals of GIS. I had never before worked in Gis though I had a very little theoretical idea. But, at the end of this course, I was able to analyse and make my own map, something I had never done before with GIS. The lectures were to the point, with most of the details covered. The assignments for practice were very helpful too. This course comes with a very helpful reading materiaI and a year long licensed version of ArcGIS too. I had a great time in taking up the quizes, and the peer reviewed final assignment. I highly recommend this course. Last but not the least, thank you Nick Santos for teaching so well! got back to class almost after 8 years and had a great time! I am sure that this will help me taking up further studies in my field."
134,2,Great course for GIS beginners.
134,3,"This is the best course in GIS I have ever done, especially considering that it touches the core GIS software-ArcGIS. I give credits to Coursera,Esri ,UC Davis and finally thanks to Nick Santos."
135,1,Good course for Understanding Research Methods
135,2,"Understanding Research methods have thrown a light on how to choose a Research and what makes a good research question,benefits of conducting literature review and methods to follow.planning and management were known with the experienced Researchers."
135,3,"I completed my MA in English Literature in 2009 but it took me another 4 years to complete my thesis equivalent to 100 marks. I submitted a thesis in Virginia Woolf's To The Lighthouse by using feminism as a theoretical framework. I have got A+ in the thesis as well. However, my passion for research methods and academic writing was not pacified. When the nationwide lockdown began from March 24 in Nepal, I thought to utilize the time in a productive way. Therefore, I googled some free online courses related to research and came to find out Understanding Research Methods proposed by the University of London, SOAS University of London. Yes, I didn't complete all the assignments on the given time; however, I did each and every assignment and went through the peer reviews. At the end of the course, I feel I have learned the things very practically. I learned about the research question, literature review and approaches, designs, philosophical assumptions and usefulness of the qualitative, quantitative and mixed methods of research to complete a research project in a successful way. I would like to thanks MOOC, University of London and the entire team for providing this opportunity for me."
136,1,"Given the very high quality of Professor Andrew Ng's lectures, I wanted to give this five stars, and I have given his previous classes five stars for that reason. You truly do learn a lot from what he teaches!Sadly I have to downrate this particular class due to huge technical problems with submitting Jupyter notebook based assignments. In particular, week 4's face recognition assignment was marred by several issues. For one thing, the grader would often crash and report technical issues instead of grading the assignment. For another thing, the grader would also take 30 to 60 minutes to run, which is far longer than it takes to actually run the Jupyter notebook itself! Finally, and quite seriously, in order to get 30/30 on the face recognition assignment of week 4, I had to submit an INCORRECT answer due to a bug in the grader itself. At least for me these are primarily week 4 issues.This class is still a terrific value and a valuable course for anyone wishing to study deep learning, and I am planning to make good use of these lessons. But I do believe that especially for the face recognition assignment it would have behooved the developers to test the assignment thoroughly before making it available to students and also to correct the substantial quality problems (i.e. failing a correct answer and accepting a wrong answer along with grader crashes) involving the grader. I hope these programming assignment quality problems do not appear again in the fifth course on recurrent networks because I am very much looking forward to that particular course given some of the projects I work on!I was torn on whether to give this three stars only or four stars but decided that given the overall learning value I am still giving it four stars. But again I do hope the developers are reading these reviews and also the discussion forums regarding the major quality issues involving the face recognition programming assignment. The other assignments were very good and did not pose such ridiculous issues (my experience only.)"
136,2,Great introduction to Jupyter Notebooks.
136,3,Some errors in jupyter notebooks
137,1,digital transformation is a must read for everyone...
137,2,Good enough to have a supercial approach on what is digital transformation. Thank you.
137,3,Thanks very much for this profund overview of digital transformation
138,1,I really enjoyed learning during the course. Thank You IBM & Coursera.
138,2,I really enjoyed learning this course.Thank You IBM & Coursera.
138,3,"Unfortunately, this particular course dissonates a lot from the previous ones made by IBM on Coursera. The material is very poor, the narration is very fast (we're not all native English speakers!) and most of the time it doesn't match what we see on the screen. It's completely confusing, it's impossible to aprehend any information on these videos. The study case is far from a good example to be understood, it only makes the classes even more confusing than they are.The notebooks are of very poor interaction, and even the quizzes and exams are not pedagogic. I really felt very much frustrated with this particular course and I hope no other will be as bad as this one, as I felt I had just wasted time and money doing it. I really felt like I've learned nothing from it. Reading the ""IBMOpenSource_FoundationalMethologyforDataScience"" 3 times and then making an exam about it would be 10 times more effective learning than wasting hours on this terrible course.I am really shocked with the lack of quality of this particular course, comparing to the other which are simply amazing. Please, substitute this course ASAP for a good one, because I am sure it is lowering the overall quality perception of anyone who is following the 9 courses to reach the certificate.Sorry about the honesty, but it was very hard to go through this course. I am still shocked about the difference between this one and the others IBM has offered.Thanks!"
139,1,"The Managing an Agile Team taught lessons were key to aligning essential Agile principles, and practices to non-software development business processes at my workplace. Applying Agile principles to achieve a highly functional team in the construction industry, seemed far fetched but these Agile practices have proved to produce very effective results over the years in building highly functional teams, robust to change, hence my desire to give it a try. This course has created the clarity I needed to apply Agile principles and practices to company processes, especially in a non-software development field, to achieve efficiency and save cost at work. It has also built up a series of ideas needed to approach a non-Agile friendly environment that suffers from very low alignment with some sort of autonomy."
139,2,"I am not new to Agile Development, but i had no idea what to expect about Design Thinking. Alex Cowan and this course helped me a lot not only with more than a basic understanding of what Design Thinking is and how to use it with Agile, but it also showed me how to improve my way of working with Agile itself. I am now appalled by the user stories i wrote up until this course. I strongly recommend Agile Meets Design Thinking to any Agile practitioner, Product Owner, Product Manager and Project Manager."
139,3,"I was able to refresh my knowledge on Fundamentals of some software development processes and practices used in the industry today. Deep dive into Agile practices using some popular methodologies such as extreme programming (XP) and Scrum and the practices they implement.Emerging software practice called Lean software development, learnt how Kanban is used within lean to track a team's progress and ensure that everyone is following a Just-In-Time production strategy.It was a wonderful experience taking this course as part of my software product management specialization. The ideas are intriguing."
140,1,Great introduction to Unity 3D game engine for people interested in game industry.
140,2,Great course to get familiar with Unity and game development
140,3,An excellent introduction to game development in unity.
141,1,Very good and informative course.
141,2,Very good and informative course
141,3,very good and informative course.
142,1,Excellent training with a good overview.
142,2,Very good training and very good trainner.
142,3,very good training and trainer
143,1,"A great introduction to the concept of RAPID, or may I say RAPID(S):Building rapport with the person you're trying to help, assessing the needs, prioritizing the needs, intervening to stabilize or mitigate distress, checking how they are doing / following up, and lastly, there's a lesson on self-help so that you can help people long-term and not e.g. burn out.All of these steps of RAPID(s) are explained in more detail in the course. There's also a simulation video of what the process can look like, which accompanies the whole course and ties it together nicely. There's also videos of how not to do it. I found the quality of the videos/acting to be almost perfect, and certainly excellent! :-)I can not praise the instructor enough, his long experience in the field has certainly honed his social skills, like compassion and connecting with other people. That comes through in the lectures and intro videos as well as the simulation. It's a helpful to have someone to look at and think: ""This is how I could also be one day, this I could strive for.""Content-wise, the lectures are to-the-point and not too long, sometimes I would have liked more detail but mostly they were just right for me.The tests are brief and aim at you understanding the core concepts and knowing some relevant data. The questions can be quite specific, so you need to pay attention to details throughout the course, however, it is only details actually relevant to the topic that you need to know. I got a sense that this course was compiled in a thoughtful and ""heartful"" way. Some minor room for small improvements aside here and there, overall, I found it a course of an outstanding quality content-wise, and of significant helpfulness for me, who was wholly new to the topic. I'm glad I took the course, as it was the right decision for me, and I feel significantly better equipped than before to help others. I now have a solid basic understanding and a useful overview of Psychological First Aid. In order to feel confident about my abilities in this area, I'd have to practize the things talked about, though, which an online course of course can't do. Which is to say, as far as the course goes and can go, five well-earned stars!"
143,2,I can't say enough good things about Dr. GS Everly Jr's course on Psychological First Aid: RAPID PFA. His teaching style made this course a breeze. I was able to gain a new understanding in how to help victims/survivors in the wake of disaster. His tone throughout the course helped to remind me that we are there to support these survivors and not label them with a mental health diagnosis (which is easy to do when you have a mental health worker background.) I feel confident in my abilities to help survivors in the wake of disaster after taking this course. Thank you Dr. Everly! I truly enjoyed taking this course.
143,3,a really good course in psychological first aid speciic to following an emergeny/disaster
144,1,"Big History: Connecting Knowledge is a fantastic course. Big History should be a required component of the modern education program. It offers a big perspective of past events and promotes and understanding and appreciation of the various fields of knowledge that help us understand the world around us. In light of the near-future challenges facing our world, this course has arrived just in time. It offers a valuable tool for understanding world education and culture. I am delighted that Dr. David Christian lead the wonderful team of teachers for this class. And of course, John and Hank Green were a special treat. Many thanks to Coursera - one of the great things to come from the internet."
144,2,"Great course that gave the big picture of how we the modern world got started. I liked that prof. Zelikow tried to convey why things happened, and the interrelationships of various events in world history."
144,3,"This is the longest course that I have completed thus far on Coursera. I have to say, overall, this course was a comprehensive, intriguing and informative experience. The professor comes off as very engaging and knowledgeable. I would never tire of listening to his way of explaining things. He does a great job at breaking down events in history into digestible chunks that link together cohesively. He really made me see history as a series of events and decisions that all build up on one another. One particular aspect I appreciated was his use of art as examples. He did a great job selecting art pieces and contextualizing them to the topic we were covering. It definitely gave me a deeper sense of the concept that he was addressing. Moreover, I appreciated the fact that this wasn't as Euro-centric as a lot of world history courses tend to be. He introduced me to some things I either never heard of (King Leopold's atrocious plundering of the Congo) or things that have never really been fully fleshed out for me (the slave revolts in Haiti ). He does a great job at making those key connections that help you explain why it something happened. For example, how the Louisiana purchase was not just sold by France willy nilly but that it was due to their defeat in Haiti that led them to sell the territory to the United States.Moving on to some cons that attributed to my 4-star rating, I'd like to point out two cons. The first is that I felt there wasn't much in the course besides watching the lectures. As insightful as they may be, I would have liked more reading material to follow up on topics discussed. Additionally, I would have liked discussion prompts here and there so the learner can make sense of the information by writing it out and discussing it with others. There were times I felt it was much too passive. I know there are discussion boards for this course, but it's not the same as them appearing after lectures like in other Coursera courses. Lastly, the other con that I'd like to mention is the way the quizzes are. A lot of the questions were about overly specific dry facts like numbers, percentages and dates. I would have appreciated more concept-checking questions to see because that's what can really help in assuring the content was received well. Overall, I thought this is a great overview of some major transitions that all seem to lead into the significant clashes of the 20th century. I look forward to taking the follow up course and I thank the professor for taking his time to make all these lecture videos."
145,1,Best Course on Oil and Gas Industry overview
145,2,A must for everyone working in the Oil & Gas Industry!
145,3,Such a great course about oil and gas industry.
146,1,"Good material, easy to understand"
146,2,"Great material, easy to understand"
146,3,excellent material and very good explanation
147,1,Great learning Python to access Web data with Dr Chuck!
147,2,"I thought the content layout for Courses 1 and 2 were okay. However, when I got to Course 3: Using Python to Access Web Data, I was extremely disappointed. This specialization is advertised as one does not require programming experience. Course 3, however, introduces a variety of computer science topics that I believe cause information overload for a beginner. A student is bombarded with information about regular expressions, the HTTP protocol, web sockets, URLs, HTML, XML, JSON, and APIs. In fact, the video lectures spend the majority of the time explaining these concepts, while spending very little time explaining how to use Python to access web data. The corresponding book, Python for Informatics, was of little help understanding the assignments. Like the videos, the book lacks sufficient numbers of examples. The few examples that are given lack adequate explanations of the code they contain. I found myself on many occasions asking, ""What exactly does this line or block of code do?"", and could not locate the answer. If not for the forum, I would not have been able to complete th"
147,3,"A great course by Dr. Chuck. Very informative and covers how to access web data using python. You will learn how to scrape, parse, and read web data as well as access data using web APIs. You will be working with HTML, XML, and JSON data formats in Python. This is not a class for experts but more suited for beginners."
148,1,Great introduction into Drug Discovery!
148,2,Drug discovery course is helpful to me
148,3,It is a good course to get into the pharmaceutical and drug discovery world
149,1,Excellent course !!! I highly recommend it !! ;)
149,2,Excellent course. I highly recommend it.
149,3,Excellent course. I highly recommend it!!
150,1,Excellent course. Great balance of theory and practice.
150,2,I really liked this course. It has a good balance between theory and practice.
150,3,Great course. Very good balance between theory and practice.
151,1,Excellent course! I enjoyed it a lot!
151,2,Very nice course. I enjoyed a lot.
151,3,Nice course.I enjoyed a lot
152,1,"Excellent material. Excellent content. The only reason I did not give this 5 stars was due to QwikLabs which are an astronomical waste of time. I finally found the problem. I did not need a workaround; the chat people are very friendly and entirely not helpful. Sadly, the problem is a simple one and lies directly with QwikLab and connecting to the Secure Shell. No one at Coursera and no one at QwikLab seems to care. The student is left on their own to try to figure it out on their own. After an astronomical 40 hours, I realized QwikLab's error. Otherwise I would give the course 5 stars."
152,2,"Great course! As a teacher myself, I understand that 80% of learners are visual, so I would create more visuals in the instructions. I had to go back and read the scripts and create visuals for myself to better understand what was being taught. The material is gone through quickly, so visual teaching is imperative. I would also say that I had many technical problems using Qwik Labs, because I use a Mac. I was able to figure out ways around it, but it took a couple of hours of my own time. If you use a Mac, know that the instructions are not updated in Qwik Labs, so you will be lost if you are a newbee. An example that came up 3 times is that my Mac uses Bash, so it would not except SSH or Chmod instructions. And, Chrome had a couple of glitches with my OS, so that would not always work. Qwik Labs also doesn't always upload your score even if you wait 5 miutes or much longer. I would let it time out and hope it transferred over. IT at Qwik Labs was little help, and I contacted them at least 4 times. IT at Qwiklabs (from my experience) is the ""what not to do"" IT department. Other than that, I really loved the class and recommend it to all."
152,3,"Unfortunately I have to rate this course rather low due to the nature of the labs. The information and the instructor were great and deserve a 5 star rating. Cindy was very well spoken and knowledgable about the topics that were covered. I'm not sure who has a stake in Qwiklabs (if anyone at all), but the labs that you are required to take as part of the quizzes for this particular course are just flat out poorly implemented. To begin with, for several weeks I was unable to participate in the labs - often having to wait 24-72 hours just to get in at all. I was continually getting the ""Due to overwhelming response"" error. There was no possible way that all of the labs were ""full"" constantly around the clock for days on end. This error persisted for around 2 weeks. I am paying $50 a month for this service, and to me, this error is unacceptable. Then there was the issue of labs not recognizing the tasks that were completed. For some of the labs the ""fix"" to this issue was waiting up to 30 minutes just to begin them to ensure the VM instance was fully loaded. This is another unacceptable error for a service I'm paying a lot of money for. The idea and the concept of the labs running through a VM instance is brilliant, but the implementation of these labs through the Qwiklabs portal was without a doubt a fumble on somebody's part, and quite frankly based on this one course alone I could not recommend anyone to sign up for the Google IT certificate unless the Qwiklabs issues would be rectified."
153,1,"This course is a great source to get better at group communication, we learn things that we have never possibly thought could influence our skills on teamwork, but they do. Also, the classmates seem to enjoy a lot the content, as their application on the proposed peer-reviewed assignments is very nice and pertinent. I recommend it. It is wonderful to learn so many useful hints about communication in the team, ranging from language usage, decision-making traps, practices of good decision making to conflict management. And it is also useful to understand how technology can affect our communication."
153,2,Good course to learn communication skills.
153,3,Very helpful course to improve communication skills
154,1,"Loved this course! Dr. Chuck makes it fun by adding the bonus material - office hours videos as well as the fantastic interviews with all the computing greats whose work we've used so far but haven't had any chance to interact. The course itself is great at explaining tricky topics including web architectures involving crawlers, search engines, data wrangling code etc. without turning off new learners. The sql/ rdbms part eases learners into using DRI with without the actual declarations rather inserts and updates, but this is so vital a concept for databases that there could possibly be some bonus video explaining this with a little bit more rigor (as sqlite does support foreign key references). Nevertherless a great course keeping in mind that it primarily deals with programming in python rather than db code."
154,2,"Great introduction to using python to create, edit and query data from SQL (SQLite used in the course) databases."
154,3,"This course does an excellent job of blending a basic introduction to relational databases and SQLite with some important tools in Python. Folks comfortable with SQL can probably skip most of the lecture in weeks 2 and 3, as the content is focused on learning SQL and using the SQLite browser as opposed to using Python with these tools. This was a great way to bring together the fundamentals from the first three courses in this specialization."
155,1,A very good introductory course.
155,2,It's a good introductory course.
155,3,A very good introductory Course
156,1,"This course is rather fun to take!! It slowly builds your knowledge base in Python (mostly through CodeAcademy exercises), while at the same time giving biologically-relevant problems to solve so that you get some practice in applying what you learnt in a real-world context. I would especially recommend it to Life Science-trained people who want to learn how to program in Python, but find themselves put off by the fact that most of the practice problems out there are not very relevant to their field, such as constructing irrelevant programs, for example. In this case, such people are will find themselves at home in the problems given in this course. The familiarity of the context in which the problems exist proves to be quite motivating, and makes the task of trying to find the solution using programming very rewarding. Most of the problems revolve around finding different kinds of patterns in DNA strings, such as finding frequent kmers, finding motifs, etc. But don't worry, you aren't just finding them for the sake of finding them, there is a very real biological question used to frame these pattern-finding problems, which prevents this course from being dry.Just take note though: you must try and complete at least a few units CodeAcademy Python track BEFORE starting the course, instead of starting DURING the course as expected. This is because during the first few days of the course, it can be quite distracting to constantly jump between the course material and CodeAcademy, which might break your link and cause you to lose interest in the problem you are currently trying to solve. Solve some CodeAcademy units first, and then tackle the problem in a more continuous manner."
156,2,"An excellent course that is a great opportunity for anyone interested in bioinformatics, no previous experience is necessary but either a biological, mathematical or computing background will give you advantages in certain areas. Being a biologist I struggled at first and many of you may do the same but stick with it, work hard on it and you will be rewarded and it is incredibly satisfying.Due to the practical coding nature of the course, each week can take up a lot of you time. Best if you have a few weeks free (e.g. a graduate student like me) so you can spend a few whole days of it but could be done before/after work if you are motivated and plug away at it each day - just something to keep in mind though, don't expect a light easy 1 hour a week course, it is intensive but in a good way. It can get frustrating, you will want to give up time and time again....but stick at it and you will have a shiny new Coursera certificate and a wealth of programming knowledge under your belt once you finish!A massive two thumbs up for this course, one of the best ones out there that gives you real worthwhile skills that employers and academia want. Thanks to all the course staff for a great experience!"
156,3,"The first three weeks were too easy, then Jeff Leek introduced a bunch of Statistical Concepts at once. I think I would rather have spent more time taking an overview of the field and what the certificate has to offer in application to my job as a biologist/learning bioinformatics.The project at the end reminded me of evaluating scientific papers in college. Very useful, but out of context I thought. I think I would like to have more of a refresher in certain concepts in advanced genetics prior to being quizzed on them through a project. Overall, it was a good course, but someone without a background in biology will certainly struggle with it"
157,1,"Very good course by instructor chris impey, i learned a lot from this course about astronomy there are many assignments and activities that improved my knowledge and curiosity in astronomy."
157,2,"A privilege and a blessing (in the spiritual sense) to have come across this unique course - and so brilliantly choreographed by Prof Chris Impey and his team. The course was very well structured, crisp and precise to a novice in Astronomy like me and to obtain a basic understanding of our cosmos, and our place in the universe. The Earth is unique ands seems to have been created with great care and precision by the superior being or intelligent presence in the universe. I wish I could live forever to be part of the fascinating progress in astronomy and be part of the future explorations and travels into the wider cosmos. I look forward to enhancing my knowledge gained on Astronomy by undergoing further courses. My best wishes to the University of Arizona."
157,3,"an amazing course, starting from the history of the astronomy, leading towards the future of our existence, full of interesting notions about the universe.It's the perfect course for who does know nothing or very poor about astronomy and it doesn't require math or physics or biology knowledge in advance.I really enjoyed this journey with professor Chris Impey and it really engaged me with the astronomy.Many thanks!"
158,1,Great introduction to Wind Energy.
158,2,This is a good course about the wind energy and its utilisation.
158,3,Great course to get iniciated with wind energy
159,1,"Excellent course and excellent knowledge, I recommend anyone who is interested in diplomacy or international relations"
159,2,Global Diplomacy-Diplomacy in the Modern World is an interesting program with an easy to follow outline of the course content. It has satisfied my curiosity into knowing about the subject of Diplomacy in International relations.
159,3,it was a good course about diplomacy
160,1,give you basic knowledge for understanding NN and DL. very nice
160,2,"A great intro to NN requiring only a basic understanding of linear algebra, calculus, and programming. The learning curve is very gentle, starting with the simplest example of a 1-node NN (logistic regression) and progressing to a NN with one hidden layer, then finally a deep NN. The programming assignments consist of filling in the critical lines of a program, with the program structure already provided. For advanced students though, the course moves a little slowly and doesn't quite go deeply enough into the math. Everyone with basic math and programming skills should be able to get 100% in this course."
160,3,"One of the aptest courses on DL, especially the assignments where you actually get to build a NN from scratch with all the concepts learned in the course. I strongly recommend this course to anyone who wants to get a very good intuition on NN & DL"
161,1,"Wohoooo! Just complete the IT Security course! The learning journey was amazing. I have learned so many interesting things about IT Security as like Security Threats, Cryptography, IT Security Infrastructure, Network Security, Defense in Depth and so on. In this course I most interesting thing I have learn Cryptography. I will recommend this course for any IT Support Specialist."
161,2,Full of all there is to know about IT security.
161,3,the best course on IT Security
162,1,I want to truly thank Mr. Alex Cowan for carving out such a nice course for all the product managers and aspiring ones as well. The course content is very good and if any one has been in the industry and worked as a product manager then he / she can relate to it very well. The way Alex has explained the concepts and how we need to implement them is of immense importance for any product manager in their daily product management related work activities. I will recommend this course to all the aspiring product managers as well as those who are already practicing product management.
162,2,"It's challenging to teach and learn product management through an online course. You can get an overview of the important topics and learn the theory, but this doesn't enable discussion, exchanging experiences, and forming balanced opinions. A product management does a lot of her/his work by talking (to many different people involved), which is very difficult to train online (it could be done with role playing assignments supported by video conferencing, but I think learning from experienced colleagues in practice is a much better way). The quizzes are often a good way to rehearse the topics that have been explained, but sometimes feel like an extremely simplified black-white view on very nuanced issues.The best parts of the Software Product Management courses for me were the larger assignments you make that are reviewed by fellow students (getting feedback is very useful and it's also instructive to see what approach your peers took) and the interviews with experienced product managers which offer valuable insights in the complicated situations product managers often have to deal with.I recommend this course to anyone that is new to software product management and quite new to software development. The course can be a good first step on your path to becoming a product manager, as long as you realize that you will also need a lot of skills that an online course cannot teach you."
162,3,"It's challenging to teach and learn product management through an online course. You can get an overview of the important topics and learn the theory, but this doesn't enable discussion, exchanging experiences, and forming balanced opinions. A product management does a lot of her/his work by talking (to many different people involved), which is very difficult to train online (it could be done with role playing assignments supported by video conferencing, but I think learning from experienced colleagues in practice is a much better way). The quizzes are often a good way to rehearse the topics that have been explained, but sometimes feel like an extremely simplified black-white view on very nuanced issues.The best parts of the Software Product Management courses for me were the larger assignments you make that are reviewed by fellow students (getting feedback is very useful and it's also instructive to see what approach your peers took) and the interviews with experienced product managers which offer valuable insights in the complicated situations product managers often have to deal with.I recommend this course to anyone that is new to software product management and quite new to software development. The course can be a good first step on your path to becoming a product manager, as long as you realize that you will also need a lot of skills that an online course cannot teach you."
163,1,Great course to learn Data Visualization
163,2,A very good introduction to the data visualization world.
163,3,Best course on data visualization.
164,1,"It has been an interesting course, I have learned how to write my resume, cover letter and networking elevator speech."
164,2,"It is an excellent course, I highly recommend this course to job seeker to prepare a professional resume and cover letter and also get familiar with the interview atmosphere."
164,3,"Thank you so much. I have learned many new things about resume, cover letter, and job interview."
165,1,This course very knowledgwable (introduction to cybersecurity tools & cyber attacks).
165,2,This introductory course to cyber security tools and cyber attacks is top notch. I have indeed understood certain concepts better despite my numerous years of cyber security.
165,3,"Great introduction in the ""Cyber"" Security world."
166,1,A great introduction of entrepreneurship
166,2,This course is very helpful for entrepreneurship
166,3,"I have understood the whole business process right from conceiving an idea, Market Research, startups, Risk factors, Creating Business plans, and marketing through social media, Investment sourcing, through social media, Venture capitalists By presenting with necessary stuff like business plans, market research and business plan and financials.Not just the above business process, as well as i have improved the Business vocabulary.Even if you are an entrepreneur already, this course will help you understand more about the entrepreneurship.Thanks Coursera Team.Jeyakumar Subbiah"
167,1,Great Intro Course would Recommend.
167,2,Great intro course for beginners.
167,3,"Great intro course, thank you!"
168,1,"First of all, I am grateful to Dr. Sainani and Coursera for putting up such a well organized course.The guidelines provided in this course will certainly spare me several frustrating hours of trial and error, trying to piece together a ""good scientific manuscript"".The course however, is not restricted to writing just journal articles. It also provides an excellent initiation into the skill of writing grants, LOR, personal statements, review articles. There is also something in store for those who may want to pursue a career in science communication in the future.I personally enjoyed the interviews with the journal editors and Dr. Sainani's former students. All in all, this course is an all-round package."
168,2,"I wish this course was taught in the first year of my bachelor, or even every scientific bachelor - it would certainly make scientific literature more readable. The instructor, Dr. Kristin Sainani, is excellent; she explains every subject clearly, engagingly, and illustrated with examples. You can directly apply what you have learned to your own writing, be it scientific or more personal. The course not only addresses linguistics and the scientific manuscript, but also the writing process itself (with the often overlooked but oh-so precious pre-writing step), peer reviews, and writings beyond the scientific publications. I would highly recommend this course to everyone working in science, but especially to undergraduates; this course will teach you incredible useful writing skills that you probably will not learn during your bachelor."
168,3,"A really excellent course. Dr. Sainani explains clearly and without disturbing ""clutter"" how to write scientific papers, summaries for lay readers, science news articles and more. I wish, I had taken this course in my university days before writing my first science paper - but better late than never. There are a lot of opportunities for ""learning by doing"" in this course, and I feel it has improved my writing skills.5 stars: I most definitely recommend this course!!"
169,1,Great introductory course to the world of Private Equity and Venture Capital
169,2,Very good introduction course for the knowledge of Private equity and venture capital
169,3,"This course is a useful introduction to the Private Equity and Venture Capital Industry. You will learn what are the PE deals, vehicles, management process of PE funds, and how PE does company valuations."
170,1,A very well structured course
170,2,a very well structured course
170,3,A very well structured course.
171,1,Introduction to Engineering Mechanics is good start with basics for Civil Engineering to get into senior classes
171,2,As an introduction of engineering mechanics it is very helpful course
171,3,"I took the the Introduction to Engineering Mechanics by Dr Whiteman. I would like to give feedback that the Dr Whiteman is awesome, his way of teaching shows great subject knowledge. The practical examples with scaled models is superb and I could understand different support conditions with the help of his models. Hats off to Dr Whiteman who made understanding so practical which no professor here would teach students in India. Hope he takes several courses especially Civil Engineering, most importantly the Design of Reinforced Concrete Members in the future, which will help interested students around the world like me. The way he talks about beams, columns and structural members is giving us a lot of confidence. I would love to take Theory of Structures and RCC (Reinforced Cement Concrete) structural design courses from Dr. Whiteman/COURSERA. Thanks from my heart to Dr Whiteman of Georgia Tech. Chandra Prakash (a middle class father of 2 daughters earning 2500USD per annum), Hyderabad, INDIA."
172,1,"Introductory Human Physiology course is a great tool to figure out how the human body works, focusing on the most relevant aspects of the organism and making it easy to understand."
172,2,"The primary reason for enrolling in the course was to enhance my knowledge base of human physiology. Although it has been many decades since I've taken anatomy and physiology as well as pathophysiology, I have taught it twice at the secondary level. Upon reviewing the description of the course, it indicated that it was introductory, but knowledge of biology/science would be helpful, I thought it might be a great refresher course. I beg to differ! This course WAS NOT introductory. Let me give you the positives first: pdf's and readings were extremely helpful. The negatives, the instructors were not impressive. One instructor talked absolutely too fast and much too often wouldn't complete the sentences OR she would repeat words or phrases that didn't make sense. I found it difficult to grasp the lecture when this instructor couldn't get through a sentence without stumbling over her thoughts, mumbling, trailing off and not finishing her sentence, etc. More often than not, the information provided in the lecture was inconsistent with the notes/pdf's. One other thing, she constantly smacked her mouth which was nerve-wrecking! During the lectures, she would write on the powerpoints, which was either sloppy or not legible. After the fifth week, I honestly wanted to withdraw from the course, but decided to finish it out solely because it was half way completed and the time that had already been invested. Many viewers gave the course 5 stars, I could not. Although I completed the course with a 93.4% grade, the level of information was extensive, to some degree over the top. The course needs to be restructured so that it stays within the context of an introductory course. In my opinion, this course is more suitable for a first-second year medical student. BTW, this is the sixth course that I have completed through Coursera, including a specialization. Good luck!"
172,3,"I'm a college freshman (majoring in nursing) and I took this course due to the pandemic. I found this course challenging since it focuses more on the physiology of the human body in more detail than a regular my anatomy and physiology class back in high school. This course isn't really an ""introductory"" course, you may need some background on science courses like chemistry, biology, anatomy, and physiology (So keep that in mind if you want to enroll). I have a limited background in science these courses (Biology, chemistry, etc) and finished this course, and yes it is possible to finish this course without knowing all about science stuff, it just took a little more effort to quickly learn science terms and stuff. With all of that, the course was great and for a nursing major like me really helped me developed surface-level knowledge about the function of the human body. Lectures are good, a little fast for me but they provide great PDF that I can refer to. Practice quizzes did help me a lot, but I hope that they provide feedback or explanation on why I got it wrong instead of just showing ""correct"" or ""incorrect"". It's worth my time learning physiology and I highly recommend it! Big thanks to the instructors and staff, especially Coursera for making this course free to the public!"
173,1,"First of all I joined this course just in a wonder Oh it's Google's course and I successfully completed my first week and after that I took a break, which was definitely a long break from continuing this course and then the deadlines was approaching closer and closer. I started to learn from there. And it was getting interesting day by day. I finished my week 2 by 5 days and week 3 & 4 by a single day. Week 5 was gone in a FLASH and completed my week 6 TODAY!! THANK YOU GOOGLE and the MENTORS for this wonderful course"
173,2,"It is so marvellous to realise how capable I could be when I am being taught by trailblazers like Googlers themselves. The exercises are very helpful and they help me to stay alert and challenge my thinking about technology. I am very sure I am going to work hard to complete the course in the shortest time as possible. I cannot wait to recommend this program to my friends and family. Thank you, Google, very much for exposing or unearthing my technological talent because I never anticipated I could come to this far considering my background in technology. The courses are very insightful. I like the way Google has simplified complex tasks to the level of a novice like me."
173,3,One of the worst courses I've tried.DO NOT PAY FOR THIS!!Google is using their reputation to make money. The speakers are just reading information from a teleprompter. They seem more interested in their tight t shirts and muscles than actually teaching. Not to mention the numerous mistakes they make while reading; one would think Google went to a gym and picked up a bunch of people to read some tech stuff someone wrote in 5 minutes.There has been no effort put in to make this course a learning experience and that is evident within the first week of material itself. The courses on udemy are a million times better (literally) with instructors who are passionate about teaching (Check out Mike Meyers on Udemy). Thankfully I enrolled in this course with the 7 day trial period. Out I go. I still feel cheated because I invested my time and effort into really learning because I trusted Google to put out good lessons. Then I went onto Udemy and saw what good lessons actually were.WHAT A SCAM!
174,1,"Dr. Chuck is the most encouraging and entertaining teacher I have ever met!!! He really makes learning about computer and programming easy and fun! And he makes a great Prof. Snape impersonation! :-)Most importantly, Dr. Chuck intentionally included many mistakes in his teaching materials. As a self-taught programmer who has struggled on one's own, I believe this is the most valuable part of the lectures. The students get to understand from the very beginning how to read error messages and tracebacks, how to debug, how not to be intimidated by mistakes and failures, and how to become a confident programmer. This should be THE teaching model for programming in any language!Thank you, Dr. Chuck! And I look forward to learning more from you in our follow-up courses!"
174,2,"Majoring in Genetics and Molecular Biology, I were fortunate enough to meet one of my lecturer who works primarily on Next Generation Sequencing and its downstream analysis. Knowing the importance of how computer science will be in the near future and its power, he urges us to learn about programming and suggests us to extend our semester to take some programming courses from my university. It was the first time I heard about those words: Linux, big data, programming languages such as Java, Python et cetera. I started searching about some summer courses in my university and also other part time courses from other universities in my countries, but none of them is satisfactory. And then I found coursera, and decided to register for this course - Programming for Everybody. It is really a great solution, I don't have to extend my semester, I can learn something so useful to my major yet it is not included in my own course program, and most importantly, I can learn whenever I am free and proceed in my own pace. In this way I find it easier to figure out things which I am confused of and clear them out before I think I am ready for the next.Dr. Chuck is indeed one of the most inspiring and encouraging lecturer I have ever met. Clear explanation, and step by step guidance, he clears all doubts in an interesting way. It is his humour that helps me to remember things. Programming can be boring and dull, it is so technical, imagine that you have to follow a certain number of rules to talk to someone, but Dr. Chuck makes sense out of it (I still remember the first lecture: while you think you are joking with python, it says syntax error). As my first programming course, I really learn a lot from Dr. Chuck, a lot more than I expected to. I truly appreciate all the efforts made by Dr. Chuck and his teams, and also, the teams behind Coursera. Thank you."
174,3,"I'd like to say this is the MOST AMAZING programming course I've taken. I have been trying to learn programming since I was in primary school (OK and now I am a high school graduate). Through the years I've learned Scratch, C++ and a couple of other things at school that I don't remember. But the problem was, all those teachers were going way too fast for a beginner like me to understand the whole thing. They also presumed that I understood their logic, but in reality I couldn't. So I only had to remember the ""codes"" and copy them from my brain onto exams. Then a few months later, I'd forget them. But Dr. Chuck's course is amazing, literally amazing. His pace of teaching was just the perfect tempo for me, not too fast so as to get the whole picture and get things organized, and not too slow to waste time. I think he did an excellent job in illustrating the whole logic of the codes we've learned. Also as a programmer for many years, he had many small tips for us beginners (like how to find the same file in both Atom and Python) that are really useful but are not included in typical textbooks. He is also very humorous and listening to his course is nothing but boring. The funny little videos in Bonus part were also relaxing. And I think the quiz and homework system in Coursera worked pretty well with the lectures. It gave me chances to check my progress, and pointed out the small things I missed in the lectures. I also like the forum where we can ask questions and see how hundreds of other students throughout the world are learning with me. The whole system made my learning very efficient. Since I am just a new comer to programming, I can't pick out some technical problems of the course design. I've seen many comments saying how the course lacked some basic points, and I think they might be true. However, from my point of view, I am really satisfied with how much I successfully learned in such a short course, and I am really grateful for Dr. Chuck and Coursera for providing such a wonderful educational experience."
175,1,Very informative and interesting course. I learned a lot about Renewable Energy and Green Building Entrepreneurship. Best Experience.
175,2,I'm honored to have been bestowed with a certificate in Renewable Energy and Green Building Entrepreneurship from Duke University. The course provided a thorough understanding of why Renewable Energy is crucial for the control of climate change and how people can it can also be transformed into an Entrepreneurial venture.
175,3,I know to passageway renewable energy and green building entrepreneurship. This is nice learning.
176,1,"This course was a good primer for those who have little or no background in epidemiology and public health. In particular, the instructor set the practice of public health in the context of its longstanding history and the tools that were developed by researchers and government officials to collect population and health data, in order to respond to health issues and threats in a way that traditional, individualized clinical practice was. However, the instructor does not necessarily make the learning objectives clear in each week, and often tests on material that was only vaguely mentioned in the lecture videos or was poorly defined. The last week of the course, on mapping health data with GIS tools, is promising, as it introduces the student to powerful data tools and comprehensive health and geographic data available to the public. However, it falls short in that this segment provides only a cursory treatment of these tools, walking through an exercise that does not reflect the practical usage of such aids and therefore fails to provide the opportunity for students to attain rudimentary skills."
176,2,"This is an excellent introduction to the basics of epidemiology. I took it at the testing time of COVID-19 to be able to critique the evidence presented in the vast body of news coverage. The course structure is well balanced and key epidemiology basics covered. The explanations to concepts are very clear, often with reference to real-life examples for easier understanding. The course slides are detailed but concise, with key information highlighted. The additional reading provides useful extracurricular materials in greater depth. After learning this course, I find myself more confident in reading publications on public health studies for my work in air quality, which is such a wonderful reward for following through this course. Many thanks to Drs Alexander and Yeatts! One of my suggestions for improvement would be to provide detailed explanations to the questions in the weekly quizzes. Currently reviewing the answered questions does not provide any informative feedback apart from right or wrong - it does not even show my answers, which is not very helpful for effective learning from the mistakes. Another suggestion may be to add sample size calculations for each study design? However, these are really minor comments, compared with the great materials the two instructors prepared. Once again, thanks very much!"
176,3,good course for learning about epidemiology and public health issue
177,1,Dr. Laurie Santos is amazing! Great course!!!!
177,2,loved this course!!! thank you Laurie Santos!!!
177,3,"its the professor , Laurie Santos"
178,1,It was a basic course about six sigma and lean
178,2,Excellent Course to understand the Lean Six Sigma.
178,3,Data Analytics for Lean Six Sigma was a great introduction to statistics and the principles of six sigma.
179,1,"This was an interesting course that covered a lot of topics in the horse industry. It's great for people who have been around horses a long time already or total beginners. I have had horses for years but still learned a ton from this course (mostly learned more about anatomy, diets, hoof and dental care.)"
179,2,"This course covers anything you could possibly want to know about horses or other equids. It's great for beginners, like me. Having never owned any pets, much less a horse, I felt naïve in my knowledge on the correct handling of these wonderful creatures. This course really improved confidence for when I come into contact with horses. The only downside to this course was that it only gave one view as to how horses came in existence. There are some people, like me, who believe that all equids were specially created by the Creator. Perhaps for when the makers do this course again, they could give both views and let the viewers believe what they want. But everything else was great."
179,3,"Horses & equines are talked about less as sentient beings and creatures with the potential to be friends and family members than as animals who are clearly seen as ""less than"", regardless of whether they are seen to be impressive or not. Some information is clearly not in a horse's best interest (really, a horse is ok getting ONE hour of turnout?) and no quality information is given, which is most important, about the proper way a horse moves, soreness, etc. Body scale information is super black and white and it was evident with the peer review that students still did not know what they were talking about unless they were already horse people."
180,1,"The explanations of the instructor are very comprehensive it has filled in all the gaps the I lacked regarding the complicated concepts I still have not understood back in high school. I have gained a good foundation in calculus through this course. Thank you so much, the University of Sydney, and to professor David Easdown."
180,2,I would like to thank Prof. David Easdown for the very good presentation and lectures that he had given. I took this class to refresh me with fundamental concepts of Calculus as I have taken the Calculus courses more than 40 years ago. The presentation is very clear and the reading materials enhance the concepts that are discussed in the presentations and provide clear examples that I used as guides in reviewing and taking the chapter quizzes. I look forward taking other courses from Prof. David Easdown in the future.
180,3,"Excellent course! I learned so much in such a short amount of time. It's an excellent introduction to calculus and a good way to increase your mathematical skills. The lectures are great and the readings allow you to get all the information at your own pace and are a good way to get familiar with proper mathematical language and notation without being hard to read (if you have paid attention!). The quizzes and exercises are challenging enough to make you think and feel rewarded for being able to solve them, but not enough to make you want to quit them (in fact, I had a lot of fun doing them!). My advice to other people that want to take the course is not to rush it and to do all readings and exercises (try to get a perfect score in all the exercises and to understand all the questions before attempting each week's quiz). I am grateful to the University of Sidney and to professor David Easdown for making a calculus course of such high quality accessible to everyone. I feel more confident in my math skills and ready to keep learning more advanced stuff"
181,1,"The course provides you with an excellent platform to learn & understand the public policy challenges. You will be able to listen the opinion of experts from political and social sphere to discuss public policy issues & challenges; how decisions are reached and consensus is developed. If you are interested in understanding the diverse set of public policy areas including, inter-alia, US Affordable Care Act, US China relationship, the role of media and government, data privacy in the information age etc. You must, therefore, allow yourself to review this course. You will also allow yourself to understand the unique perspective that Professor Gerry Warburg brings in when he engages the experts in involved yet pragmatic deliberations with regard to various issues."
181,2,The Course (Moral Foundations of Politics ) is an important subject for Politicains and the students of Political science. Prof. Ian Shapiro's lectureres have good information and most helpful.
181,3,"This course has helped me to understand how and why the development and shaping a public policy that will impact a large population is done. My limited understanding while trying to leverage, use a policy to define & develop Communications framework | strategy to try and influence the same and see how it impacts business and brands is now changed. I will now look more carefully in the process of developing | shaping a policy and accordingly use to develop the communications framework. These session on healthcare | technology | war powers was fascinating & the discussion with Senators was encouraging to hear and understand how it actually pans out. I assume even in the Indian context, a similar process would be happening albeit not necessarily coming to help students understand the nuances of the same. Having completed this course, I move on another one with HarvardX: U.S. Public Policy: Social, Economic, and Foreign Policies that needs to be done and later planning a Graduate Certificate Course in Public Policy by an Indian private school to enhance my understanding of public policy. Am very thankful for UVA to have allowed foreign students to participate and learn especially someone like me at 52 with 26 years of professional work experience to get a chance. Thanks a lot to Dean, UVA and Prof. Warburg and entire Team who put this great course together..!!Shankar Chelluri | Hyderabad | India"
182,1,Very Good Course for them who are interested in Cloud Computing.
182,2,"Previously,I know nothing about cloud computing.But now I know about cloud computing."
182,3,very interesting platform for cloud computing.
183,1,"Really useful course. It helps me review my works and study.I come from Taiwan, currently as a MBA student studying in the UK. As a non English native speaker, it is really stressful to learn new things in academic level in a foreign language. I used to force myself study for a very long time without a break, but the results were not good as I expected. I blamed this to my language barrier, I thought the difference between the other successful peers is I couldn't have an the chance as the others who had better educational environment and leant English on the early stage.This class lets me understand the biggest challenge of my learning is procrastination. Hopefully, procrastination is nothing about being stupid or should feel shame about, it is a natural metal mechanism of our brain avoiding unpleasure things. And it can be overcome by methods and practices. Pomodoro Technique really helps my memory and extends the time I keep concentrate on one thing. With the practice my brain works more efficient and it brings better result.I recommend this course for the other who is struling with the barrier on learning and who does not have confident for himself/ herself on working and leaning. This course may change your mind."
183,2,"I think this is one of the best courses I have attended. I wish concepts taught in this class are taught to every student right from the early age. I am 39 years old and as I look for a job (I was laid off a while back), I feel educating myself by getting certifications would be a good idea to enhance my prospects of exposing myself to better opportunities and with this course I have the self confidence that yes I can learn and get good grades in my certifications. I was getting bogged down by procrastination to a very large extent in my life and this course helped me deal with the procrastination zombies using pomodoro, this feels so empowering and I am glad I did not choose depression or bad habits. After incorporating the pomodoro technique I have also significantly reduced my 10+ year smoking habit and I am confident I will get rid of it like a champ. Listening to professors from such esteemed colleges and universities help break the dogma/belief in my head that people are born genius. With hard work, dedication and self-belief anything is possible. Lastly, I want to thank Barbara Oakley and Terry Sejnowski from the bottom of my heart, Thank you for teaching me about learning."
183,3,"I have just finished this course, and I must say that curiosity led me to take the course. 'Learning how to learn... ' I said to myself how do you learn to learn? Having finished the course, I totally agree that everyone needs to 'learn how to learn' If it can be simplified for the young minds, the course should actually be taken in grade school, then I thinks a lot more students will make straight A's. (Just my thought), The saying goes 'who feel it knows it.' The experience and knowledge of the instructor's Dr. Barbara Oakley and Dr. Terrence Sejnowski coupled with the outline, presentation and video helps (if I may use the language of the course) in interleaving seemingly related and different ideas (using metaphors and analogies) through out this course. How many things we take for granted? - movements, seeing, hearing, even blinking etc. The enigmatic power of the brain to process so many details within minutes, the power of your thoughts to change your person. Concept mapping, chunking, Procrastination and the Pomodoro technique (this I think we all do without realising there is actually techniques it, cues to procrastination etc. There is just so much to learn in this short course than can be explained. I am one of those who used the opportunity of the lock-down, it has opened my eye and I am willing to take more courses. I have also introduced the course to some people young and old to recharge their Brains. It is difference from what I learnt in all my years through school, university and experience in life. 'The taste is in the pudding' My curiosity is thoroughly satisfied, I deeply appreciate the instructors, Coursera and all the team members involved in making this course available online, Thank you"
184,1,"I thoroughly enjoyed the course and discussion forum was very helpful to progress. However few improvements is required to have better user experience 1) The content should be upgraded to latest python 2) Since the course recommends Graphlab, there should be up to date detailed instructions to install the same ( disclaimer that this course is not about software....is not helpful to progress) 3) No response is discussion forum - there's no responses provided to the queries. I do understand many questions in discussion forum is repetitive and someone may find the answer by scrolling through long unstructured hundreds of responses, however this is not efficient."
184,2,"Why is this course dangerous?I took this course because first I liked the idea to have a history lesson spanning the age of the whole universe. Maybe it is also intriguing to explain everything just with one principle: the second law of thermodynamics. BUT as it turned out they don't have any clue what this second law of thermodynamics means. They always forget the second part of it: it is just valide in a closed system. I think everbody will agree, that the earth for example isn't a closed system.In the beginning they tell you you should be critical about everything new you hear or get taught. But if you are critical and question things they teach you they will ignore you. One glance at the discussion forum shows: they are fast in answering good feedback and compliments by students, but critical questions (with scientific papers who show different facts) get ignored for weeks and months. They are cherry picking. They just see what encourages their view and their opinion and ignore everything that contradicts their course, opinion, believe and dogma. In this respect they are so dangerous. That is the same principle how cults work.Maybe their goal, stopping polluting and changing the world in such a speed seems to be a good one. But also here you have to be careful. When they talk about climate change and the overuse of ressources they are exaggerating by a factor of 50! In my opinion you are damaging an important discussion if you are lying and exaggerating in such a shameless way. For sure it is not helpful! But again, the truth doesn't fit in their world view. Furthermore they ""teach"" that cities get blown away by taifoons is caused by the ""universe balancing entropy"". This isn't just lack of understanding physics, or history, or flow mechanics, it is just insane.In summary: this is not a history course, but the ""teachings"" of a lying, exaggerating, cherry picking cult with no knowledge in particle physics, cosmology, chemistry, biology or even history.So please: if you take this course, be aware of this pitfalls and their intentions."
184,3,"Very difficult. Harder than pretty much all of the courses I've taken in college, more or less, based on how much material is covered and the amount of research you have to do on top of the lectures in order to just get a passing grade on the assignments. Definitely a grad level course, probably harder than most grad level courses I've taken in college just for the amount of effort needed to get a perfect score on all assignments (unfortunately it depends on how good of a computer you have to run your solutions). The challenge just makes it even more fun. Lectures barely covers anything needed to do the assignments, which just gives you a surface level introduction to the concepts needed to solve the problems. The discussion forum is crucial to getting good guidance on how to solve the problems. Pretty much all of the assignments involved doing your own research and reading a bunch of problem-related research papers to figure out what you want to use for your own implementations. I had a blast learning, and thank you so much for offering this course on coursera."
185,1,A lot of thanks to Professor Robert Shiller and the whole of the Yale's Financial Markets Team.
185,2,"It’s a good online course in Finance that I have never learned before. I have gained the basic knowledge of financial markets and their applications in reality. Absolutely right, finance is not just about making money that I thought before joining in this course, and as a popular opinion as well, it is more than that, it has much more meaningful. This course has brought to me the necessary skills to make more rational decisions in my life, in my future career, I think. It’s also helped me to realize how I should work in this sector to serve the right purposes, to make the people living around me to be better. And it’s true that educational finance is very important to everyone. Professor Robert Shiller is an amazing teacher, many thanks to Professor Robert Shiller and Yale’s Financial Markets Course team. I highly recommend taking this course."
185,3,"Professor Robert Shiller is WONDERFUL!I am so proud of this certificate. After much deliberation, I decided to develop my interest in financial markets by enrolling in this course. A challenging journey of seven weeks, 19 quizzes, and one assignment taught by the Nobel Prize winning renowned economist Robert Shiller whom I most admire. And how rewarding it has been! I loved learning about ideas, methods, and institutions that permit human society to manage risks and foster enterprise. About risk management and behavioral finance principles so that I can understand the real-world functioning of securities, insurance, and banking industries. Professor Shiller’s ultimate goal and unabating message was to teach us how such industries can effectively build better societies and how innovations in finance can enhance financial equality for generations to come. One would think that a course on financial markets would be boring, I couldn’t disagree more. I learnt so much about the world around me and how it’s all interconnected. I learnt about human psychology and how that influences economic bubbles (or as Professor Shiller prefers to call them; epidemics), and how they burst into great recessions. So challenging, and so enriching. I am very happy today."
186,1,"The concepts brought are very useful and the lecturer was able to explain clearly and highlight/emphasis areas that are commonly misunderstood. I find that the term social norms is bandied around very frequently and the public at large only have a general and broad idea of what this means. But now I understand that not every collective behaviour is a social norm as some collective behaviours are independent of social expectations and as such, are not social norms.Especially helpful are the diagnostic charts and tools that are presented to help us differentiate the terms and concepts and apply them. Also helpful are the nuances in asking questions and how we can reduce social desirability bias.Would highly recommend this course, esp for policy makers who need to implement programmes for social change. I work in government, and I think this course is so useful for me, even as I consider what my department can do to nudge change. Thank you!"
186,2,"Thank you Prof. Cristina Bicchieri for well explaining the course on Social Norms, Social Change I. After completion of Social Norms, Social Change , I have enrolled into Social Norms, Social Change II for more learning. I have leaned few new concepts related to social norms. I am thankful to Coursera, PENN and UNICEF for designing this type of course."
186,3,"The course Social Norms, Social change 1 -has helped open my mind and intellect to the totality of collective behaviors that are good, acceptable and outright bad. It helps me know when a system has intentionally engaged in a bad social norm and can either allow such a norm to thrive by developing it further or by abandoning same. A social norm is a rule of behavior such that people have a conditional preference for following it. Also, pluralistic ignorance exists when personal normative beliefs are not in line with their normative expectations and this is how bad norms often can survive. Furthermore, in the case of social norms, we can define pluralistic ignorance in such a manner that 1. Norm consistent behaviour is observed, 2. infer that people endorse the norm, even if they do not. 3. There is no transparent communication. Most systems that we find ourselves in especially in the sub-saharan Africa are usually of a toxic nature and abandonment of such toxic environment will require an appropriate intervention procedure. I recommend this course for every human being on the face of the earth. - Omowunmi Olugbenle"
187,1,"This course is very useful for parents and teachers. Children are our future and majority role of our county's future . And then parents and teachers are very needs to know ABCs parenting to support children.That is why, I have learned this course and I got parenting techniques a lot. Thank you Dr.Alan and Yale University.Su Mon YadanarLibrarian (Myanmar)"
187,2,"Thank you for the course. It was helpful for me as a parent and a professional teacher. Before starting the course I was an adept of some Russian and European scientific methods that don't allow any punishment at all and just a little praise in general. Dr. Alan E. Kazdin changed my attitude towards the praise and gave me some new concepts for ""punishment"". My parenting becomes more and more effective with practicing the tools I got from the course of Dr. Alan E. Kazdin. I recommend to read the optional articles, their content complements the videos with more concrete facts, tools and advises. With best regards towards Dr. Kazdin, Yale University and Coursera"
187,3,"I highly recommend Dr. Kazdin's Everyday Parenting course to all parents and caregivers regardless of the age of the children they support. This course is the crescent wrench of courses in that it fits every one of the good and sometimes nutty parenting styles out there. The tools, techniques and explanations are presented in simple small doses. Every module has an Ah-ha moment. Someone with expertise is going to sharper their skill set and struggling parents will be able to clear some of the white noise that is frustrating for all. By applying more effective parenting methods they may reduce their own stress and have more substantive engagements across their child's developmental journey. -Windsor, step-dad to two boys, Public Health Advisor, Registered Nurse"
188,1,"I am now able to Identify the major types of cancer List and describe the hallmarks of cancer I can differentitate that the contribution of genes to the risk and growth of cancer Define metastasis and identify the major steps in the metastatic process I can describe the role of imaging in the screening,diagnosis,staging,and treatment of cancer And i can explain how cancer is treated And importantly i can explain how cancer is treated"
188,2,A very good introduction into cancer biology.
188,3,A good course about cancer Biology
189,1,"Brief Profile: Sohail ButtI am a man of 58 years old and having an experience of almost 30 years of Business Management of Pharmaceutical & Nutraceutical Industries of Pakistan. Presently I am having my own Consulting Company "" AIMMS CONSULTING"" and extending my services as Management Consultant to different companies of said sectors.I am of the conviction that learning is never ending and have a habit of learning new ideas about my favorite subject about Business Metrics.I really appreciate highly the efforts of my respected dynamic & competent Instructors Daniel Egger & Jana Schaich Borg for Business Metrics for Data-Driven Companies and enjoyed the course material and videos presentation of this course. Mind blowing conceptual approach was adopted especially in the areas of basic conceptual knowledge of Business Metrics in depth. Overall it was my superb experience of learning.SUGGESTION:MY PERSONAL HUMBLE REQUEST, Please make also the important components of course material as a part of this Certificate with % AGGREGATE so that it has a much more worth & impact for the courses participated.A separate Transcript must be issued with having Aggregate % Score and important Components of participated course.Hard Copy of this certificate mail to my home address in Pakistan. Please use my credit card,I am ready to pay all expenses in this connection.Thanks & best wishes to all Coursera Team."
189,2,"Brief Profile: Sohail ButtI am a man of 58 years old and having an experience of almost 30 years of Business Management of Pharmaceutical & Nutraceutical Industries of Pakistan. Presently I am having my own Consulting Company "" AIMMS CONSULTING"" and extending my services as Management Consultant to different companies of said sectors.I am of the conviction that learning is never ending and have a habit of learning new ideas about my favorite subject about Operations Analytics.I really appreciate highly the efforts of my respected dynamic & competent Instructors Associate. Prof. Senthil Veeraraghavan, Associate. Prof. Sergei Savin & Professor Noah Gans for Operational Analytics and enjoyed the course material and videos presentation of this course. Mind blowing conceptual approach was adopted especially in the areas of basic conceptual knowledge in depth. Overall it was my superb experience of learning.SUGGESTION:MY PERSONAL HUMBLE REQUEST, Please make also the important components of course material as a part of this Certificate with % AGGREGATE so that it has a much more worth & impact for the courses participated.A separate Transcript must be issued with having Aggregate % Score and important Components of participated course.Hard Copy of this certificate mail to my home address in Pakistan. Please use my credit card,I am ready to pay all expenses in this connection.Thanks & best wishes to all Coursera Team."
189,3,"Brief Profile: Sohail Butt I am a man of 58 years old and having an experience of almost 30 years of Business Management of Pharmaceutical & Nutraceutical Industries of Pakistan. Presently I am having my own Consulting Company "" AIMMS CONSULTING"" and extending my services as Management Consultant to different companies of said sectors. I am of the conviction that learning is never ending and have a habit of learning new ideas about my favorite subject about Social Media Marketing. I really appreciate highly the efforts of my respected dynamic & highly competent Prof Randy Hlavac and enjoyed the course material and videos presentation of this course. Mind blowing conceptual approach was adopted especially in the areas of basic conceptual knowledge of Social Medial Overall it was my superb experience of learning. SUGGESTION: MY PERSONAL HUMBLE REQUEST, Please make also the important components of course material as a part of this Certificate with % AGGREGATE so that it has a much more worth & impact for the courses participated."
190,1,"An excellent introduction to initiating and planning projects for which you are PM. The material was presented in a clear and precise way with frequent reference to PMBOK, allowing further study and reading. I feel like a gained a good overview for this stage of a project as a PM."
190,2,"Doing this course 'Budgeting and Scheduling projects' gives learners, a practical approach to Project management based on PMBOK methodology. Prof Margaret Meloni is a great teacher. Students will enjoy her crisp and clear communication of ideas. Slides are well designed. Video quality and sound quality is also great. You will encounter lots of good quality reading materials. Quizzes will help you to test your knowledge as you progress. Overall, an excellent course fit for project managers and project team members who work for construction projects. Also good for the aspiring project managers. Thanks to Prof Margaret and UC Irvine for the great course."
190,3,"If you're looking to brush up or learn some project management fundamentals and learn a little about the Project Management Body of Knowledge (PMBOK), then I recommend this course for you. If you already have some experience and confidence as a project manager, then this course may be too fundamental for you. This course covers a lot of the material from the ""initiating"" and ""planning"" stages of the PMBOK guide. There's also a good section on authority vs. influencing and managing conflict. The professor is great. I would be interested in some more involved exercises or projects though, as the exercises are more so just a reflection question accompanying each week's lesson. The class may be significantly enhanced by the optional reading, but, having not purchased those books, I can't say."
191,1,The best course I have taken so far. :)
191,2,"The best course, I have taken so far."
191,3,Best course I have taken so far.
192,1,Very helpful to know the basics of mental illness and mental health.
192,2,"I would encourage everyone to take this course simply because nearly everyone either experiences at some point, or has a loved one who experiences mental health distress. It is a very good basic course about how to promote wellbeing, and the message about how to define ""recovery"" outside of the clinical sense is important. It also does a good job of addressing the unfortunate stigma surrounding mental health. The first 3 weeks seemed a little slow to me as it is mostly stuff I have heard from other sources and seemed geared more towards general health and dealing with stress and less serious mental illness. The issue of psychotic illness, which was my motivation in taking this course, was not discussed until Week 4. I was hoping for more ""positive psychiatry"" approaches to help loved ones who live with symptoms of psychosis, but it was hardly addressed. Perhaps that could be a focus for a different MOOC!"
192,3,great course. Helped my mental health a lot.
193,1,"The professor was well-spoken and organized this course in a way that was easy to understand and follow. I learned a few things about strategy, including what it is and what it isn't, and have a better understanding of how business strategy/strategic planning has evolved over time and different theories on gaining a competitive advantage."
193,2,"I had completed by full-time MBA 18 years back but thanks to this course, now I realize how beautifully tools like SWOT, Competitor, Environmental, Five Forces, and Capabilities Analyses, as well as Strategy Maps come together to help us analyze the competitive environment for an organization, think strategically and understand (and recommend) firm positioning and value creation. Thank you ! Develop your ability to think strategically, analyze the competitive environment, and recommend firm positioning and value creation. In this course, we will explore the underlying theory and frameworks that provide the foundations of a successful business strategy and provide the tools you need to understand that strategy: SWOT, Competitor, Environmental, Five Forces, and Capabilities Analyses, as well as Strategy Maps. We'll apply these tools in case studies of industry leaders Google, Redhook, Piaggio and Apple."
193,3,"This is a highly recommended course and the content is second to no other on Coursera at the time of this review. I have taken all of the courses in the series from Copenhagen Business School, as well as nearly all other business management courses offered for other institutions. This specific course on Strategic Management is the single most informative and current material of all of the options. It does not answer every question or address every concept you would need to know to run a major corporation, but it is a fantastic overview of past and present methods of business strategy, and is of value to any business minded individual.I highly recommend this course and the entire series from CBS. Enjoy!"
194,1,Great introduction to business metrics.
194,2,Great introduction to the Business metrics!
194,3,Great introduction to Business Metrics!
195,1,"Well, this course has at least 3 undeniable cons:1. It exist;2. It offers certificate for reasonable and affordable price;3. It has ""Stanford"" in title.Still, it could be improved in many ways.First of all, it has poor video and audio quality, maybe worst I've personally seen in MOOC. Dear Stanford! Professor Ng is cool, give him room with windows, 1080p camera and microphone! Even less famous educational establishments can afford it.Second, subtitles are also poor. English is not my native language but I dropped subs in my language after first try. English subtitles also have a lot of errors: many words are garbled with homonyms; I'm lucky to have some background in course theme and without it I would be completely lost trying to understand what's even going on.Third, I think this and many other courses are suffering from past teaching system and experience. What is classical teaching system? There is lecturer narrating and writing on the board, sometimes showing something; there are students listening and taking notes. Well, still better than ""watch your master working, nothing will be explained"" method (still present in some cultures), but what century it is? XVII, XIX? We are learning ""Machine Learning"" via Internet, and watching materials being hand-written in process? Seriously? Even basic HTML skills in this days are enough to show formula, where you can get reminders of it's every part by simply moving cursor on it (Wikipedia is one example). After two weeks break in learning it will be very effective way to remember fast ""what's going on, why this formula is so big and what the hell is that squiggle"", and learning process will be improved greatly.Little more HTML effort, and there will be way to live demonstrate curves, planes and how different parameters affect them; it will be possible to let students experiment while learning which is great improvement for learning, memorizing and understanding. These are just examples, but hopefully my point is clear.Quizes are too easy, solvable with ""hey he just said that"" method and some intuition, not require deep understanding. Programming assignments are well prepared and explained, but programming materials amount is not enough for me. Thank you professor Ng for your efforts!"
195,2,"As mentioned in the course's title, it is an introductory course on children's human rights. As such, it can be a very useful resource for a beginner. Whilst I am not a complete beginner, I did learn about the issue and familiarised myself more with children's rights. After completing the course, I am interested in learning more and digging more into some of the issues that were discussed - in that, the course has definitely delivered.However, the course would gain from some improvements: First, as a non-native English speaker, I understand the difficulty of teaching a course in English - however, almost all lecturers were reading their notes and had a strong accent. This killed the dynamic of each lecture. In addition, the transcripts of all videos, including those of interventions made by native English speakers, were full of mistakes (for example, ""treaty body"" was transcribed as ""tricky body"", ""NGO"" as ""Ango"", and so on). In my view, it would have been more accurate and dynamic if the lectures had been taught in each speaker's native language, with subtitles in English. Second, the forum, which could be an incredible platform allowing students from all over the world and lecturers to share their experiences and exchange ideas, is left practically unused. Students asked legitimate and interesting questions, both on the substance and logistics (such a technical problems with weekly quiz), most of which were left unanswered by lecturers. In my view, an effort should be made to ensure that the forum is active and that questions are answered.Third and last, some of the resources supposedly available to students were not, either because access was restricted to paid subscription only or because links do not work. It would be great if all links are checked and all resources are shared. In addition, suggestions for further reading and/or courses would be useful once the course is completed.All in all, I have paid for the certificate (prior to starting the course). However, whilst I am happy to have one now, I do not think that the level of the course is worth paying for it without correcting the issues I mentioned above."
195,3,"This is an interesting and ear- and mind-opening course. In parts it is very good, but with some attention to a number of points it could be excellent.I will list a number of the issues that I would like to see addressed:The professor has a wide and profound knowledge, but speaks somewhat indistinctly. This is far from being helped by the English subtitles - I do not mean the transcription - but the English video subtitles (I am a native British English speaker) which appear to have been done by a deaf, non-musical, computer and hopefully not by a human. If they WERE done by a human, he or she was drunk or had no knowledge or interest in the content of the material. I have tried to contact the people in charge of the subtitles, but with no success. I understand that they are not the same people as those who perform translations. English subtitles for an English spoken course are apparently not handled by the translator volunteers but are so I was told, farmed out to an outside contactor. There are some absurd transcriptions in the subtitles, and it simply isn't possible to send in reports about each of them - Chello, Hayden, Richard (for we should) are just three that come to mind. The course deserves far better, even if Professor Wright's diction and delivery are sometimes problematic. I needed the subtitles, because Professor Wright's delivery is not always comprehensible. Unfortunately I found the English subtitles to be careless, wrong and inconsistent, and occasionally - groaningly funny.I would be happy to consider reviewing the subtitles - but for this would need them as a separate and continuous file, against which the spoken text could be compared. If someone would like me to do this, please contact me at mneugarten@gmail.com2. (for some reason this window does not allow the first point to labelled 1.) - the presenter plays (not always too well, on an appalling synthesizer. Why couldn't a piano be used? The music deserves better than the sound of a mock piano.3. There appears to be no accompanying reading material. Yes, Professor Wright's book is referenced, but this does not seem to be available outside the US. Surely some additional references could and should have been found by now.The above points detract in my opinion from what otherwise be a truly wonderful course.I would be happy to hear your feedback.Best regardsDr Michael Neugartenmneugarten@gmail.com"
196,1,Great forensic and fraud examination skills articulated.
196,2,Great experience and knowledge about fraud examination and forensic accounting.
196,3,Good course for understanding the basics in forensic accounting and fraud examination.
197,1,"Very well rounded and informative introductory course to HTML5. I was able to learn a lot from both a standpoint of basic knowledge and in considerations about accessibility, validation, and peer to peer interactions in coding in order to ensure that I'm able to construct the best possible code that I can as I continue practicing and improving my web development skills. Many thanks to Dr. Colleen van Lent and the staff at the University of Michigan for offering this course on Coursera. I look forward to taking the next courses in this specialization!"
197,2,"Firstly, I would like to thank Professor Colleen van Lent for being such an amazing mentor. She covered all the necessary topics related to HTML5 in the best possible way. Its only because of her that I was able to host my first ever website and understood the difference between various tags. The course also helped me understand that we need to use only the required tags and elements while designing a page and keeping in mind the rules of syntax and semantics."
197,3,"'Introduction to HTML5' course is a very general introduction to HTML5 for beginners. The professor doesn't assume you know anything about Web development or even how files are uploaded to a host website. The course covers a brief history of the Web, basic HTML5 elements, URL terminology, Accessibility, Semantics, and basic FTP & Web hosting software like C-Panel. Forms and other advanced topics are not covered. The class is presented in a laid back style and uses non-technical language which is easy to understand. The quality of the video and audio are excellent. Supplemental books (pdf) and links to Youtube videos are provided and are useful. The duration of some of the lectures seemed too long, even when using 2X playback speed. With some of the quizzes, the professor expected you to read her mind and were worded in a subjective manner.The Accessibility section seemed a little too preachy for me. Also, the final project was convoluted and the instructions were vague. The final project really ended up being a 9 or 10 question quiz that gave you hints on how to code the final project. In summary, take this course if you are a complete beginner. Otherwise, you won't learn much if you have more than 2 months of experience in front end Web development."
198,1,Thanks so much for this wonderful course!
198,2,Thanks for such a wonderful course!
198,3,Thanks for the wonderful course
199,1,"Prof. Mannino is brilliant in structuring this course about Database Management Essential.You really end up with a strong and structured understanding of the essential concepts of relational databases and a bit of practice.You learn about: table creation, then SQL Queries, then ERDs, then translation of ERDs into tables, and about database normalisationThe concept of Functional Dependency and Normalisation is a tiny bit short in my opinion. At the end of the course, I'm not sure I really understand BCNF Normalisation... That could be improved!THANK YOU TO PROF. MANNINO!"
199,2,"Database Management Essentials can be a very helpful course for students who want to learn the basics of database design, entity relationship model, and SQL. This course has sufficient theory related materials and practice problems to not only develop a good understanding but also implementation skills. Michael Mannino has been very good instructor.Since I have had some knowledge about SQL prior to this course, I expected to gain more than simple SQL related skills from this course."
199,3,"The course offered me an incredible opportunity to re-learn some of the foundations related to Relational Database Management Systems, especially some of the standard SQL commands (CREATE TABLE, INSERT, UPDATE, DELETE & SELECT), guidelines for effective query formulation, Entity Relationship, and Relational Diagrams, and normalization (especially the Boyce-Codd Normal Form)...Professor Mannino did a fantastic job in explaining the course materials as well as the practice problems and assignment questions did allow me to strengthen and test my skills... The community was also really helpful and kind..."
200,1,"This course is a good introduction to the use of JIRA, Agile Scrum, and Agile Kanban. If your current work or job uses JIRA and Agile methodologies, this course will be suitable."
200,2,"This course is mostly a walkthrough of Atlassian Jira software. You are able to learn about Agile and Scrum work methods through an exploration of how JIRA software works. The lectures are quite monotonous and lack energy, but the hands-on assignments of working in JIRA do provide a dynamic that is absent in other courses. I recommend this as a primer for Atlassian JIRA software but not as an introduction to Agile project management."
200,3,Great course to learn Jira. Also covered Agile methods overview very well.
201,1,Thank you so much Professor Bloom!
201,2,"Oh, how I wish I had copied what I wrote earlier. This course has been tremendous for me. Professor Bloom is so engaging, and the combination of his energy, knowledge, and range of topics touched-upon in the course were engaging, stimulating and inspiring. I will be fifty in August, and have wanted to return to some sort of academic endeavor since I graduated from law school, in 2001. I simply couldn't afford it, and I did not have the time - first, because I was practicing law, and then, because I was injured and then a cascade of medical issues followed (and still exist). I have not felt intellectually stimulated on this level for many years; and I have not felt both excited about delving into something truly educational and able to start and follow something important to me through to completion for a very long time. This course was fascinating, and touched upon areas I would not have thought a course on this subject matter would. The lecture by Laurie Santos was absolutely wonderful. The balance of philosophy and psychology; religion and politics; science and emotion; and more all presented a course that provided just enough of everything to leave me wanting to delve in further. I can honestly say that I will be ordering books from Professor Bloom, from Singer, and from others discussed during the course. I enrolled in Professor Bloom's ""Introduction to Psychology"" course (I used to represent psychiatric in-patients briefly, too briefly, in New York, and have wanted to return to working with the mentally ill for a very long time), and am just beginning the third week. It is not often that one comes across both a professor and subject matter that keep one engaged simultaneously. And for many like me, it is quite something to find someone like Professor Bloom, and to find a course, or a body of knowledge in any form, that can inspire so much, and in so little time. The benefit of a six-week course has been something that will have a lifelong effect. This is rather a more personal, perhaps emotional, review, than one discussing just the academia and what has been learned, in and of itself. To me, though, that speaks to how wonderful the course and the professor are have been. I am ever grateful."
201,3,Another awesome course by Paul Bloom! Loved it!
202,1,Nice course and Tutor :)
202,2,"Great Knowledge, Great Tutor. I really appreciate the tutors"
202,3,Very good course and tutor
203,1,"This is an excellent course on fundamentals of visualisation. Mixing the title with the word ""Tableau"" may give the wrong notion of the course content to the students (did to me at least). Ok, I am a bit harsh here as there is indeed some introduction to the Tableau Public variant. However, it is very limited. So many students may give up due to mention of Tableau (without being a Tableau course).That said, I have now attended courses 2, 3 and 4 already as well. So I consider myself reasonably familiar with Tableau. My suggestion is the following:1. Do this course even if it disappoints you along with course 2 (goes on the same line). 3. By end of course 2, you would learn some very cool concepts around the visualisation topic and some very interesting background reading materials. Note that the time mentioned to read the background materials is heavily understated. It took me a lot longer than 10-15 mins that they stated as recommended time to read it.3. Once you hit courses 3, you would suddenly start realising the true power of Tableau. That course is awesome. 4. You'd see true powers of Tableau in course 4, with storyboarding where you really start seeing your viz shaping up."
203,2,An excellent introduction to Tableau and Data Visualization.
203,3,Good introduction of Tableau and concepts of visualization.
204,1,This is good introduction on Typography.
204,2,great course! learned a lot about the typography & it's history
204,3,If you are beginners in typography this course is for you! =)
205,1,Great introduction to bayesian statistics
205,2,A great course on Bayesian Statistics.
205,3,Great introdation for Bayesian Statistics!
206,1,"Great instructor. Really a great course. It contains not just Bootstrap, but NPM, Gulp and Grunt, and other things as well."
206,2,"It is a great course which takes you from the beginner to pro in bootstrap.In the first three weeks of the course it teaches,- how to work with different bootstrap component.In the final weak it teaches jQuery to play around with different bootstrap plugins and introduces various NPM scripts and tools like grunt and gulp for the building and deployment of the project."
206,3,Very Great course to learn Bootstrap implementation with JQuery. Also to learn basic NPM modules and scripts with GULP and GRUNT.
207,1,"Great diving into the cutting edge computer vision algorithms (such as YOLO), the state of the art CNN architectures(ResNet, VGG, Inception Network, Siamese Network), with a variety of applications of this architectures and algorithms, such as self-driving system, neural style transfer generator and face recognition and verification! Very simple and understandable submission of very hard to read and realize machine learning papers, perfect explanationof the cutting edge machine learning algorithms, architectures and approaches used in this field. I'm so pleased with the quality in this course! It helped me VERY MUCH! Thank you"
207,2,"This course covers the basics of convolutional neural networks , resnets, inception nets, yolo, style transfer, face recognition.The programming assignments mostly for yolo and face recognition is done with transfer learning , i think its only fair as they are computationally expensive to train.I am confident about all the materials covered in this course Andrew Ng as always breaks down the problem to the basics so you can understand them.Its a great course if you want to know and implement the well known computer vision problems with the well known algorithms."
207,3,"To set the context, I have a PhD in Computer Engineering from the University of Texas at Austin. I am a working professional (13+ years), but just getting into the field of ML and AI. Apologies for flashing this preamble for every course that I review on coursera.This course is the 4th in a 5 part series offered by Dr. Andrew Ng on deep learning on coursera. I believe it is useful to take this course in order and it makes sense to study it as a part of the series, though technically that is not necessary.This is one of the best courses to take if you want to understand the basics of Convolutional Neural Networks. CNN is a technically-difficult-to-understand, still-evolving field of Neural Networks, and it has thus far found remarkable uses in the field of computer vision. Dr. Ng really exposes us to this cutting edge research, by explaining research papers, starting from its 'inception' to work that was published just two years ago. There are several aspects of CNNs that are difficult to understand, including the very basic ""convolution"" itself. Much of that is made clear in his video lectures, which explore (and explain) a wide variety of Network Architectures in good detail. The instructor videos are very good, usually 10 min long, and Dr. Ng tries hard to provide intution using analogies and real-life examples. The quizzes that accompany the lectures are quite challenging and help ensure that the student has understood the material well. As with the other courses, the programming exercises are the best part of the course. You get to practice, (1) decoding hand signs, (2) face verification, (3) face recognition, (4) single and multiple object detection (of cars in a street) ... All these problems are actual, real-life projects, which are extremely difficult to solve. They help the student practice the strategies and also provide a jump-start for the student to use the code for their own problems at work or in school. Overall, this is an excellent course. Thank you Dr Ng and the teaching assistants, Thank you coursera."
208,1,Great Course for the animal welfare.
208,2,"Considering the amount of information I think too much material was attempted to be covered. Some of the lectures seemed to be rushed through. I am comparing this with another course I took, Dog Emotion and Cognition where the lecturer took a greater amount of time to cover the material. Perhaps it might be better to do separate courses on the welfare of different animals under different circumstances.There was a comment by a guest speaker at the beginning of the course talking about the need for greater animal production to feed the increasing human population. However, this is not what many scientists are saying must happen. The only way the ever increasing human population can be fed is with a plant based diet that gets more nutrition from the land and has less impact on the environment. I know this has nothing to do with the course but the authors of the course allowed him to speak so I am insuring that other voices are heard and that increasing farm animals is not the answer to world hunger.As I am a vegan vegetarian watching the section on Farm Animals was a bit traumatic but I felt necessary to get a better perspective on factory farming. I can never justify factory farming but nevertheless it is the present reality. However, measuring cortisol levels is not a true measure of what any animal endures during its short lifetime in factory farming. It is a measure of reaction to stress for a given period of time and not the lifetime of the animals.I chose not to view the optional section on slaughter as the word defines itself. With human killing there are ways less painful and quicker but ultimately death is the result.I don't say the above with any naivete. My family raised chickens, ducks, and rabbits, all of which were slaughtered and ended on the dinner table. I am also not new to animal behavior having done previous coursework and studied the behavior of mountain gorillas with Dian Fossey at Karisoke Research Center in 1974. I need to submit one more thing and it is a link to a YouTube a lecture by Phillip Wollum at the World Vegan Summit. Animal welfare will only occur when the violence humans perpetrate ends.https://youtu.be/AfBhanzng0w"
208,3,Thank all for the great opportunity to learn about Animal Behaviour and welfare. This course helped me to understand many unknown facts about animal welfare and how to work for welfare of animals.
209,1,Great presenter and great content. Thanks!
209,2,Very good course - great presenter.
209,3,"Awesome learning and recapping on past knowledge ! The presenter with his with punchlines made the dense material bearable ! Kudos to this awesome presenter and his patience and diligence in delivering the material. Some hands on labs on certain areas where tools are used for better reinforce what is being learned. Just the lectures and quizzes may not suffice other then that awesome job to everyone involved in developing , preparing and presenting these information. On a small note some of the diagrams present could be provided as PDFs so as to serve as visual reminder of key concepts and takeaways."
210,1,Absolutely loved this course and Professor Santos!
210,2,Such a great course!!! Thank you Dr. Santos
210,3,This is everything i needed! Dr Santos is amazing!
211,1,On the best courses i have ever taken.
211,2,At last this was one of the best courses that i have taken until now
211,3,This was one of the best courses i have ever taken.
212,1,"This is the introductory course to a series of courses designed to teach machine learning through case studies. The introductory course provided a nice overview of key machine learning techniques in the context of common applications of machine learning (case studies). The concepts are taught in Python using the high-level DATO GraphLab libraries, so the course provides a good introduction to using the machine learning techniques that are provided in DATA GraphLab rather than on learning the mathematics behind the techniques. I am investigating the capabilities and advantages and disadvantages of existing frameworks such as Pandas and DATO GraphLab, so this course met my needs, but it would probably not be as useful to data scientists who are interested in learning the underlying principles, mathematics and numerical methods used in machine learning. I would have given the course a rating of five IF it had done a better job of describing the fundamental principles of machine learning and if it had made it easier to use a non-commercial framework such as Pandas. I'm planning to take the next course in the series in the hope that it will provide more in-depth coverage of the fundamental principles of machine learning than the introductory course."
212,2,"I enrolled in this specialization to learn machine learning using GraphLab Create. Half way into the specialization the creators sold Turi, GrapLab's parent company, making it non available to the general public (not even by paying) and then all the knowledge devalued. I wish I had known this and I would have enrolled on a different specialization. The creators still give you the possibility of using numpy, scikit learn and pandas but I had already done a lot with GraphLab create. The time I invested on my nights after work became a waste. I was trying to convince the company I worked for to buy licenses for GraphLab create. Coursera should not allow folks to create courses that promote a private license course because it would make people waste their time and money if they decide to privatize the software. Don't take this course, and if you take it then only use GraphLab create when the authors give you no other option. Teaching style: Carlos was good, Emily is not very clear and loses focus of the topics and often rambles. She seems very knowledgeable but she lacks clarity of exposition when compared to Carlos or Andrew Ng."
212,3,"The biggest downside of the course is that instead of learning on open source machine learning modules (sklearn) the course offers Dato's GraphLab, a proprietary piece of software that requires paid licenses to operate. To be clear, during the duration of the course students can use a student license that provides graphlab for free but this expires after a year. It seems like fine software but if you arent going to purchase a license after the class expires whats the point? Also, Graphlab is built on top of python2.7. If you are running python 3.0+ on your machine youll have to install a python 2.7 instance. Otherwise the quality is solid. The philosophical approach the professors take is to give you a taste of a variety of machine learning models. The upside is that if you want to get a taste you can. The downside the course feels pretty shallow and then the next course in the specialization -- regression -- feels like a pretty stark contrast. In general it could be argued that this is a problem with all coursera courses. How do you modulate course difficulty when you could be targeting students who are somewhere between high school kids to computer scientists? So the course and the specialization tilts between very easy and very hard."
213,1,"I had started doing home workout a few years ago and my only source of information was internet. That really helped me but one thing that lacked was the science behind exercise. I sincerely thank Robert Mazzeo, University of Colorado Boulder and Coursera for enhancing my knowledge through this adeptly designed course."
213,2,Science of exercise was a very informative course. I personally learned so many things of physical activity and fitness. I would suggest everyone who takes up this course to share the information among near and dear ones and have a determination to maintain a healthy lifestyle through diet and exercise.
213,3,"Prof Robert Mazzeo provided an excellent capsule of information on the body adaptation to exercise and the science to explain the adaptations and the benefits that occur due to both endurance and strength training interventions. I wish he had spent another module on the sequencing of exercises, with examples of both endurance and strength trainings that we could use as a take away. For example the course doesnt necessarily explain why we need to warm up before an exercise, how stretching helps post exercise, which muscle types are important to strengthen (like core) etc in detail."
214,1,Thank you very much i learned a lot with this course
214,2,thank you all. I learned a lot from this course.
214,3,Thank you very much! I have learned a lot from this course.
215,1,very good course，thanks a lot
215,2,"Good Course, thanks a lot"
215,3,Good course! Thanks a lot!
216,1,Best Course on CSS3 that I could have taken. Thank you to Dr Colleen van Lent for being a wonderful teacher!
216,2,"An excellent course by a Computer Scientist (PhD)! The course was very well presented, at a steady pace and in a lovely, clear voice (pity some courses online aren't so professionally clear).The assessments, and especially the final one, ensure that one focuses and aims for perfect, syntactic and semantic code - which is what all developers should be striving for now. I'm very pleased that I achieved 100%! Great job, **Colleen Van Lent** ... now I'm interested in the second course in the series, ""Introduction to CSS3""."
216,3,This is one of the best CSS course I have ever come across. The lecturer gave links to many amazing resources that help widen knowledge on some core concepts in CSS3. Thanks to Cousera and Collen Van Lent for the amazing course.
217,1,"'How Things Work' is undoubtedly the best introductory physics course I have ever taken. Professor Bloomfield makes physics so much fun to study and motivates students with his empathy. As I'm a physics teacher myself, I intend to enhance my classes with this revolutionary way of teaching, by using everyday examples to maximize students learning. Thank you very much professor Lou!!! =]"
217,2,"This course is brilliant, because it has the potential to reach the masses of individuals that would otherwise be left out of the world of physics. I'm talking about students that think they are too busy, too slow, too old, not smart enough, etc. This is an 'at your own pace' class, which I really appreciated for learning concepts in physics. The way this course accomplishes this amazing feat is by presenting everyday physical actions like dropped balls out of three story windows, or manned wheeled carts gliding across the floor, or bumper car physics explained with air hockey games, and then explaining the laws of physics that are behind the 'actions'. Knowing the physics behind what we see everyday is so enriching, and my eyes are much wider now. This course, taught by Dr. Louis Bloomfield, is also amusing and entertaining, as Dr. Bloomfield races up and down the steps of the empty University of Virginia Physics building for the dropped ball gravity experiments, or crashes himself (standing on a wheeled cart) into the wall to illustrate energy and momentum transfer. (he has really good balance and stamina!) I really hope there is a 'How MORE Things Work' soon! My appetite is whetted."
217,3,"This course was exceptional, outstanding, and unprecedented. This course truly deserves appreciation. Professor Louis Bloomfield has left me in awe of his exceptional work. His hard work, dedication, commitment towards the course and to deliver knowledge voluntarily for the benefit of students is highly commendable. I am an Engineer and have taken a number of Physics courses in school, college, and university, this one is way ahead of them. I have also done a few courses on Coursera and have found this course the best till now. It is highly recommended to anyone who genuinely wants to learn Physics and loves it. The people who have no prior knowledge of Physics can also take this course to learn its basic concepts in an amusing way. Believe me! you will not find a better Physics professor than Professor Louis Bloomfield."
218,1,I'm missing the programming assignments as in earlier courses also i also felt a lack in links of google notebook and we only have videos of the programs working rather than getting hands on with links to corresponding google colab notebooks.
218,2,"The lectures are quite interesting, but the course should be at least twice as long to cover the CNNs with enough depth for a practical application. For the assignments, the Grader and the Notebook worked terrible compared to all the courses I took on Coursera so far. There were many discrepancies between the Notebook and the Grader- code matching the expected output in the Notebook would fail in the Grader etc. Starting about two days before the assignment deadlines, loading models into the Notebook would take 30-40 minutes, and crash most of the time, with unreadable error messages. Files got corrupted, sessions ran for hours..."
218,3,"Really big struggle with dinos, versions of workbooks, and sometimes no logical way to explain why grader does not validate a working notebook. Pain, frustration, taking away time from proper learning.On the course itself, some exercices felt like toying (e.g. very simple function to check if a time_segment already exists) in the middle of a keras deep learning model, where learning debugging, setting up smaller ones would have helped me learn more I think.Still not sure I am at ease with creating models, we experimented various ways over the specialisation, and the selection of model architecture or even tuning after 1st running version is still mostly guess work to me. Will need to digest and keep learning"
219,1,great course as a start for vba
219,2,"Programming VBA for Excel requires three skills; knowledge of the application object model, knowledge of Excel, and knowledge of programming. Even skilled programmers familiar with Excel can be overwhelmed when tying all three skills together so creating an introduction class for the novice is a challenge. This course succeeds at not over whelming the student.This course takes a balanced approached and gently guides the student into a dance with the subject matter using some very interesting techniques and examples from typical engineering problems. It covers the right amount of instruction for the VBA editor and the interaction of data and variables between the editor and Excel. It covers functions and subroutines, the scope and types of variables at a useful enough level, without getting too deep. Because the instructor is an engineer he includes several simple but powerful numerical methods and the use of both Solver and GoalSeek into the course. Since I am an engineer and enjoy numerical methods I especially like this and would enjoy a course that might be described as “Numerical Recipes in VBA” .I would recommend this course to novices seeking an introduction through to experienced users wanting a deeper understanding and foundation for future work in VBA for Excel."
219,3,It's very interesting course to learn VBA
220,1,"While the data visualization tools outlined here are valuable, the final assignment for this course does a very poor job of assessing the things that were actually taught.Early on, you are assured that the course will emphasize the scripting layer of matplotlib, rather than the more complex artist layer. In the final assignment, however, you are instructed to use the artist layer, and configure many parameters that were never covered in any of the labs or videos.Likewise, utilizing geojson files for choropleth maps was covered in the most cursory manner - you are never requried to open a geojson file, or understand how it is configured. You just load it in and carry on with the assignment. However, without understanding the setup of a geojson file, no student is going to understand how to properly configure the key_on parameter when making their own choropleth map for the final assignment.The ability to actually create a graph from a set of data is perhaps the smallest part of the final assessment. Everything else is fussing with irritating details, often details that we were never taught about in class."
220,2,"Course materials are more than 4 years old. That describes not only the videos but also the age of the various Python libraries that you will be working with. The charting and data visualizations discussed are the really the most basic kind that you might find more easily executed in Excel or Google Sheets. My idea of data science visualizations are not bar charts, scatters, line graphs, and box charts.The age of the course also means that there will be almost no discussion of more contemporary data viz libraries like Seaborn or Plotly or ones I may have never heard of as this course sought to cover the most basic elements of matplotlib. Nothing presented I would say rose to the current professional and academic standards of data visualization."
220,3,"A good course that could be better.I think that this course provided a reasonable introduction to Matplotlib, but the lectures need to go a bit deeper and provide more examples. The course left too much of the work to the student. [For your reference, I have a PhD in Mathematics, taught for several years at a highly selective undergraduate college, and have extensive experience in industry as a Matlab and SAS user.] The homework assignments were substantial, and I enjoyed doing the final assignment which required merging two or more datasets using Pandas and then Matplotlib to plot relationships. The course website provides estimates of the number of hours required to complete the assignments, but these were gross underestimates because so much about Matplotlib was left to the student. I would have preferred a bit more lecture time, more examples, and a few side tutorials on using Jupyter and notebooks (how to download and upload), especially since we were grading the code of our fellow students."
221,1,A very good introduction to functional programming!
221,2,A good course for functional programming
221,3,Great course about functional programming!
222,1,"Do you know what a C pointer is? Great, then you can spend 15 minutes on youtube and skip this course. It will teach you nothing more than basic C syntax, and some tangential embedded software trivia.Besides the high price tag and woefully small scope, this course is extremely buggy. First, the provided VM does not seem to work; it comes with a virtual drive that the recommended VirtualBox software warns is incomplete, and on launch it is indeed seen as a read-only filesystem full of warnings and errors. Second, the assignments are very vague and often outright incorrect. Once I set up my own environment, I had to correct code that we were specifically instructed not to change on multiple occasions just to get the assignments to build. Further inquiries on the forums confirmed that these corrections were required. And of course, the assignments are provided with incomplete instructions which tend to omit lots of critical information.I feel like I wasted my time and money with this course, and I would recommend that you not waste yours."
222,2,"This course is so fundamental that you don't actually need to write a single line of code to pass. You do everything on paper. But I still found it valuable despite several years in a variety of technical code writing code. Most of the course videos consist of professors walking you through step-by-step evaluation of programs while they talk about the execution and the readings are similar to the first few chapters of any good introductory programming language text. I find it a very useful place to begin, because I'm moving on confident that I have a good grasp of the nuances of C evaluation. It's very easy to spend a lot of time around code and see enough C that you think you could get your ideas to compile this afternoon. I know for a fact that I would be right in my case. But I still wouldn't know the details of the right way to use structs and would likely make the mistake of assuming the C compiler was treating variables like so many other high-level languages (HINT: it's not quite). Looking forward to continuing this series and glad that I chose this path to deepen my understanding of this timeless tool."
222,3,"After perusing older books on program design and flow-charting, my takeaway was that I couldn't get a handle on the logic flow required to create an algorithm that involved branching and iteration. Then I thought that I should also devote some study to Discrete Mathematics to have the foundation that is inherent in a computer science curriculum. While this background information is useful, I lacked the ability to tie it all together while plodding along on my own. It was the same feeling of defeat that I have felt before at first blush. As I thought back along past learning experiences, I still stubbornly insisted that a good teacher could teach anyone a difficult subject with the right approach. First, I heard about Code Academy and Udemy and was drawn to a Unix course given my dabbling with Linux opensource. But then I stumbled across Programming Fundamentals and its claim that their method would work. At present I have abandoned the Unix course and feel awful about being a quitter. However, this course offers a systematic approach or essentially an algorithm or series of steps to create programming algorithms and then proceeds to address how to flesh it out in C code. Intuition suggests that the actual pedagogy might come from thinking inductively like you would in Discrete Math going from an instance and then generalizing, .i.e, if true for k then k+1 then you can reason by induction as you would a mathematical proof. Nevertheless, the framework upon which this approach is based is like the Wizard of Oz off in the wings while I just enjoy tapping my intellect and thinking there is no place better than the light at the end of the tunnel. And I'm glad my personal quest to realize the process of algorithm to code can finally manifest itself to some degree. Thank you so much for creating an instructional marvel. Kudos!"
223,1,"Very well put together course. It does a good job of walking you through concepts in a way that's direct and accessible, while not dumbing things down. I had bought the Intro to RL textbook some months back but ran into problems getting its material to 'stick', but the ideas in chapters 1-4 are much more concrete now. Assignments were reasonably difficult, but not overwhelmingly so. Homeworks are designed to make sure you understand key concepts moreso than being vigilantly 'rigorous' for their own sake. Emphasis of the class is making sure you understand fundamental concepts moreso than hacking your way into a working prototype of something. While the class is designed to be easily digested, the material assumes a working knowledge of programming and mathematical formalism, so people without some background knowledge you might struggle to keep pace, even if the material is well designed.Also, like others have mentioned.......this class follows the book pretty carefully. Don't expect anything to be covered that's not in the RL textbook the course is based off of. By the end of the class the book material will be more vivid and concrete in your mind, but you will not have branched into a direction not covered within it."
223,2,"I enjoyed this introduction course in Reinforcement Learning (RL). It explained in detail the fundamentals of RL such as k-armed bandits, Contextual Bandits and - of course - Markov Decision Processes (MDP). The lectures explained the conceps with nice examples and as well as the math behind (Bellman equations). The coursebook was the great ""RL bible"" (""Reinforcement Learning - An Introduction"", 2nd edition by Sutton & Bartto); the lectures followed the first 4 chapters of the book quite closely.I liked the programming assignments. It took some time to understand the structure of the tools used (e.g. the little known RLGlue) but after that it was quite straight forward, especially since the Notebook had great support for testing the solutions before submitting the assignment. It was also interesting to see the guest lectures talk about the world outside the simple example MDPs used as examples, such as RL in the real world (using Contextual Bandits as a foundation), and about solving huge Fleet Management problems with RL. One thing I missed in this course was more details about MDP and linear programming, which was mentioned in passim by the lecturers, and was an essential tool for solving the Fleet Management Problem (using approximate linear programming). Perhaps some of the next courses will discuss linear programming more..."
223,3,"I've just finished this course, it is really wonderful and I learnt a lot, as a professional Backend Developer without a formal background in Machine Learning. It has a lot of mathematical theory and exercises, derivations, really good explanations, and even some coding tasks to apply this knowledge.At first I was doubtful I would make it to the end as I was feeling rusty on my maths since I didn't practice them much after university, but with effort and patience I was able to see how everything is built from the ground up and got a really good picture of how the fundamentals of RL work.The course is based on the famous ""Reinforcement Learning: An Introduction"" by Sutton and Barto, the 2nd edition of which was only released recently, and which the Data Scientists I work with say is the go-to book for RL. The book is a magnificent resource available digitally for free, but I have enjoyed this course so much that I got the physical version, and after auditing the course for a week decided to jump in to do my best in the whole specialization."
224,1,It is very good Introduction course.
224,2,Good introduction to the course!
224,3,Very good introduction to the course.
225,1,its great session for me and i enjoy this session alot
225,2,"good session, much informative sessions"
225,3,Very interesting sessions and informative session.Thank you everyone
226,1,"The best course I have taken so far! Not only it introduces you to the world of cryptography, but gives a mathematical overview of how everything works and many practical experiences. The second part is coming soon, expectations are over the roof! The book covering materials in these courses, that Boneh is still working on, will be the best resource for all cryptography related topics(for me at least), I guess it's set out to be the ultimate cryptography textbook.As a person with mathematical background I admired every piece of the course and how well everything was put together. It really shows how Maths as a science is not just a theory, it's very much practical as well. Having said that, one doesn't have to have mathematical background to comprehend course materials.The exercises at each end of week are very well crafted - they make you reuse most important information from the week and stick that deep into your brain. I finished the course 1.5 years ago and still remember what most exercises were about. I remember some colleagues complained about week 5 being too much theoretical and therefore dropped the course. For me it was one of the most interesting weeks. Anyway, I would say first 4 weeks are a must for any developer who is responsible for any software/hardware that has something to do with encryption/authentication.TLDR: If you are considering the course, just take it. The information you will get is universal and timeless."
226,2,"The Cryptography I is a very formal course taught by a very accomplished professor, Dr. Dan Boneh of the Stanford University. He explains the inner workings of cryptosystems through mathematical structures and proofs. This way we are able to appreciate and fully understand crypto algorithms and their limitations. He covers topics in cryptography ranging from the ancient ciphers to modern public key cryptography and everything in between. This is cryptography at its core. Thank you, Dr. Dan Boneh!"
226,3,"This is an excellent and challenging course that covers the basics of symmetric key cryptography, authenticated encryption, and public key cryptography. These topics are covered from both mathematical (notions and proofs of security) and computational (algorithmic running times, attacks) perspectives. The material is well-selected and progresses in a logical manner. Many of the key ideas are reinforced through their recurrence throughout the course in different contexts. The individual lectures also have a very natural flow: I would find myself wondering something about the topic under discussion, only to have my precise question answered moments later. Mathematical proofs are often given in a somewhat high-level, intuitive way but without truly sacrificing rigour. The in-lecture questions are well-chosen to force you to really think about the material under discussion and the quizzes, although sometimes challenging, are interesting and help teach material left out or only brushed over in the lectures.There are also optional programming problems, which were quite instructive. A couple of these involve implementing attacks on insecure cryptographic protocols; a successful implementation would lead to the decryption of an encrypted message, which I found to be not only extremely rewarding, but also especially instructive (much more so than simply implementing a cryptographic protocol, which was the goal of at least one assignment). I found it a bit strange that these highly relevant assignments were optional, however. I suppose this is perhaps so that a programming language is not a prerequisite for the course. However, I think several ideas in lectures would be rather difficult to understand without programming knowledge and in any case the level of mathematical maturity demanded for this course is much more of a requirement than some basic programming ability.My main complaint really regards the speed at which most lectures are given. It seems to me quite unfortunate that so many hours of excellent lectures were recorded at such a speed that you're basically forced to slow the lectures down (which sounds strange) or pause every few seconds in order to digest the material properly. In a university classroom, you have a fixed amount of time to deliver material, but there's simply no reason to go so fast in an online course."
227,1,what a great foundation course!
227,2,"Very nice foundation level course. Based on many courses I have taken so far, I have high expectations from the ones offered by Wharton (Univ of Pennsylvania), this one met the expectations. Good content at even at introductory level. At least for weeks 1 to 3. Week 4 was a bit weak, not much substance, can use some modifications for making it better. Thanks to professors for sharing their knowledge and all the people involved in producing it. Some quiz questions weren't good (not clear from Q as well as A perspectives), and I wish the course had more interactions with professors, other students and community TAs. And, of course, a free ""Statement of Accomplishment"" would have been awesome. In any case, overall good course, worth taking."
227,3,A Good Foundation made throughout this course
228,1,What a great introduction to Game Development !
228,2,Great course for beginners in game development.
228,3,its a great course for beginners in the game development
229,1,"This course is an survey on how to implement many machine learning techniques using the SciKit Learn library. Following the course, you can learn several interesting details about how to work in the field, but it is important to take into account that it is not possible to learn the algorithms during the course, since a huge amount of material is covered during a short time; to make the most of the course you have to know them in advance. It bothered me to discover that the course was planned for five weeks but Coursera has reduced it to four, removing the possibility of practicing exercises on unsupervised learning."
229,2,"This course excellently explained the mathematical and theoretical foundations behind some of the machine learning algorithms, but how to program these algorithms in Python was not explained in the videos and it was left to the viewers to learn themselves in coding assignments, which is the disadvantage of this course. I was just able to do it because I previously had learnt upto some extent from some other websites. So my advice is that if you still want to take this course, then after learning python, learn python libraries of Pandas, Numpy, Scipy and Matplotlib, and after that learn the sklearn libraries along with some theoretical background, and after that enroll in this course."
229,3,"This course helped me to get started on using Python for machine learning tasks. Personally I would have preferred a more mathematical approach when discussing the various machine learning techniques, in order to learn more about what's going on ""under the hood"" in scikit-learn. I know that the course is called ""Applied Machine Learning in Python"", but to me it felt more like ""Extremely Applied Machine Learning in Python"" :-) Other than that, I enjoyed this course!"
230,1,"Professor Boyd does a great job at laying out the fundamentals and gives a great overview of them. The numerous examples given helped to reinforce these fundamentals and provide some confidence to a person that has never coded before. The course overall was what I needed to get headed in the right direction and requires you apply what you have been learning in a very practical way. Thank you Professor Boyd for your time and efforts, it is much appreciated."
230,2,Great for those starting from scratch. If you do know these fundamentals its a great refresher course. Things were very easy to understand. There was only one small hitch in one of the labs. I immediately pointed it out to and assigned a ticket for it. I got a response that was fast and very professional about fixing the problem. I also enjoyed the navigation in Coursera that is in the web browser and on the app.
230,3,"Great course on the fundamentals - it gives a solid mathematical foundation for all the techniques used, unlike many other courses. Would recommend it. Good use of in lecture quizzes and the programming assignments really help to solidify knowledge by implementation the fundamentals. Nice, personal teaching style with hand annotations on slides from an obviously highly knowledgeable, and enthusiastic lecturer.Would have given it a five star rating if the video and sound quality were better."
231,1,"Mr. Larry Randles Lagerstrom is very knowledgeable and he is an excellent teacher. Course is very well designed and presented. The subject matter was enough to get incite into the 'Special Theory of Relativity' and also covered the history of Einstein 's era. I understood most of the things due to Mr. Lagerstrom's way of presenting the facts. Most interestingly, I understood the way things work in the realm of Special Theory of Relativity which was a big question in my mind for long time. Quizzes were very thoughtful and really testing the knowledge gained in the respective lectures. I have not solved the extra questions set given at the end of last few weeks yet but I will do that in near future and in case of doubts I would like to contact Mr. Lagerstrom via e-mail. I enjoyed it thoroughly and I would like to attend many more such courses. Really thanks and appreciate."
231,2,"Very professional approach by Professsor Larry Lagerstrom. His patience in teaching is highly commendable. The key feature of the course is ""Make Haste Slowly"" This ensures that no matter what background of academics you come from, at the end of the course you will have understood the principle aspects of Special Relativity. The syllabus is designed very well. Both qualitative and quantitative elements are covered nicely. A participant will understand all the key concepts of special relativity like time dilation, length contraction, relativity of simultaneity etc He will also understand the most famous paradox of special The Twin Paradox and get some insight into the most famous equation E=mc2. I salute Prof Lagerstrom for his extreme patience in teaching a complex topic. I recommend this course to anyone who wants to know a bit about how the Universe works even for those without any background knowledge of Physics or Mathematics."
231,3,"I’ve enjoyed this course, which I’ve been following during the UK’s Covid 19 lockdown. It’s kept me happily occupied and, thanks to Larry Lagestrom’s generally careful and enthusiastic exposition, I’ve finally got my head round the relativity of simultaneity and its role in explaining the ‘pole in the barn’ paradox - something I never quite managed when introduced to special relativity as a physic’s undergraduate more than 50 years ago. So, a big thank you to Prof Lagerstrom.I’ve a few reservations. First, the treatment of Einstein’s second postulate seems to be needlessly confusing. Starting in week 3, and then repeatedly throughout the course, the lecturer maintains that, by the phrase ‘the constancy of light’, used to describe the second postulate, Einstein means that light is a wave, implying, drawing an analogy with, say, sound waves, the the existence of a ‘supporting’ transmission medium - the luminiferous ether. It’s then maintained that, somehow - I can’t follow the argument - Einstein combined this interpretation of the constancy of light with the principle of relativity to deduce that the velocity of light is constant for all observers. I’ve read the relevant bit of Einstein’s 1905 paper several times, and I just don’t think this is what Einstein is saying at all. What it actually says is: ‘Llght is always propagated through empty space with a definite velocity c, which is independent of the motion of the observer’. There’s no recourse to any sort of argument, instead, it’s simply stated as a fact - just what you’d expect for a postulate. From some of the posts in the discussion forum, it would appear I’m not the only one having difficulties with this issue.My second reservation - following on from the first - is that there’s too much time and effort devoted to the Michelson-Morley experiment. There’s no ether, the experiment was doomed to failure and all that time and effort deriving expressions for possible phase shifts - using highly questionable assumptions about the speed of the local ‘ether wind’ - could have been better spent.It’s a small point, but my last reservation is with the derivation of length contraction, which I found hard to follow. The alternative approach - using a light clock sending pulses longitudinally along a train - seems much more straightforward and follows on nicely from the transverse clock used to explain time dilation.Where I think the course really scores is in the derivation of the Lorentz transforms and the use of space-time diagrams. If you can work your way past possible early confusions and press on to these key topics,; you'll be amply rewarded for your troubles.Alongside the course I’ve read Larry Lagestrom’s book, ‘Young Einstein: From the Doxel Affair to the Miracle Year’. It’s a good read and is particularly good at explaining the content of all Einstein’s 1905 papers."
232,1,"This course really has valuable contents but the way lectures been delivered, to me is quite dull / uninteresting. There are lots of useful methods / techniques about creativity but I was really expecting examples or real-life applications or problems where creativity is indeed applied as what the course title says. Though some assignments really brought out some creativity in me. This course is still recommended for beginners. But you might want to check ""Creative Thinking: Techniques and Tools for Success"" from Imperial College to see which one you would want to take first."
232,2,"The Creative Problem Solving course really helps me to think and act in a more creative way, as for now I recognize how creativity is really important nowadays, especially in the 4.0 Industry. I understand few technics on how to improve the creative thinking such as mind mapping, brainstorming, and building internal motivation. There's few keywords we could learn from here, but since the course is in the beginner level, we only learn few in just 4 weeks. Also, the main projects, DSDs for each week is a little bit repetitive in my opinion. Otherwise, it is a good course to start brainstorming for more creative thinking."
232,3,"An eye opening course on Creative Thinking: The course content and the areas it covered speaks louder than anything that I never came across in the past in my professional and personal life. Sincere gratitude to Professor Peter Childs and London Imperial College, London."
233,1,"This course is highly recommended for any beginners in understanding the systematic review and meta-analysis. This course offer flexible time to complete as participants can reset their timeline to complete the course according to their study or working schedule. Also, participants are being exposed to exercises and able to learn conducting peer-review assignments. The best thing about any course is the application on the theory based on the healthcare practice in our daily life. The course organizer may want to add more on the applied knowledge in the videos. Overall, this course has given me the opportunity to recognize my capacity of conducting systematic review in the future."
233,2,This course has provided an excellent platform to do further Systematic reviews and Metaanalysis
233,3,"Very much appreciated the course content and its presentation. Always felt challenged and supported in completing the modules. The course content is well organized and logically sequenced, with clear instructions and use of examples. I especially like the balance in the way that systematic reviews seek to be information-led rather then method led and the inclusion of qualitative synthesis helps appreciate what is considered 'meaningful' nicely offsets any over reliance on statistical significance as the sole criterion regarding the importance of the research outcomes. However, the presentation of this part of the content was tentative and almost apologetic in emphasizing the importance of the qualitative synthesis, yet expressing a sense of uncertainty in how to do it. And sometimes the content got a bit skewed - for example it was stated that one has to be confident in one's judgements in order to make appropriate interpretations. When this kind of inductive process is applied as an assessment protocol it is interpretations that informs judgements, not the other way around (ie in assuming a description - analysis - interpretation - judgment sequence) - after all, one's is being asked for an overall judgement of quality."
234,1,"I will un-enroll after 7 days in the course as the basic cloud environment setup did not work as written in the course handouts and videos. Which could be okay, however noone replied to my questions for 4 days on that, and the reply tips did not work either. Updating with screenshots, explanations no answer till today so what would have been a 15 minute job takes 7+ days here. At other coursera and competition platforms all my questions got answered in hours vs weeks as in this course."
234,2,"Overall a brilliant learning opportunity for people passionate to udnerstand where the world is currently and where it will be when it comes to sustainability. Not your average easy course, the course is really hard to pass. Moreover, it is 8 weeks long and involves the use of complicated terms and languages. Make sure you are ready to invest atleast 15 hours a week into the course to see fruitful results."
234,3,"It was, probably, the hardest and time-consuming course on Coursera that I took. But it was enlightening, indeed :) Usually, one must spend a 1-2 calendar days for each Coursera's week. Thus, if the course consists of 7 weeks, you can expect to take 7-14 days to complete it.But not for this course. It took 30 days for me to pass it and it was a time well spend. The course contains many readings, such as entire chapters from psychology textbooks, and many documentaries. Also, there will be a lot of links to optional readings and videos, which I recommend taking., despite that it will consume a significant amount of time.The first week was boring one and I almost decided to leave the course, but other weeks were fascinating, thus I became a course fan at the end :)I bet you'll spend a lot of time with friends discussing what you learned on the course."
235,1,"I am a Computer Science graduate that is looking to move into the sustainable tourism sector. This was a wonderful course that taught me a lot of sustainable tourism concepts and also made me realise how much as a tourist we create an impact on the environment, local communities, natural resources and so on. Thanks to the University of Copenhagen, professor Flemming Konradsen and everyone.It was very helpful and i hope this helps me get into what i want. Thank you!"
235,2,"I have a masters in sustainable tourism (social research) from King's College London and I learned a lot from my programme, but my course did not delve in detail about the human health related impacts of tourism as much. Unless your dissertation focused on tourism and health, we only spoke of the impact of tourism on health in general terms. This specific course by the University of Copenhagen was a great way to better understand the more specific relationship between health and tourism. I learned a lot and was grateful for the new sources and materials shared. I especially thought that the case study approach was a great way to make the issues more real and 'understandable'. Well done to UofC for a great course! Would recommend."
235,3,"This course has been very helpful. knowing abut various destinations and how tourism impacts those destinations and its local communities can help us to be more sustainable and more conscious of the impact our activities have on the environment and that of people living in that environment. As a student who aims to pursue a career in Hospitality management this course have made me aware of measures hotels and other service offering businesses can take to contribute and promote tourism in a more sustainable manner. I highly recommend this course for people wanting to pursue environmental management and tourism management, or anyone who wishes to know more about destinations, the issues they face from mass / un controlled tourism and how they can find ways to combat those issues."
236,1,"Hello friends !!I am Ajit from India. Being biotechnologist and fascinated by conservation work, I really wanted to explore my knowledge about ecology and conservation. I am happy with this course and this course completed all my expectations. I really recommend this course to those who are working in the fields of conservation, ecology and wildlife. The course materials include contemporary ecological studies, and research data that really help understanding the current scenario and related concepts. Thank you Coursera for arranging such a great course along with American Museum of Natural History and Howard Hughes Medical Institute."
236,2,A well structured introductory course to ecology and concepts of conservation.
236,3,"I thoroughly enjoyed this high-quality course! Week by week, I gained a greater appreciation of the importance of ecology and conservation – not only for targeted individual species but for the interactive balance of whole ecosystems. I learned not only what was being studied within the vast field of ecology but also how it was being studied, including field experiments and mathematical modelling. It was exciting to be taken along for the ride and see the research unfold with new data. The relations between termite behaviour, mathematical patterns in landscapes and their effects on the rest of the ecosystem are mind-blowing.Be aware that the readings take quite a bit longer than 10 minutes, and there is occasionally some overlap between an article and a video. I was slightly disappointed that my good questions (in my opinion) on the discussion forum barely got answers, but perhaps they are yet to come. I do highly recommend checking out the further resources provided."
237,1,Excellent Program with great explanation from the Professor. Thank you so much for this course. a very useful program for me.
237,2,Great program. I learned a lot!
237,3,"An excellent program. I have come across a few of these tools and even undertaken techqniues like brainstorming before but it was very good to learn some complex new ones, and to see them described and applied in one place. The video sessions with students of the college especially helped to illustrate how these could be used. The case studies helped to provide additional examples and the aassignments helped reinforce through use, the techniques we've learnt. Excellent effort on the part of the team lead by Peter. Well done! And thank you!"
238,1,This is a good course for starters.
238,2,really nice course for starters such as me
238,3,Very nice course for starters
239,1,Great introduction to Ancient Egypt.
239,2,Excellent course if you are into Ancient Egypt...
239,3,"I think its the best online course I have taken anywhere about history of ancient Egypt. I was also inspired by the way Dr David P. Silverman narrated the story of ancient Egypt. The course was also well designed to give a brief intro to everyone about various important aspects of ancient Egyptian life. The lessons mentioned in the ""further reading"" section of every week were carefully picked so as to give the reader a whole recap as well as further insight to what was learned during that week. I will surely take any other course on Egyptology if offered/ organized by Dr Silverman on this subject."
240,1,Professor Robert Shiller is a wonderful teacher. I enjoyed his lessons very much. Thank you Prof. Shiller
240,2,An amazing experience with Robert Shiller!!
240,3,Robert Shiller is his very best
241,1,I would like to thank Dr.Charles for his great way of teaching which makes the course more interesting . This is the best online course I have undergone so far . Thanks Charles :-)
241,2,Dr. Charles is the Best
241,3,"I absolutely loooooooove Charles. His teaching style is so clean and concise, this is clearly his divine purpose in life. The order in which the information is presented is perfect, I feel like I am finally able to make sense of how my computer actually works and does stuff on a daily basis. His passion for this material definitely translates in every lecture, which makes me excited for each new topic. I love the visualizations he includes or draws because it really gives me a grasp of how a program is working as we progress through each component of the program. I wish he taught the data science course too. Thank you Charles!"
242,1,Good introduction to Big Data and Hadoop
242,2,"Overall, a good overview for Hadoop, Mapreduce and big data concepts"
242,3,"I audited this course, because I was interested to complete the specialization. I finished the course and all of the assignments. After finishing this course, I will not continue the specialization.For me, the biggest problem was the lectures regarding MapReduce. In my mind, there was a disconnect between the lecture materials and the assignments. The assignments also tended to be poorly worded; it was rarely clear what needed to be done to finish an assignment. I needed to use a lot of external resources here. I still do not understand map-side and reduce-side joins, and I do not feel comfortable writing a MapReduce job without a lot of time.The lectures over Hadoop were ok, but strange. A lot of details are presented about how Hadoop works internally, and the speed at which the lectures move makes the discussion very dense and difficult to follow. However, the material is not used in the assignments or required further in the course, and the instructors are quite clear that this is the case. To me, this seems like a missed opportunity. There could be an entire week dedicated to the internals of Hadoop (or maybe even an entire course). After this course, I do feel comfortable getting around in an HDFS, and I feel I have a basic understanding of how it works.The best part of the course was the lectures about Spark. The material was clearly presented, and the assignments were all relevant. The course gives a good introduction of Spark. I feel comfortable using basic SPARK operations to manipulate data.If you wish to take this course, I recommend that you are knowledgeable about Linux Bash commands. There is a review section, but if you are seeing these ideas for the first time, I suspect you will suffer a lot.The instructors provide Docker images so the assignments can be completed on a local computer. If you are not knowledgeable about Docker, I recommend learning through this course. It's not necessary but it's quite simple.I do agree with others that the accents of some instructors can be difficult to understand. There are options for English subtitles which help a lot here.Because I only audited the course, I could not submit any assignments for review. Thus I cannot comment on the automated grader. However many people in the forums complained about the grader.I am interested to continue with Big Data topics, but this course was an inefficient way to learn. I fear the remaining courses in the specialization will be similar. I have completed several courses on Coursera, and this was by far the worst. I recommend the MapReduce section be improved and clarified."
243,1,"I really enjoy all the course, teachers and professionals give a great overview about the industry. Hope they create a second and more advanced course."
243,2,It's a really well designed program that also gives some interesting insights for industry professionals. The structure is really comprehensive and there's a lot of really good reading material integrated.
243,3,"A great way to learn about the foundations of the industry from a lot of different subject areas- marketing, operations, strategy etc. Both course instructors were knowledgeable, engaging and comprehensive in their delivery of the facts and information. I really enjoyed this course. It has not only provided me with more useful knowledge on the industry, but taught me elements I can implement in my projects."
244,1,"This course is very usefull... in a simple word.. Its awesome... thank you ""Johns Hopkins University"" and Mr. Yaakov Chaikin."
244,2,"Thank you professor Yaakov Chaikin, thank you Coursera and Johns Hopkins University for offering this course."
244,3,"Thank you Johns Hopkins University, Coursera, BPI, Yaakov Chaikin, his family, and the team and sponsors that made this training possible."
245,1,"I would like to express my gratitude to Professor Scott Plous and his team for creating such an extraordinary course. I also want to thank him, Coursera, the authors & copyright holders and all those who have allowed to make this course widely available at no cost to students worldwide. Great care has been evidently taken in designing this course and in preparing the various lectures. The content has been carefully built as well as the process. I can only imagine the amount of work needed to create all the excellent visuals that provide a rich background to the narration, which itself is already very compelling. The course is clear, practical as well as evidenced-based. Prof. Scott Plous combines multiple qualities in his teaching including rigor and clarity together with humor, sensitivity and nuance. The possibility to see original photos and videos such as the Milgram video add to the richness of the learning experience. I appreciate Professor Plous’s perseverance in soliciting the necessary authorizations to make this happen. By making Social Psychology widely available through this unique course, Professor Plous helps to raise our individual and collective consciousness, enabling us to more effectively play our part in making this world a better place for all."
245,2,I found this course to be exceptionally informative on social psychology and I would also recommend others to take this course. My sincere thanks to professor Scott Plous and Wesleyan University
245,3,"A big thank you to professor Scott Plous! I learned so much not only about social psychology itself, but myself and my relationships."
246,1,"Dr. Peng and colleagues communicate well and provide a reasonable overview of the R platform. I took this class hoping to take my reasonable prowess in Stata and bring it to R. The biggest gripe I have is that the course stuck almost entirely to how to program in R rather than how to perform statistics in R. Given that the historical purpose of R as described in the course was to start using it for statistics and then learn additional programming as you go, this approach to the course seemed a little backwards. I have a reasonable working understanding of R as a programming language but now I am on the lookout for a course that can let me apply my statistical knowledge to working in R."
246,2,"This course was excellent, the teaching material top-notch and with excellent pedagogy. It's amazing that the course authors offer a statistics textbook almost exactly covering the course content for free. The idea to combine R and statistics is right on the money too, thanks to this one can learn 2 skills at the same time, with statistical analysis letting you practice coding in R and R helping you visualise your statistics. The lectures are divided into small, easy to absorb chunks and the teacher does an excellent job explaining the material, giving very good examples and analogies to help the students understand concepts. The exercises and assignments are fun to complete, and the course offers a flexibility in how much time you spend on it per week, e.g. there are non-mandatory exercises to do."
246,3,"Best statistics course I've ever taken. So many Aha! moments I can't count them. I have struggled for years to understand and get the hang of statistics, at uni, with online courses and at work. With this course (and the following courses) I think I have finally gained a DEEPER understanding of some of the basic but very important concepts of statistics. Lots of detailed examples and no overly complicated maths gibberish (although still mathematically sound!). The R programming bits run in parallel to the statistics lectures and can be followed (necessary for a certificate) or can be ignored (if you only want to grasp the concepts), but are overall very easy to understand and follow. There is only little background to R as a programming language and the different types of data, lists, matrices etc. To me that's a good thing, as it allows you to use R right away (which in turn makes me more motivated to go back and learn more about R). I whole-heartedly recommend this to anyone who wants to understand and use statistics!"
247,1,One of the very best Leadership course that I have ever done
247,2,"Brilliant Course. In my 30 years of industry and consulting experience, have been handling leadership roles for almost 22 years. This course- Leadership in 21st Century Organizations did help me to reflect upon my Leadership Journey and gain great insights on the new 21st century framework for leadership. I have already started implementing the key learnings in my consulting assignments. I would recommend this course for any leader who wants to upgrade his Leadership skills.Samuel Sudhakar- Business Management & Growth Consultant. Author & Speaker.Founder of www.sme-consultants.in & Director at www.growthhackingpartners.com https://www.linkedin.com/in/samuel-sudhakar-business-coach/"
247,3,"Very intensive and informative course, that was supplemented by the expert opinions on the diverse nuances of 21st centuries leadership. Every module was organized professionally with its unique content, tests and discussion topics! Evidently it can be said, that 10 weeks of training have been much more interesting. I believe each participant received not only the knowledge but also a lot of practical information about how leader has to manage different situation efficiently and effectively without compromising desired outcome. I would like to emphasize the enormous efforts of the course mentors for preparing the materials and very clear answers."
248,1,"The mentor,Dr.George Everly teaches extremely well, using engaging simulations and practical examples to help us understand . The simulation, in particular helped me grasp the techniques we were being taught and seared them into my mind for future use. I would definitely recommend this course!"
248,2,"I thought the instructor was good, interesting, and professional. I did learn some things, but it was beyond rudimentary. For instance, the simulations dealt with only one situation, in which ""Gina"" was only mildly distressed to begin with (almost ""eustressed"" to use my new vocabulary). A variety of situations would have been much better. Also, the real life video, about the fire and those who experienced it, was fine, only the professor never weighed in or discussed the assessment and prioritization of the different people. I really missed this, because this one incident would have covered a lot of the ground that I missed in the simulations. On the whole, I believe you could have put in a good deal more work in order to make this a stellar course, without making it much longer or impossibly difficult for beginners."
248,3,"The course content is very theoretical but packed with very very applicable information for improving machine learning systems. The use of simulation exercises at the end of each week really goes a long way to compensate for the theoretical nature of the course content by giving learners the ability to think in terms of a real world project and seek ways to make it better. Technically speaking, I found this course more important than most practical courses that are filled with coding exercises without any additional information around making the code perform better. Great content!!!"
249,1,"Some people might say that it has lots of theory, but I find that the theory is delivered in a way as succinct and impactful as possible within the short video time. Do read the written material to understand the intricacies of the in-material jokes!"
249,2,Good balance between theory and practice.
249,3,good balance of theory and practice
