,0,1,2,3,4,5,6,7,8,9,10,11,12,13,14,15,16,17,18,19,20,21,22,23,24,25,26,27,28,29,30,31,32,33,34,35,36,37,38,39,40,41,42,43,44,45,46,47,48,49,50,51,52,53,54,55,56,57,58,59,60,61,62,63,64,65,66,67,68,69,70,71,72,73,74,75,76,77,78,79,80,81,82,83,84,85,86,87,88,89,90,91,92,93,94,95,96,97,98,99,100,101,102,103,104,105,106,107,108,109,110,111,112,113,114,115,116,117,118,119,120,121,122,123,124,125,126,127,128,129,130,131,132,133,134,135,136,137,138,139,140,141,142,143,144,145,146,147,148,149,150,151,152,153,154,155,156,157,158,159,160,161,162,163,164,165,166,167,168,169,170,171,172,173,174,175,176,177,178,179,180,181,182,183,184,185,186,187,188,189,190,191,192,193,194,195,196,197,198,199,200,201,202,203,204,205,206,207,208,209,210,211,212,213,214,215,216,217,218,219,220,221,222,223,224,225,226,227,228,229,230,231,232,233,234,235,236,237,238,239,240,241,242,243,244,245,246,247,248,249
0,1.0,6.821336330937048e-59,0.00041153255040448023,1.4597345306377049e-31,0.0,1.0,3.8644831542056634e-90,0.0,6.987775894829453e-19,0.0,1.0687248026659302e-256,8.578075630439917e-264,3.185732473569243e-58,3.786610208947199e-09,5.4025725784346824e-62,1.0,4.5205475782152436e-08,3.1192466192839197e-29,3.932154443737391e-18,0.35821561499810295,6.367475339293839e-38,0.0024039207724964986,2.8763235887158196e-221,3.9372613297209676e-62,6.882731553219173e-87,1.8460370330780408e-127,2.189042903189611e-27,1.0,4.77291535275933e-156,1.0,3.2369522169322606e-19,1.0,2.441969863823206e-14,1.8815616976906975e-28,9.215755007688851e-47,1.0,4.061587194940031e-56,0.0,1.635125190078936e-06,1.0,1.7980808610924337e-13,1.6361129373713373e-05,2.3680966492387473e-21,0.0014830680276787212,0.36499389472990745,3.213607907865317e-204,9.300145519519431e-135,1.0,2.2419606852009847e-96,8.605494457771326e-52,0.32657679352364216,1.0,1.1986684132623997e-282,0.0005482651671639649,1.0,2.4510851196514914e-59,1.0,1.0,4.552073778020845e-111,1.3876715680083153e-114,0.00014104200801500044,1.5284631104283748e-13,0.5970358710749624,4.413354661156029e-48,1.3475821918858448e-11,1.0,1.0,5.621986519778547e-99,1.5886016495649416e-48,1.431971724847391e-08,3.1344174942332167e-12,1.0,8.150296286365687e-51,4.0475514859949917e-16,1.365276287850123e-05,4.675702231255178e-123,7.613600950466962e-54,1.9089484335432625e-15,1.0,1.0,8.406575630070186e-88,4.085126625472315e-11,1.0,1.0821756182865341e-112,5.584510742397813e-16,1.0,0.6946464401924649,1.0,0.00010075674415493896,0.11705317133067578,1.5453953491951829e-09,1.0,4.515856434019387e-31,1.0,1.2851171788500006e-09,1.0,2.0707110446865983e-06,3.1883148539253395e-18,1.0,5.386762578912263e-38,4.0115088706858025e-13,1.4170529195205567e-254,1.0,1.0,1.51746610259143e-18,1.0,1.0,1.0,6.6849073262031695e-15,1.0,1.6726693827411003e-16,1.0,3.5211609124689994e-20,1.0,5.608317665661885e-61,4.307693264779025e-124,1.0,3.2244173238824585e-08,1.6113241520303589e-44,3.4972785700856383e-44,2.7719594010765737e-07,9.037562106637791e-52,1.7774408771448923e-12,1.0,1.0,0.004063682248361228,1.05152109580206e-72,1.0,0.02179014000894925,2.4834827510574035e-10,7.466099585060053e-40,1.3087995444435658e-30,1.0,0.945070421690466,1.0,1.0,3.5435461979098885e-55,3.157289191860643e-11,1.0,1.0,1.0,2.2442837338764469e-72,2.079753593635821e-33,1.0,2.228201724580635e-19,1.0,6.14543071388377e-26,1.0,1.0,8.029411767373294e-110,8.974813351086142e-12,6.496150954657969e-185,4.770450682179677e-25,0.00543751294530879,0.33060675595027855,0.31863966786830217,1.0,4.80846129045754e-17,1.0,1.7331382502303341e-06,1.0,1.0,1.0,1.0,1.0,1.0,1.1807448877263605e-06,1.0,1.5140362648976431e-12,0.6673381164591001,3.613250917084693e-57,0.7234186124409759,0.056522285984635524,1.0,1.790255224216778e-08,0.10791673564439212,1.0,4.050025003344e-89,1.0,2.4881102515797688e-08,1.0,0.0011483839747876265,1.0,1.0,2.3312503669099846e-14,5.843295934846832e-19,0.2999318167830658,1.2012673405817617e-06,1.0,1.0,1.0,4.578600553342826e-39,0.04678156832210648,0.22865103822435712,1.0,2.3123431936141693e-34,1.0,1.1569376438356287e-15,4.671061791729423e-93,1.0,1.0,5.833411365217656e-55,9.489822725758942e-29,0.00011079192599471557,1.0,1.0,1.0,3.477283772003976e-05,1.0,2.7313857196120298e-17,8.978111748062e-71,5.021928907358274e-39,8.114685518901553e-30,0.10910622917409367,8.217568996256264e-28,3.5665879112297735e-97,1.0,4.028519041589096e-10,1.1611584740849048e-21,1.0,4.673070059955839e-09,1.0,1.0,1.0,6.042225511155668e-06,0.6803684489281551,1.0,1.0844119252517168e-10,5.24285983495859e-06,1.0,0.006273355389860743,0.02932140900829517,7.72945027924755e-09,1.0,1.526404664661455e-33,0.12696401391705311,0.005296874455324018,3.5858113488530204e-26,3.280506967227012e-14,0.10457307098105204,1.0814985305751495e-43,2.1474518748904438e-30,0.00024678015480540335,0.005794904716149611,5.4558195676717805e-36,8.865841581613784e-25,1.0,1.5536911120686338e-10,1.0,1.0
1,6.821336330937048e-59,1.0,9.078581431080373e-19,2.87349840432288e-141,6.137011005471569e-278,2.4338741565406684e-20,9.204870142343784e-05,9.120668739318908e-196,1.0,3.917118273368709e-231,2.051760435190011e-79,0.0,2.5590643346270454e-169,0.02268154972870704,0.08389106254851884,1.2820493253570804e-33,0.09775635826980747,9.715091921492629e-110,1.0,6.077711234446441e-07,1.0,0.008851802824070857,3.8133991200053125e-89,4.745875281354385e-06,8.908778042092863e-186,5.783156537099046e-37,6.731532704334191e-94,2.749185346371515e-33,1.1330462130316111e-55,9.322566521798662e-06,1.0,1.212666549127696e-25,1.0,1.0,3.56090219340064e-117,1.7009354910923458e-15,9.25333139716493e-09,2.0195478355191965e-188,5.5627346855857396e-46,4.868550500159672e-15,1.0,1.0,5.769308859832404e-73,1.0,5.854358161966911e-32,0.0,3.5471181926707975e-54,1.3572173855638532e-23,6.858123213509471e-32,1.4434474972250517e-08,1.0,0.426010372114178,8.420971430626115e-159,1.0,1.2836994899536616e-13,4.0033455053509354e-13,5.127271987499528e-12,9.535672087564072e-08,3.796467929654922e-44,2.3089831688850212e-46,1.0,1.0,1.0,3.6100195695410635e-09,1.0,1.1574910837560794e-17,0.0007251195144533808,7.339239268370751e-39,1.3840333877021944e-105,3.573105825766822e-42,1.0,7.407073946198008e-07,1.1518823943686766e-11,1.0,8.352658593465224e-36,1.4828360443292494e-55,9.282670561860226e-14,1.0,1.235948031954293e-14,4.821091001883315e-18,1.1484852946554716e-34,1.0,7.292070828375628e-19,3.698332150250992e-185,1.0,8.916549206247422e-19,1.0,0.00038950578306174913,5.169551813035125e-31,1.0,1.0,1.0,4.390563058864958e-73,0.0027496402327332544,9.433750158899031e-39,7.501002844620408e-21,1.0,9.882868178548307e-53,0.00020668602944643014,1.582199451600782e-08,1.0,1.6329410256988443e-164,0.00011271922284849529,1.0,1.0,8.021827377802135e-09,2.173333791612359e-08,6.201628159788292e-07,1.0,2.6593108085089337e-06,9.416737419298441e-48,1.1728478017468477e-07,2.680566361610917e-53,1.0,1.326888938411817e-23,1.2669219518208296e-67,0.0008996580725165903,1.0,1.2993595140042865e-86,6.411665516130884e-86,1.0,7.088816343263416e-19,1.0,4.459003125898058e-08,0.1309851929385654,1.0,1.9724212169768432e-121,1.0,9.907292742339582e-21,1.0,9.4654436343973e-13,1.9594612414451565e-07,1.0,1.0,1.0,1.0,3.4314403638085813e-97,1.0,7.606028468048387e-08,1.0,1.0,5.181339107118609e-35,1.4165798065386653e-09,1.0,0.03759998651662933,1.0,1.1158053219986343e-05,1.0985039782883206e-10,2.295631997143662e-13,2.3255691688277333e-64,1.0,2.9495731291431276e-124,1.019096260258211e-53,1.0,1.3856453013065428e-15,1.0,0.0006086709805354399,0.07241603735768365,1.0,1.0,0.003622053149869923,0.04840637655004253,1.0,5.795195085420416e-08,1.0,0.00024907532449863713,1.0,1.0,1.0,1.0,5.314821372902515e-28,1.0,1.0,1.0,1.0,1.0,1.0,9.599394424086175e-53,1.0,1.0,1.0,1.0,1.0,1.0,8.188033567360314e-35,0.0006607697224929216,1.0,1.0,1.0,0.004345577042776096,0.0011293714734900537,5.787044097942494e-17,1.0,1.0,0.00134267931287756,3.0743466935954616e-61,1.854368005084111e-05,7.029801878786255e-36,9.401577033625418e-58,8.3045859352245e-05,1.8240915185828933e-05,1.0317634992318882e-28,2.1335615424629565e-10,5.600524555491671e-19,1.0,2.9239900882844935e-08,3.5760584263733374e-08,1.038926189708701e-19,1.0,0.001718312735882596,5.902246413344967e-41,1.4564396451535642e-17,1.347099615623873e-54,1.0,4.536976320086777e-10,6.135514697247036e-62,1.0,1.0,2.246047903515727e-43,8.079839921641927e-06,3.494104953211764e-25,1.0,0.258736807495499,1.0,1.0,1.0,1.0,1.0,1.0,2.7632160947929414e-08,1.0,1.0,1.0,1.0,2.462313645883365e-57,1.0,1.0,2.740133751575014e-10,0.010321189662907909,1.0,4.4221965826678115e-23,1.6494792988084043e-13,3.191127559725776e-16,1.0,1.098225765856796e-17,8.245549417344344e-10,2.436007994076766e-05,0.7363744863684483,1.0,6.967549665145538e-10
2,0.00041153255040448023,9.078581431080373e-19,1.0,9.828587857093667e-55,0.0,1.0,1.4547824525319695e-43,0.0,0.05707604165147779,0.0,2.186906088173299e-164,3.524189005527932e-292,9.815378480236025e-83,1.0,3.722419478730162e-30,0.002274996940192325,1.0,5.1601904319352144e-48,0.0010317137525038356,1.0,3.761198483363733e-16,1.0,5.9500230164627434e-158,2.4717715799394776e-34,2.227874987083511e-110,1.8183473923994533e-84,1.1992923199154156e-43,3.353409644330643e-06,5.494073734795649e-109,1.0,1.8143074528918497e-06,0.001207919820729542,0.0009727848558828883,4.820288610356703e-13,1.497290146212803e-64,1.0,6.761093125812213e-34,1.8575815658466002e-267,5.827723768354324e-16,1.0,0.0011921158488304323,1.0,1.9367832237836994e-34,1.0,4.173632802640243e-08,1.736430147561661e-230,1.3418936572033014e-98,0.0006524433581000949,1.997771121369503e-67,8.394794827723106e-32,1.0,1.0,1.008045972735055e-226,1.0,1.0,2.2590762335973965e-38,1.0,1.0,1.301075451809861e-81,1.4465643252403687e-84,1.0,0.00013663775421592092,1.0,1.7339528009714956e-30,0.00220755056339569,0.04621055277055552,1.0,9.1475574695074e-73,9.824436783764443e-64,4.340093224153833e-17,0.0004999326071937614,1.0,2.1323197128244473e-33,8.918563186152823e-07,4.0580392438809127e-13,7.820485458523071e-94,3.694180717014768e-36,1.5342321085484118e-06,0.3830693255919785,0.0060913675865532715,6.316854527637839e-65,0.0011975979884654986,0.0014238241019623738,5.708303650589268e-132,3.8459852680623263e-07,0.0010661419418569371,1.0,1.0,2.3615901682238188e-11,1.0,0.006315164504950856,1.0,1.4819696799676277e-42,1.0,2.8031246344402276e-17,1.4883515551501456e-05,0.6267781275660952,1.4885187093365498e-27,1.0,3.510331066068908e-25,9.608030058795446e-06,1.9889321466129332e-216,1.0,1.0,5.715364131298391e-10,1.0,1.0,1.0,2.7421032307854507e-07,1.0,5.059408290256012e-25,1.0,2.8063345030957576e-29,1.0,2.54479109918663e-45,1.0407804802415055e-100,1.0,0.013685717957902641,2.4196358991248033e-56,6.45360677046824e-56,0.049939835260518255,5.032643654531247e-38,7.284778497424767e-06,1.0,1.0,1.0,1.7760204228066832e-86,1.0,4.257266717420766e-07,0.00019169280023867712,1.5920679633132967e-28,8.700956751974882e-21,1.0,1.0,1.0,1.0,3.74354151594735e-67,2.6424488627643585e-05,1.0,1.0,1.0,3.690026554328581e-57,1.9771735517317266e-23,1.0,6.3761460173176035e-12,1.0,2.272733502241003e-17,0.1806273997936246,0.004133338864646343,1.5598911508890708e-91,4.583967738240571e-06,2.0008268328586808e-160,3.032899843807315e-33,1.0,6.164028863236483e-05,1.0,1.0,1.5021500882763953e-10,1.0,0.030342168784787037,1.0,1.0,1.0,1.0,1.0,1.0,0.01972795474775993,1.0,4.4736773006256777e-07,1.0,1.677684681379272e-45,1.0,1.0,1.0,0.0005493433115906299,1.0,1.0,9.714338976222091e-75,1.0,0.0006626753838019,1.0,1.0,1.0,1.0,3.1136966887332646e-20,1.0410831161365883e-12,1.0,0.010384034539330834,1.0,1.0,1.0,3.0765870007195622e-30,1.0,1.0,1.0,2.7570499989600347e-42,1.0,1.6245396958515509e-21,3.188617139673049e-79,1.0,1.0,1.3015034160637902e-44,2.3506517963013362e-21,1.171765126871219e-08,1.0,0.29960466683857123,0.32588961228892577,3.046655351579639e-09,1.0,1.3670707898578454e-11,4.3016236321503e-59,1.676855637905039e-30,3.947330003926675e-37,1.0,1.1182503885465257e-20,2.014859261747469e-83,1.0,1.0651355737463772e-05,4.893837772380448e-28,1.0,1.1251197530715095e-13,1.0,1.0,1.0,0.01953862305803874,1.0,1.0,2.6244656229608158e-06,0.01602899765662767,0.13429597538392637,1.0,1.0,7.160516170622307e-05,1.0,1.190716744528849e-40,1.0,1.0,7.134199176846097e-20,1.6375449988952484e-09,1.0,1.1188740567553981e-35,9.244534635399623e-24,1.0441180712345215e-07,1.0,7.514528516763608e-29,7.274955970731567e-19,1.0,1.5495868508549511e-06,1.0,0.003516833201779439
3,1.4597345306377049e-31,2.87349840432288e-141,9.828587857093667e-55,1.0,0.0,5.5699057111539165e-34,2.230866990002931e-172,0.0,7.81357608431006e-75,0.0,0.0,3.199053440826058e-99,0.002721336624532598,1.168566581477552e-52,1.4012190160611213e-129,5.421585498781141e-09,3.12147829025622e-48,1.0,1.6761935264675965e-64,2.1188027895624302e-31,6.629455143064121e-93,3.112209889072389e-34,0.0,2.5736436562655057e-122,4.293398534600761e-24,5.031924447034502e-201,1.0,0.22347657020294023,5.047708683970322e-232,1.550773405660684e-19,6.2536074422152604e-58,0.11073358021685431,6.93263668817751e-49,2.3899722663360574e-70,1.2251991148766717e-08,7.051861483705071e-07,1.6268776881651862e-106,0.0,1.0,1.6801184882887022e-05,1.5360886170006247e-45,1.1454787476896305e-31,1.0,8.14294239504439e-28,1.0,1.7344658168453785e-110,1.8421014187767135e-199,1.0,1.39323273372354e-153,2.976927284549391e-98,8.681147861236444e-22,3.847186057437259e-19,0.0,3.587539035717631e-27,0.0007577587815994664,1.570594339037008e-106,0.00012419261194299375,4.4533935251060683e-07,7.025329629113893e-168,5.27324475567215e-172,7.246668689088152e-27,6.643307442416579e-42,2.736356822144857e-19,7.613735469505652e-90,1.8784671458427802e-38,1.0,9.871677923739518e-10,1.6371204362034395e-151,8.388104698546576e-15,1.0,1.618814025734593e-38,1.1004992039067496e-05,1.0851396306102841e-91,2.744816788652163e-44,1.0,9.154843782440139e-179,7.565828991110732e-95,2.2569055422427414e-42,1.0,1.0,1.8674395500450653e-135,3.624770287704357e-35,1.0,1.7550836823514392e-59,2.270105843955507e-42,1.0,1.364079492559968e-16,1.5717875936491616e-05,1.0,8.901884196386287e-18,4.025739213087329e-31,2.615180661710366e-12,7.918528722498882e-08,2.6003254534304486e-05,1.0,1.0,1.6572612682182644e-25,0.17906409174511348,0.0017231136032958825,6.320412738214615e-70,1.4135586605367041e-35,0.0,0.010363545000194038,1.8613548687160887e-08,6.286230171270189e-43,1.0,1.0,1.0,2.221666826392478e-37,0.6629218742655515,0.28392869699515677,1.0,0.0037487511941923786,5.065357869082695e-11,1.0840534620156353e-96,1.4486493271992682e-170,0.030282374162135188,1.68186038396239e-26,2.892617745904244e-18,3.717635087435819e-18,1.3628435787804124e-24,4.094670286468468e-84,2.2959433772525366e-32,1.0,0.002696275592696277,3.1383086286956805e-17,6.005942155427421e-39,6.319727554748715e-06,1.0,1.8322021517743394e-28,9.953297988018916e-68,7.4979312687595285e-56,1.457082354031502e-05,2.1540106718760292e-12,8.507484568689174e-09,3.247817029022605e-08,2.4583114899739107e-27,4.356219642391174e-29,1.0,1.931482304625542e-05,0.00017677750919615137,2.710366880005424e-106,1.2112957031589534e-58,0.004015503460844438,6.615376638354804e-40,2.190671160641953e-11,1.8661702306710888e-48,1.0,1.0,5.50980892405571e-148,1.2282642782830595e-28,1.815932067132287e-231,2.2515020914801734e-08,7.394311942669681e-15,1.0,8.405735189308427e-12,1.0,4.495525548436235e-35,1.0505084690517365e-08,5.93978128449154e-20,1.0,1.0,1.9337888521942565e-09,1.0,6.464037135726204e-05,1.0,5.929069255284549e-20,0.45968298432696914,2.495672053839122e-28,1.2759103799755551e-10,2.548072855721541e-84,1.7171601250880965e-10,2.24360162257817e-12,4.077432526821449e-06,4.89184652596379e-22,1.4599761793046938e-11,0.01913880010521765,1.5418004258640902e-120,0.001292057705954696,1.0263210953887113e-21,3.0924320801748106e-05,1.6521192552447204e-14,1.0,1.0,0.0036608089505224288,7.523935140989428e-36,1.8018988990267745e-10,8.331173661782996e-19,0.959754017373305,1.0,1.0,1.0239526015217385e-60,1.3848734713699711e-11,2.2454220709967523e-10,1.0,4.675125916055488e-17,1.0,0.0002861127056355271,2.996713914228976e-123,1.0,1.0,3.179653996520724e-79,1.3241949706037479e-47,1.0,0.0018973150056014198,1.0,1.0,1.0,1.7486869586337803e-08,8.85415938156235e-33,2.853528218493686e-97,6.483488478844172e-60,3.979758405688852e-14,1.39689727288991e-10,4.6710837241419665e-46,4.419610733446657e-127,7.888630709939373e-05,6.134019630258987e-23,1.45107018890255e-08,1.0,1.0,1.967233230875738e-07,1.0,0.00010309158268965306,1.0348762694527838e-16,6.839217286887701e-09,1.0,3.092600524255371e-23,1.1746249854495502e-16,1.0,6.032772007244486e-12,7.615046058920601e-11,2.1390584165251403e-20,1.0,6.240706087326731e-18,1.021116890871793e-09,9.949369587069493e-12,2.7145692469764803e-42,4.233529124081368e-27,1.3353943417550568e-09,5.056265635708136e-63,4.60142345914296e-47,1.0,2.9137567681062815e-11,1.3944945895852584e-53,5.726521566169728e-40,1.0,8.030136854194642e-22,0.027944953249332664,1.0
4,0.0,6.137011005471569e-278,0.0,0.0,1.0,0.0,6.459028082275007e-149,1.0,3.4488810405307216e-267,1.0,2.8169189553944802e-33,0.0,0.0,6.094502453987479e-247,1.3193821650889757e-122,0.0,2.2841524256712324e-225,0.0,3.5449239622131213e-178,3.301454753988403e-238,1.2647975704457532e-126,8.490614353931077e-199,0.0005071148013948324,3.96835159157957e-76,0.0,6.1037082190810605e-28,0.0,5.939001789534105e-287,4.407967565411687e-12,9.92342097152857e-183,1.507567132506107e-107,3.5475078917484445e-241,9.935115936704885e-109,6.478704319199421e-82,0.0,7.1465656160020385e-208,5.7180226937612e-44,5.937936985048114e-08,3.685938566904793e-280,5.886799831664918e-196,3.2570862457791013e-96,4.627104391153826e-118,0.0,4.906632484421421e-125,2.0141574013270786e-238,0.0,0.007644914511601007,6.754321969708179e-210,2.940012481085807e-12,3.918246074287397e-37,2.7649560800546814e-124,4.714032186020113e-129,1.5384351539789998e-05,4.90862205592603e-109,1.2122580543619626e-174,9.000231856525002e-27,1.3474464135508612e-167,5.337677420853015e-147,0.01253273275753689,0.06865069180608038,4.192085857053639e-94,4.381361515217216e-70,2.2637679796889126e-105,2.6336918078335792e-27,9.29217897898043e-72,8.4483645639144e-170,3.0500258178366123e-124,0.01153894269575883,0.0,1.3237657737439339e-226,3.138888798454888e-64,3.599168394569344e-132,2.722442612655566e-20,1.044806558311576e-55,1.328802757179786e-209,1.0,1.4153944980110418e-16,9.142002418553849e-52,1.760849873723565e-148,7.772754871718524e-158,0.08077781463637004,1.9169686888417586e-56,7.407828259266767e-157,0.0,1.5265133541502645e-46,1.3008229406884466e-153,3.542960417114503e-80,1.1845310014374608e-107,2.4093243740108749e-181,1.3554070628224341e-73,4.971676483808901e-50,9.15879702823974e-80,1.3382534366294075e-258,7.02920109871547e-99,3.955955965003901e-190,1.12321949284612e-148,2.497746993768736e-53,1.9555362950068148e-216,1.1249442444466963e-99,4.934118924201307e-14,8.276549226409948e-38,1.8570454270018594e-26,1.251184102313411e-97,2.2330363339725844e-77,4.468229979739553e-28,1.9384327094410404e-109,1.0551003941398997e-107,1.4766277824407897e-102,2.882465090578527e-31,1.3600568062717327e-99,1.5994625245012205e-195,1.1132122591021351e-102,2.713277142992995e-205,3.824898372558982e-65,0.9895900636988769,1.0,1.8030258888073813e-87,1.392954496406577e-37,6.913390452182223e-258,1.112599346876646e-255,7.914602407159565e-37,0.12110595792400285,7.844984690560233e-28,9.283012734660556e-96,8.205712845251576e-74,6.278424567634655e-43,9.614909080144804e-306,4.77770473549604e-64,1.21627074766226e-125,1.748848012259585e-27,0.002016157867407715,1.4263106720321862e-07,2.1496831557072713e-60,1.4352813624809573e-45,1.5592616110032744e-52,2.4989778247860616e-53,4.359628013892e-260,4.976741011354576e-23,8.411121960437101e-88,9.858640013194562e-57,3.642216730802307e-59,1.0,0.00015574085829712448,1.367196536364512e-60,2.6332285436753177e-12,2.460962800848261e-41,2.7426724105548376e-07,2.6571527278519193e-91,6.89829900366987e-98,0.12517257654957845,3.135244708890847e-17,8.633351291947767e-25,1.7390803385512302e-174,7.339594225371201e-29,1.2676076460163837e-97,5.931791403368848e-33,6.237212448355273e-67,2.5963898674219216e-09,6.888114900829093e-36,3.476551636817393e-20,1.9951724846938508e-62,1.4721500260639213e-58,4.2530403774576535e-33,1.8831771141902743e-75,2.3337276055951195e-41,5.163005752656965e-65,9.216533159256476e-19,4.256107114325058e-51,2.102523018052694e-11,1.9449971051587646e-29,1.0,4.6914058263988183e-29,3.417174960448408e-26,1.1065467488331882e-34,7.815716921372278e-14,1.1607234933681633e-24,6.496453182933926e-42,0.27966292849763424,7.209977180884651e-39,1.4943525356058706e-13,2.2736758534406043e-34,2.882748384294284e-19,2.8270599479606953e-46,3.3999014384972703e-46,4.18573266686017e-124,0.0010348598981326418,1.7060055162666437e-23,8.731577918534923e-14,7.707785155715571e-43,2.774878789597949e-54,9.696751599149363e-56,1.0,2.3602304223083918e-20,2.275161138097431e-21,1.2010312193998703e-54,4.512257251238014e-165,1.2375351940106634e-59,3.16055715212656e-122,0.00020873444362604537,1.2573647366104017e-57,3.9743700043281896e-59,1.0,1.0,3.7869060931193285e-89,9.975435740779283e-32,1.6672275990543319e-65,5.162721541231117e-65,3.884599283127306e-90,3.7444947120935133e-22,0.00809211374398365,1.0,1.0,2.1144447811246908e-151,9.655990156443867e-19,1.0,8.446566517299008e-07,2.3902143045779506e-27,3.274042985789773e-07,2.154713945700848e-131,3.069337682841905e-57,7.30951723541069e-98,2.3692223107528767e-21,5.363089833336027e-44,2.690259810265733e-25,2.3432458909063455e-10,3.957731336864798e-18,9.069505289513065e-39,2.3772610478993846e-05,9.910044999176976e-10,7.194276534045664e-61,2.476863613957801e-13,3.975924948747715e-14,5.071626294438012e-06,2.8743880980393334e-34,4.4245287363030276e-147,1.3061839931486201e-14,1.1712227682681044e-11,1.0,0.3173169024071651,3.9181395706626327e-13,1.0,1.0,2.230625870734842e-72,7.135366762406379e-10,1.0,1.0,2.2269546772583105e-48,0.019191983451269046,1.3438726189541524e-21,2.958044234099093e-58
5,1.0,2.4338741565406684e-20,1.0,5.5699057111539165e-34,0.0,1.0,1.5136022661743484e-43,4.120081905726943e-285,0.0003594429713288538,0.0,9.170812022757022e-151,2.19245297398672e-223,2.2339252712886566e-58,1.0,7.356273934298868e-32,1.0,1.0,1.1105258559431064e-33,7.23934583905133e-06,1.0,1.794098521141959e-18,1.0,9.507777404007608e-152,3.0168857707855275e-36,1.7245162144033812e-87,7.16174541655784e-84,2.52112806813119e-32,0.015612611752868318,2.817538465564891e-107,1.0,1.3795291812931436e-08,0.7201287398573206,1.1545047960406216e-05,2.4919089335063807e-15,2.657950333846614e-51,1.0,4.101018315015826e-36,3.4910841965929514e-258,8.984893137381305e-11,1.0,1.6491591547278807e-05,1.0,2.4449468667615963e-26,1.0,0.0001520382565178663,1.0183706718395209e-198,6.054369011900589e-99,0.2566196776328506,5.876751107852677e-69,4.251374478172945e-34,1.0,1.0,1.4606712869689862e-221,1.0,1.0,1.2750423967658761e-40,1.0,1.0,5.2690474294888546e-83,7.100655978639085e-86,1.0,2.1869480959657305e-06,1.0,8.101752493387288e-33,4.453650339774042e-05,1.0,1.0,1.5203407034286733e-74,1.6847219869629352e-53,1.3123877595216049e-12,9.827937086902949e-06,1.0,9.990569968143708e-36,1.2125307455367961e-08,2.798725380483172e-09,3.388347676823448e-95,1.744506915571796e-38,2.3234106431881307e-08,1.0,0.6332210186851543,5.3086443797243336e-67,2.9157448678601e-05,0.18007356080212542,2.2670724405645406e-116,5.822134031264906e-09,0.1314900529416563,1.0,1.0,4.3611049478708305e-08,1.0,0.00020467910968775872,1.0,6.811778538027166e-36,1.0,2.1150026136575154e-13,0.002800745723995156,0.032744832120234754,1.472599193688796e-22,1.0,2.105485029461027e-27,2.232992737353624e-07,7.843647428320591e-216,1.0,1.0,8.69400762480444e-12,1.0,1.0,1.0,5.724293883431735e-09,1.0,1.3249416075848494e-20,1.0,1.8371497121518572e-24,1.0,1.20984985628637e-47,1.1261953939214263e-102,1.0,0.000626012622599824,2.097558099324468e-49,4.680081447533165e-49,0.002678255238889356,2.6541943467249105e-40,2.143584486496181e-07,1.0,1.0,1.0,1.0057950576133386e-77,1.0,6.063202165806635e-05,7.511383627507039e-06,1.1548858315345974e-30,8.746481991119657e-23,1.0,1.0,1.0,1.0,4.347871030070613e-60,9.998613098061199e-07,1.0,1.0,1.0,1.7694908103079006e-59,1.891086764145675e-25,1.0,1.2903595069371714e-13,1.0,3.168935252602828e-19,1.0,0.12816257145862073,8.19195757298528e-94,1.845543478965284e-07,3.2563133127511553e-162,4.399493220924722e-29,1.0,0.002684834754234685,1.0,1.0,4.236831005060915e-12,1.0,0.0024262156085628523,1.0,1.0,1.0,1.0,1.0,1.0,0.001582651107529753,1.0,1.9369729978458702e-08,1.0,1.1027966834763895e-47,1.0,1.0,1.0,3.779485015586802e-05,1.0,1.0,4.783278218997843e-77,1.0,4.6907225057690254e-05,1.0,0.280778115250798,1.0,1.0,1.6415538061417903e-17,3.129449109265262e-14,1.0,0.0009395175468467996,1.0,1.0,1.0,3.7367577799506177e-32,1.0,1.0,1.0,2.4967276452887975e-38,1.0,8.220702238215309e-19,1.6162886313137636e-81,1.0,1.0,1.0750818372549281e-46,4.493112817412648e-23,6.239186878355832e-07,1.0,1.0,1.0,1.7735826837705781e-07,1.0,5.116796496279268e-13,2.768560973761238e-61,2.2058765688259174e-32,1.445224767589787e-33,1.0,2.3348114296077256e-22,1.0253454506202744e-85,1.0,7.305684815717937e-07,4.856897101583353e-25,1.0,1.2305639704116484e-11,1.0,1.0,1.0,0.0021740219730858826,1.0,1.0,1.8152344475014559e-07,0.0018012462407119506,1.0,0.6174318342486187,1.0,6.126609085232559e-06,1.0,3.180640312612591e-37,1.0,0.4676665122879704,2.0063923480861692e-21,9.490688286327372e-11,1.0,1.6755959159288706e-37,2.260576256799206e-25,2.75783664405942e-06,0.4234480729651317,1.5139840560210727e-30,2.381650107258353e-20,1.0,1.2772428451337035e-07,1.0,0.0384999894860224
6,3.8644831542056634e-90,9.204870142343784e-05,1.4547824525319695e-43,2.230866990002931e-172,6.459028082275007e-149,1.5136022661743484e-43,1.0,3.870699944206514e-101,8.571680078391857e-14,1.0399790849857033e-124,1.7286476734070344e-30,0.0,1.1297238976823476e-200,1.3406830564020242e-16,1.0,2.5863255193364907e-57,7.418724562991674e-15,3.8962866637877995e-140,2.1044714040751213e-05,1.8673546107690017e-22,1.0,2.670159328344771e-15,8.671849577854752e-46,1.0,4.275912937190724e-217,9.370249282523383e-13,8.570936526242655e-122,2.3743685845299105e-54,2.8201968327344037e-25,1.6102963640442526e-18,1.0,5.301850601617885e-44,1.0,1.0,3.656532910929201e-145,3.24059354073428e-31,1.0,2.8219868109993165e-128,3.576593290017978e-67,4.340802235701158e-30,1.0,0.00011493207135049775,5.811897517578947e-97,1.4768782049245343e-06,1.5950581673447117e-50,0.0,4.674104382107473e-28,3.739124059075469e-40,3.8923177133638744e-13,1.0,3.1175981711409894e-08,6.964692265048237e-10,6.839420089954359e-109,0.0001518780693210186,2.352576442656596e-27,0.05112303283775988,3.59895869076436e-25,3.857667785089176e-19,1.2222778865765538e-22,3.216842638045712e-24,0.01112727950529318,1.0,3.3562795139141777e-06,1.0,1.0,1.6653373685848715e-31,2.9848236478912466e-13,1.1177327915361235e-19,6.353923983428298e-130,2.6959141415756465e-60,1.0,2.8028666232559545e-17,0.06362592396870242,1.0,8.310870457318769e-53,2.648865834196344e-32,0.0026781819240071034,1.0,5.9861875452219524e-27,3.4976218012524136e-31,1.158554747951965e-17,1.0,5.451451313912657e-32,2.208318844310273e-212,1.0,1.0852295819687203e-31,0.002542519977452792,1.134919232656629e-12,3.969255393878998e-46,0.04296127162045759,1.0,0.00013750974729042633,8.230280530284237e-93,3.7798208074677976e-11,1.7000993888347207e-54,1.555095293594209e-33,1.0,4.10124120276125e-70,1.549939827482554e-12,0.5065017030139083,1.0,4.07037490620846e-126,1.0096353226038872e-12,1.1411535803577877e-05,1.0,3.785849125688553e-18,1.4711934124456192e-17,1.3102119696297407e-15,1.0,1.0387866954471173e-14,9.339282975537768e-64,2.0028810567812477e-16,7.094726561388034e-70,0.009206821034840022,1.0195201168122194e-11,2.8030291378841584e-46,4.7119351410217815e-11,1.0,8.87532065868197e-106,5.904424991126816e-105,1.0,1.157709872988179e-08,1.0,1.9654095842738866e-16,1.1794148335977498e-07,1.0,2.4664292059005196e-142,0.00017107476587682678,8.721359750745408e-32,1.0,0.00010178305933596522,0.3639385081033651,0.0005045113821752103,1.0,0.15076095232178782,0.07429783792333423,5.368700306961515e-116,1.0,1.2240661898276117e-15,0.0018987390687241472,0.0002625936341475736,7.879320489396653e-22,0.009595867357782988,2.8761423779153213e-05,1.0,1.0,1.0,6.5348968189236825e-19,3.4667230790305887e-22,1.0542259129566855e-46,1.0,1.2073222192689457e-98,7.034972493646135e-68,1.0,1.9498131998135404e-24,1.0,6.35800454082837e-10,1.0,1.0,1.0,9.465062258862866e-09,3.2587022045575624e-07,1.0,7.032195366692795e-15,0.43314262258585684,3.2126766907560455e-10,1.0,0.00010743435227013062,1.0,1.0,1.1410631182741046e-17,1.0,1.0,1.0,1.0,1.0,0.033289747826071026,1.1476663714860961e-38,0.3619715208935662,1.0,1.0,1.0,0.00031977717038482776,0.00031600846162641917,1.708406370372212e-45,1.0,1.0,1.0,0.002715258314780752,4.270341217391473e-08,7.68587997706347e-09,1.7122002382535473e-09,1.0,1.0,1.1136843168549454e-08,3.76532226136969e-74,4.808327287837824e-11,2.4202745423106947e-46,8.342789756870526e-44,3.353368924350674e-10,5.162235836884967e-11,3.6995101058888214e-19,0.00014803267050494397,4.039603634140666e-27,1.0,2.0033406926445785e-14,2.6967360408573927e-14,6.377387113613537e-28,1.0,1.0,1.3614906071977924e-29,3.3583875676966093e-10,1.1348462640882713e-66,1.0,0.0002081753015849483,7.542751113780278e-48,1.0,1.0,2.818293479788663e-54,3.061342524532545e-11,6.552944296769838e-34,1.0,2.1297384815236374e-05,1.0,1.0,1.0,0.0014986145871348584,1.0,1.0,4.480315707285437e-14,1.0,1.0,1.0,0.02249719652512724,8.273452173419127e-69,1.0,1.0,4.847971252790231e-05,1.0,1.0,1.5158343963967832e-15,1.0529073861524541e-07,6.090049136890946e-23,1.0,3.5956743252178984e-11,7.768760183919905e-05,4.904294034694839e-10,1.0,1.0,1.843337251062823e-15
7,0.0,9.120668739318908e-196,0.0,0.0,1.0,4.120081905726943e-285,3.870699944206514e-101,1.0,1.1448433233038868e-197,1.0,8.423579713072103e-15,0.0,0.0,1.2567529494266266e-186,3.69492900295149e-85,4.865813887888149e-277,3.1966039771642053e-171,0.0,5.563870249224188e-133,1.8265175898566559e-184,4.6994368011729975e-91,1.3386305259347107e-153,1.0,2.2116065769659115e-51,0.0,3.325886347636086e-14,0.0,2.582603461491808e-233,0.0018229404191628408,3.022375583386715e-144,8.367320678118417e-80,6.85135917327191e-197,1.1693408020907284e-81,5.088305023491817e-59,0.0,6.746751234488433e-168,2.3199614455457384e-28,4.722056176069185e-16,1.1893463794629913e-233,6.111882670051624e-159,2.886143982473809e-72,4.3669447065615396e-91,3.1414873482672482e-282,3.675149129634232e-97,1.6215380694619777e-197,0.0,1.0,5.109183602081699e-173,0.00012278531083468518,1.2249802749577543e-23,1.4912624677645235e-97,7.932175715078822e-102,2.0384744892634837e-12,1.3742955354013129e-84,1.7271821635857823e-142,9.107158245451841e-16,1.6949010801385922e-136,4.7862832664015046e-119,1.0,1.0,9.171095327288604e-73,3.779201164260422e-52,7.200565175595414e-83,1.0847317044882467e-16,8.872125744157805e-54,1.4163941301404852e-140,6.126954984854583e-100,1.0,9.137767663109809e-306,2.1722586759819217e-192,7.733378500028331e-48,1.898789853331176e-107,1.6457283264034474e-11,1.1208149667585984e-40,2.3657783447870927e-177,1.0,9.365491610563134e-09,9.959396423917251e-38,3.46252510125752e-123,1.233009303583628e-131,1.0,5.629688083762189e-42,3.426224702535007e-131,0.0,1.2371752122285732e-33,1.1295799751922081e-128,5.228418476664667e-63,1.6990347814285383e-87,3.66267437657184e-154,1.5943796435647842e-57,3.1466490881715547e-37,2.4609046470645247e-63,3.139384287611892e-226,2.2949331799619164e-80,2.272270406697788e-163,1.3480167923993906e-125,2.3581320386361653e-40,7.328755410750094e-188,1.65586780811457e-81,1.4385836754220831e-07,3.1488309234290052e-27,2.959742288020007e-35,4.7683094676661895e-80,4.6595966929075115e-62,3.4351907996779977e-19,6.778858795950536e-91,2.2146851844748396e-89,8.172514882046886e-85,5.604472680005324e-22,2.932367170786545e-82,3.531752466802399e-170,3.384395188774006e-85,2.3966306392603365e-179,1.2795276879238926e-51,1.0,0.3128585598993943,8.674646226221088e-72,1.0926105169081566e-27,2.876044789359919e-229,2.319666956421654e-227,3.1251502976801744e-27,1.0,1.4255026960364393e-19,5.8216908910940976e-80,3.364424890716806e-60,8.808996532148194e-33,1.954217249121594e-275,1.4297282431276113e-51,1.4073816198916568e-107,1.5683469902450851e-19,1.0,0.003064503147035263,1.270490589067212e-48,1.8998412524052892e-35,1.2802093607755867e-41,2.3327629272310852e-42,1.3490247166113958e-233,5.588687562503684e-16,1.2366764674577314e-73,1.2817652976752474e-45,8.242962318763601e-48,1.0,0.49804866283497845,2.8610304558176884e-49,3.386606276932319e-07,4.1718638853457474e-32,0.0032789342446029844,2.377363221628736e-77,2.0780170050079998e-83,6.0307544612824494e-05,1.885467330873819e-11,9.458838175034846e-32,4.332543875445587e-155,1.3199674085057347e-21,7.3540551214560015e-84,3.2496733647934624e-25,9.104431727589097e-56,4.306371437584628e-05,5.928926837855774e-28,2.940747608056539e-14,6.46718537079994e-52,2.0009071588616312e-48,1.4028286335604062e-25,6.741292066386342e-64,5.62095765413887e-33,2.1829841941048208e-54,4.009121053514932e-13,8.127192796260436e-42,6.202462686914892e-07,1.8446288662713685e-22,1.0,3.6796730482149405e-22,1.1843150387349313e-19,2.794264513688252e-27,4.165882513852655e-09,1.77358443399113e-18,7.461347860573992e-34,0.0003976825615735332,4.0953338030419e-31,6.691523913844641e-09,3.869021762691437e-27,7.065030771764662e-14,6.052721558753287e-38,6.946935862545475e-38,4.5123026000952244e-110,0.659616223260608,1.273524330476339e-17,3.1151914679015735e-09,5.702099558975486e-35,2.0431256921082188e-45,8.87025870034546e-47,1.0,5.677363456357379e-15,6.752468417325294e-16,7.019509407273923e-46,3.3440270310328906e-149,1.7932829221636736e-50,8.500838930605171e-109,9.763045133423728e-08,1.1674271316124136e-48,4.544670037705927e-50,1.0,1.0,5.772296579065519e-78,3.3760263615687533e-25,4.9933442783927625e-56,1.3138797373713244e-55,6.006048059327863e-79,1.0537770812193057e-16,1.0,0.08777113169668004,1.0,1.1869644777742786e-136,9.667724518590605e-14,1.0,1.9338477447270054e-10,2.247969661626345e-21,0.0006627470279185973,6.333255651075629e-118,1.1613243237262986e-48,1.5609154617373523e-86,3.8137838334696824e-16,1.4061143432041023e-36,1.0893708551759916e-19,1.264747211036843e-06,2.2340165236430394e-13,6.440229830941735e-32,0.018088056936767946,3.928981666453775e-06,2.681502570039081e-52,2.8879661895849767e-09,5.588666611640141e-10,0.004431877257732104,4.96352920549386e-28,1.0817182074571164e-133,1.8926903976013334e-10,6.233871800627598e-08,1.0,1.0,2.9310673207710758e-09,1.0,1.0,1.1572972874594022e-63,1.5869943498033902e-06,1.0,1.0,2.271710083960211e-41,1.0,6.392771859819034e-17,1.3363772665211034e-50
8,6.987775894829453e-19,1.0,0.05707604165147779,7.81357608431006e-75,3.4488810405307216e-267,0.0003594429713288538,8.571680078391857e-14,1.1448433233038868e-197,1.0,2.3272437389874628e-229,4.413976908944084e-91,2.047736709669868e-301,6.179052984414571e-103,1.0,5.241496466993772e-09,6.022657793226487e-14,1.0,1.9278048382592359e-66,1.0,1.0,0.017934885664339647,1.0,1.7202827680603964e-101,8.938206234565015e-14,2.1793068074677006e-130,2.3460594454708223e-48,1.872092059001188e-60,2.0431049062006074e-16,1.0998714989171316e-67,1.0,1.0,3.1547950007948533e-12,1.0,0.018067758358728755,4.455081715522697e-82,1.6927077442743044e-05,3.8643731100487307e-16,9.77338068467602e-200,1.2550348617719755e-27,1.575394883693722e-05,1.0,1.0,8.505606079489548e-49,1.0,1.2426430859749434e-17,1.425144429850012e-250,1.7572699436520902e-65,7.298545579180527e-12,8.432994634696759e-42,1.4413694276815982e-15,1.0,1.0,5.047628749377464e-171,1.0,4.068912086500606e-05,9.558934536535112e-21,0.0004237400641738108,0.17987156422259126,1.6244658667546033e-54,7.382339275887262e-57,1.0,1.0,1.0,8.295577436280149e-16,1.0,1.4714389303413705e-08,1.0,1.2433425637450207e-48,2.6399190447274714e-79,1.905236061965474e-27,1.0,0.34328394893162295,1.6626908497191215e-18,1.0,1.3573435320298436e-22,3.773517856711664e-66,8.021321193852335e-21,1.0,7.545283933261924e-07,2.2986062834932323e-09,9.260174803587606e-44,1.0,4.099556624287556e-10,4.6963735133662775e-150,1.0,3.533074382948679e-10,1.0,1.0,8.513654479986097e-20,1.0,1.0,1.0,4.544739998434009e-55,1.0,1.5840766610312976e-26,3.083757727795071e-12,1.0,3.125693754198405e-38,1.0,4.579218246695918e-14,1.0,1.0173598334054045e-176,1.0,1.0,0.0035796627617550266,0.0021392361982268916,0.004271704278945424,0.04536778613164804,0.19797648517685995,0.11946970406657174,7.151793963106547e-35,0.01176993253177395,1.2614042441419383e-39,1.0,9.295248939337766e-31,1.6385707836706161e-77,1.0,1.0,6.082084977468938e-69,1.9570103769387045e-68,1.0,2.5116439371676037e-25,0.9140924424427069,0.003091284661695974,1.0,1.0,1.3660098167579124e-100,1.0,2.878148049496943e-13,1.0,3.3573679783066893e-18,4.476406544856981e-12,1.0,1.0,1.0,1.0,8.998280533679601e-80,1.0,0.0025592515632501985,1.0,1.0,2.0232555705095234e-42,2.0121974432120837e-14,1.0,1.4575608281100111e-05,1.0,8.524107002317664e-10,1.1138678745326791e-05,8.092596507008794e-08,4.157060828904837e-73,0.1942065353550085,7.731303090191085e-135,1.8553309739230937e-42,1.0,6.962980586724013e-10,1.0,1.0,5.9569534485521995e-05,1.0,1.0,1.0,1.0,1.0,0.0006903012040494364,1.0,0.43503653709637435,1.0,1.0,0.017754816159916854,1.0,3.698948193328519e-34,1.0,1.0,1.0,1.0,1.0,1.0,3.0130424215870254e-60,1.0,1.0,1.0,1.0,1.0,1.0,4.386411410351194e-27,4.085150470660829e-07,1.0,1.0,1.0,1.0,0.784939529946688,8.513246266389234e-22,1.0,1.0,0.8376276727486968,4.948649186087611e-51,0.02904566365152951,2.6753906629038126e-28,3.7698650332643993e-65,0.0927981695389127,0.02737422663372386,1.9615815217474065e-34,1.9830326654994422e-14,1.3694153691516576e-13,1.0,0.0001428172183065048,0.00016370355357890062,3.00527287292975e-14,1.0,1.8017227902550907e-06,2.1744179323946673e-47,2.644026398533782e-22,2.819419023588345e-45,1.0,5.469501179782259e-14,2.342451332623779e-69,1.0,0.06492328637452281,2.8119992454029265e-35,0.011078991952229458,3.410739998812344e-19,1.0,1.0,1.0,1.0,1.0,1.0,0.01698370547144794,1.0,8.406617900124757e-05,1.0,1.0,0.183181566685908,1.0,1.6131317601635207e-48,1.0,1.0,6.829637633801092e-14,2.9403716844515784e-05,1.0,8.923029141805879e-28,2.2690054100001734e-17,7.314989345320387e-12,1.0,6.954827400660809e-22,3.089829796202998e-13,0.013127876596717936,0.005586954986618289,1.0,1.9033594002709317e-06
9,0.0,3.917118273368709e-231,0.0,0.0,1.0,0.0,1.0399790849857033e-124,1.0,2.3272437389874628e-229,1.0,3.7356122964614082e-25,0.0,0.0,2.751685519858719e-215,1.0196440162287942e-104,0.0,1.1334403753245472e-197,0.0,6.281273605555898e-156,7.413870826807706e-211,6.306453414653403e-110,1.1055411057755403e-176,0.09750217807652449,2.88576750678988e-65,0.0,2.5028980980328843e-22,0.0,6.703681122915805e-260,1.1563705521097401e-08,1.2090862607533158e-164,2.822904712444138e-95,8.061404586640724e-220,7.66670469026055e-97,3.9306627989213064e-72,0.0,5.3006252613444e-189,1.1754885928698434e-37,9.197021521069109e-10,1.4479429128725161e-257,8.524982949202893e-179,5.8236697843777116e-86,2.790264088119878e-106,0.0,8.566460576939067e-113,4.221024143960052e-219,0.0,0.3788490184881292,7.2807882156858235e-193,2.383364321058086e-09,8.430879515172126e-32,1.1430212879436145e-112,3.458474464733078e-117,4.012226239489489e-07,1.3860058064323729e-98,3.2929091734661994e-160,1.6099150496774443e-22,9.861583504707285e-154,8.315307823832229e-135,0.4364803354674088,1.0,3.201541641808644e-85,8.179029174632435e-63,6.194557945535037e-96,3.017751436608927e-23,1.784701791956118e-64,5.539380505564972e-157,6.222793817530594e-114,0.3515309688815015,0.0,3.789417722325116e-211,1.0795977547957848e-57,1.1489920941593434e-121,5.382216605159118e-17,8.746718525830288e-50,3.2634603110593216e-195,1.0,1.1523121858136158e-13,2.693977819298668e-46,1.0073015770643381e-137,1.2714754446393562e-146,1.0,8.510061490675763e-51,6.334880919388321e-146,0.0,1.4175841318894582e-41,4.691816031252114e-143,2.455888768797415e-73,1.9897168816938585e-99,1.158861843992619e-169,2.926103921255461e-67,3.9234047152085705e-45,2.7866055152878103e-73,3.106288623590343e-244,1.9137011895990494e-91,1.0895862447297589e-178,4.502465144942325e-139,2.2824839101877193e-48,4.505000726875669e-204,2.0604111777821276e-92,1.0844861694474682e-11,7.407486246734649e-34,1.8832274953144515e-28,1.2029588024816192e-90,2.045384635376014e-71,8.192801486757192e-25,5.103096325267307e-102,2.1866753982764726e-100,1.6500719063146268e-95,7.554832550411094e-28,9.810243908262902e-93,7.797300263151063e-185,9.306862353857356e-96,2.635439079824476e-194,5.604856794570601e-60,1.0,1.0,2.2861294185771813e-81,6.195389054694165e-34,1.4796482454779896e-245,1.658539270276698e-243,2.6291118018634113e-33,1.0,7.713693121091826e-25,1.2722455833185238e-89,1.2410781188697351e-68,3.4022721596824037e-39,1.4762903604328887e-292,2.3527247894203773e-59,1.733346609274351e-118,1.277863469828739e-24,0.029601604411564446,4.751209717761645e-06,5.258146575643105e-56,7.404223160951262e-42,1.688056295666995e-48,2.8452466899477843e-49,7.031845668170794e-249,1.6108688147002982e-20,2.1107871451037748e-82,1.2673296967861882e-52,5.877366277832564e-55,1.0,0.002630671359828306,2.112613214488189e-56,1.6173612500145205e-10,5.431590126659104e-38,7.237297105743143e-06,5.236106654723303e-86,2.29765587903549e-92,0.017961099679997997,3.3053145691228135e-15,1.8033972710560803e-26,9.340469208496959e-167,2.697515135372969e-26,2.004098613085758e-92,3.324805693186179e-30,7.959440559893317e-63,7.426639534658847e-08,4.544010099776077e-33,4.042657014341753e-18,1.3603281270332318e-58,7.058102012186357e-55,1.932173571786038e-30,3.4162408032804077e-71,2.267383344170892e-38,3.897280371333279e-61,8.349145995466034e-17,9.254853410970203e-48,7.261719106689711e-10,5.47588502681777e-27,1.0,1.2268566825605371e-26,6.587201192557856e-24,4.4550072510771114e-32,3.2824834529655495e-12,1.6333866370338692e-22,4.6357089359654425e-39,0.05143870047871289,3.9289162812595556e-36,5.88364016990531e-12,7.816957082445204e-32,2.067675569830086e-17,2.5430999072956908e-43,3.0015781375175075e-43,8.098960887061266e-119,0.009362747230332596,1.8247001462155064e-21,3.1354316011167805e-12,4.572963731451821e-40,3.9970920958076784e-51,1.5183681504224629e-52,1.0,1.6626741179754124e-18,1.7243360455251064e-19,1.5706323138939248e-51,5.445770000609592e-159,2.3076802560732423e-56,3.315084700465881e-117,2.837636799740272e-05,1.966005547534045e-54,6.7331113388818e-56,1.0,1.0,4.548112865177446e-85,1.8275483498642957e-29,4.11251582340398e-62,1.1922904322101393e-61,4.681645084199479e-86,2.761203378706998e-20,0.05665347582783495,1.0,1.0,8.117926432334253e-146,4.9066681222579665e-17,1.0,9.522593364006037e-08,2.7189341407859405e-25,4.280826063904675e-06,2.3080787649544954e-126,3.326080656375974e-54,9.921511872756478e-94,1.4153235758116776e-19,2.083171318047811e-41,2.2331574129946265e-23,4.248309854939611e-09,1.621175531417205e-16,2.14570025724959e-36,0.00022133669974180758,1.6109798646197956e-08,7.655471663017445e-58,5.813660060567349e-12,9.938643741260979e-13,4.915532007516993e-05,3.98761047304802e-32,4.261023525786554e-142,3.287689808865922e-13,2.0797871352782037e-10,1.0,1.0,7.791677528062198e-12,1.0,1.0,2.631942924348155e-69,9.314401629249794e-09,1.0,1.0,5.858500133212112e-46,0.09852216734164336,5.031978979243656e-20,1.3599012047454185e-55
10,1.0687248026659302e-256,2.051760435190011e-79,2.186906088173299e-164,0.0,2.8169189553944802e-33,9.170812022757022e-151,1.7286476734070344e-30,8.423579713072103e-15,4.413976908944084e-91,3.7356122964614082e-25,1.0,0.0,0.0,6.34837184421741e-90,1.4612779755140592e-26,1.1124074330569237e-158,1.6924610209297174e-82,1.4251569305840755e-278,2.0796009348475085e-58,1.546464510265705e-94,6.983195688963616e-33,2.882197225174159e-76,0.10797401411673813,4.99252861315231e-12,0.0,1.0,7.035532040031232e-237,6.136620604046713e-139,1.0,1.773554179547677e-75,1.648428468659014e-31,1.7347242688054705e-116,8.350926716066774e-34,1.3155013878412265e-19,8.056117515546466e-258,4.0263052231645046e-95,0.001430095461812349,6.234426018505036e-50,5.927171571849364e-148,1.3506360530966794e-90,2.2127384188332352e-29,5.083517882114495e-42,3.351915428118625e-188,2.9255628300022364e-46,2.4553642469744515e-121,0.0,1.0,9.0193605871058e-104,1.0,0.035934492400521025,5.248870013715797e-48,3.4326299799046776e-51,1.7944592641893273e-41,2.1049974145709447e-39,9.607483516480262e-82,1.0,1.266528527414518e-77,8.321196406825267e-66,1.0,1.0,6.314220400043908e-33,1.895795840183764e-19,2.43471817718015e-40,1.0,9.244765999792859e-21,6.213761071213385e-84,2.7164532926335785e-53,1.0,7.945239832790937e-219,1.3326442953937688e-125,1.1063618188759965e-17,1.4462089510733372e-59,1.0,2.2347053895206752e-13,3.5790599345897825e-114,0.006185730519291562,1.0,3.946593408380292e-12,2.672813204156353e-73,7.094991716068056e-80,1.0,4.093484956394119e-15,3.0941006102896404e-80,0.0,3.961892790146053e-10,6.122043611877643e-79,8.906556278753675e-30,1.0720093228053323e-47,1.223636269799711e-99,2.0446441307343144e-26,3.3205774270762647e-13,4.391060924410191e-31,1.0297769781977121e-160,1.5587315583134646e-43,4.952863944400722e-109,7.969894049806288e-79,1.2776153102193348e-15,1.151884231059152e-129,4.392323496399038e-45,1.0,1.0537785798568535e-07,3.210497705839957e-66,1.3114010221567977e-44,1.6439527104048936e-31,0.002379512276804408,3.339549197102978e-53,3.939006063022948e-52,9.074472874819949e-49,4.809186645815108e-05,5.072247656995376e-47,9.15610245105872e-118,1.6106315841707386e-49,1.2758035299623394e-125,1.0253989745335739e-24,1.0,3.2867133612669e-14,7.487883174019326e-40,6.395089346435807e-09,1.3258020311315478e-169,3.0540830965299417e-168,6.374256748759814e-09,1.0,0.00023712842503447585,2.956401232757016e-47,2.3659477731550617e-32,6.738098070223498e-13,7.7912437194748e-212,3.2940997433145464e-26,1.1720871601706856e-69,0.00011004961866150114,1.0,1.0,1.3451246071597485e-24,2.9621873917179164e-15,1.4214644107689647e-19,3.7463259745232745e-20,2.321700191997935e-177,0.005909993961741545,6.163540730127019e-44,7.126021471881142e-23,1.703028492467772e-24,0.00938662077188323,1.0,7.041100430210512e-26,1.0,1.3298827736934394e-13,1.0,8.801600620882316e-48,1.2404689348562527e-52,4.1295632601256065e-18,0.6130856216426726,2.954389597317709e-55,4.118729037728641e-113,2.630480828694775e-07,2.8796135299816806e-54,9.945456057023506e-10,3.9408062013864375e-32,1.0,7.670126152638358e-12,0.005828579159254084,1.2831285369129696e-29,5.389118793972334e-27,2.2842723954304456e-10,4.1719727184215514e-39,1.2017255063650584e-15,9.848732320572998e-32,0.020611355107521833,2.815147256001172e-22,1.0,1.9562999194945246e-08,0.03888942082334375,2.7061601175745287e-08,1.2232755578480843e-06,4.777915576134306e-12,1.0,3.8919766674749165e-06,6.000215118007464e-17,3.5952235261531334e-15,6.031962629539418e-15,1.0,3.480465199271409e-12,0.0023613936460938336,2.922802096360062e-20,3.0732186227347674e-20,5.341749987298191e-79,1.0,7.5908032909345985e-06,1.0,2.7925366892856572e-18,2.6342526908729505e-26,2.0205986849898066e-27,1.0,0.0002774174329345117,6.0945595851339535e-05,6.521064172392381e-27,9.854518115770393e-114,1.4988738842569233e-30,7.23951201162492e-79,8.865876842293994e-20,3.5417223223793487e-29,2.3860570602056345e-30,0.0005821315719343846,1.0,3.5965390851511706e-53,1.5350791737080418e-11,2.9594376982442615e-35,5.558250469045688e-35,4.18062132405169e-54,1.1393586893081645e-05,1.0,1.5907087972733836e-10,1.0,1.4803225002524231e-103,0.0008926318696552575,1.0,3.387732365686674e-23,5.501985288468424e-09,1.0,1.1201590775239384e-87,7.319146131843229e-30,3.60115232560001e-61,1.5238384324548113e-05,1.5862993103052017e-20,4.700566330847524e-08,1.0,0.0008033083884053824,3.677834947488123e-17,1.0,1.0,2.513208728415134e-33,0.25273726313542133,0.08377084724753053,1.0,1.3190359103174122e-14,3.0202734179560126e-103,0.035327502554293407,1.0,1.0,1.0,0.13936880461330783,0.003497512638679699,1.0,5.783073821300117e-44,1.0,0.7875967600131635,1.0,9.114976400050674e-26,1.0,4.726481303405063e-07,2.1841983889072068e-33
11,8.578075630439917e-264,0.0,3.524189005527932e-292,3.199053440826058e-99,0.0,2.19245297398672e-223,0.0,0.0,2.047736709669868e-301,0.0,0.0,1.0,1.2194819138899802e-44,1.2467229314949274e-242,0.0,3.2446780853177336e-134,3.116389988625279e-225,1.2968451469420462e-52,3.973488247767858e-250,1.8366721666043037e-183,9.040399802190387e-294,2.7859080654490194e-180,0.0,0.0,6.499284976046771e-05,0.0,6.063917779643682e-34,2.4403584288478025e-86,0.0,1.065993032579108e-132,1.2701782169015487e-207,5.479405258766819e-79,1.3621586527573688e-186,8.382713800648435e-224,5.11659319413307e-11,3.8322523474640404e-95,1.4949065946004574e-276,0.0,8.143537330040872e-46,1.0170589826027951e-86,4.250628838241517e-173,1.2730240223380762e-146,1.4179772373938837e-23,1.0504784127632406e-138,6.473708418308785e-56,3.487458273423225e-10,0.0,1.7502200380658681e-62,0.0,1.3454436022604083e-254,2.0772083616944314e-121,3.372247109301299e-115,0.0,4.055877710312831e-131,1.0699614603027622e-74,3.2796700882725926e-262,2.486967570754539e-76,1.0632654619276532e-80,0.0,0.0,1.5268461004508696e-124,4.032067822773095e-152,1.3779341735041164e-107,3.5063165989474445e-229,1.5774106009706549e-144,2.0087974963956652e-53,8.698130218107027e-84,0.0,1.0,6.078433733939249e-25,5.656130102524408e-141,1.8315885071000457e-71,3.673817712445409e-226,2.869436461340288e-150,1.1580859006218684e-28,0.0,1.8124887376253246e-228,1.5209854815626149e-143,2.9102770766414586e-48,4.901753958341227e-43,2.8007714293605853e-283,8.534336927896487e-129,1.24947253991701e-39,0.09423047381069928,1.6580059501421355e-140,1.2688735833847272e-37,1.741334866030717e-90,4.4394090343345646e-64,1.643627613792642e-23,2.705938535105726e-91,1.8287319702016578e-115,1.2349951207441677e-77,0.5923776787606656,9.8085855107435e-61,5.241913450628074e-14,2.432898680030632e-28,4.872238243404553e-103,2.691321005403506e-06,4.102326044632961e-54,4.491454437290783e-175,3.2157596796681346e-119,0.0,1.7720171526472223e-50,1.0121997072343651e-64,1.1955985128125214e-129,3.1157898933852197e-40,1.142688235911943e-40,5.856967854979037e-43,3.312986411371243e-119,2.014142407680307e-43,5.7597163525828875e-05,1.1899408832688792e-39,0.009067517966110357,2.5510366751940882e-68,1.9856024587251458e-207,0.0,8.092493093462227e-46,3.5762733360421663e-97,1.0,1.0,5.1828662860509365e-92,3.607346557041055e-185,3.5563334989103375e-105,5.152816518699459e-32,7.032006618140347e-46,2.6222618885841847e-76,1.0,6.883509887811721e-52,2.923714663689631e-15,1.013676234432032e-95,3.5694396844873666e-156,3.7051206243169455e-138,1.9655899311453438e-49,2.5876365116693594e-64,9.734857286167901e-57,2.8110904548685038e-55,1.0,3.890220793785645e-94,1.4647064706386245e-26,9.359019694980773e-48,2.189659732844343e-45,1.648783976386209e-207,1.3243908983809698e-139,3.819025842362925e-41,1.2687191877332255e-109,1.369561301617511e-59,2.433660127008005e-122,1.5710405605443593e-19,2.2695102050005847e-16,1.5321372281221928e-257,9.734298261887112e-89,0.0,1.0,8.018164859481917e-63,3.989525402500699e-11,8.250943737997372e-57,1.3782689220969037e-25,5.247410337465134e-96,1.5321862131996866e-49,2.2199394213269062e-70,2.9449194943420667e-25,1.7177593189472135e-27,2.3522686765040447e-50,5.743888389455493e-17,1.8876786517539458e-40,3.229037810298848e-22,2.057117153137877e-69,1.1995871331299582e-30,4.308176202242962e-83,7.424828000690951e-52,7.0919684239300875e-165,2.58504191993208e-51,7.071354269619096e-55,1.8591195546811472e-41,9.9549274623534e-71,6.6247136991804456e-52,1.3840366203780132e-32,4.115609947192728e-210,2.285098335070542e-35,9.407344267852324e-70,1.1106342864755195e-38,2.359115016281588e-56,1.818992458296023e-26,2.5232371737950082e-26,1.0,5.21812243286724e-91,2.191649283392768e-48,4.452733240514349e-63,6.929343372864554e-27,1.6962847453467263e-18,2.827342677645315e-17,3.615255540252735e-126,1.4630328932050232e-49,5.61803762855976e-47,1.0887347988263777e-16,1.0,8.638176735664748e-14,1.0,3.3298666726883774e-208,1.6221863050813502e-14,2.1024660110682907e-13,4.030359328599838e-150,4.580477622688067e-106,0.051175996967343054,4.116772979579631e-32,1.2069443988273922e-09,1.4408273985685169e-09,0.1638787954920282,2.377540771800585e-42,3.0126895893470313e-83,5.44652692615497e-173,1.2568447635209605e-122,1.0,4.984587670446191e-46,1.4261809863190896e-102,1.324971643889958e-210,1.6519361567978583e-34,5.6712205749624313e-67,1.0,5.3003872021805596e-11,1.0,4.437409294010759e-39,1.30537768128048e-17,2.8719556460655302e-33,1.865143957408534e-55,2.8898028228334066e-41,1.1600178737236198e-19,1.0369316088894293e-65,8.067169176419444e-55,6.607421389785356e-07,3.997749798213709e-46,6.806933789178501e-44,4.5742292255564744e-60,9.991842415243821e-20,1.0,2.438930309633147e-41,1.9140232302767313e-44,1.731829061869142e-91,7.3407383635947e-69,4.0466815359860385e-40,3.795537703459399e-119,5.554709114395949e-97,1.0,4.914533889840499e-42,2.38332565012146e-105,3.388854107638402e-86,1.2507739365928268e-06,3.278008549748988e-59,2.09104568529254e-24,0.014182181813053174
12,3.185732473569243e-58,2.5590643346270454e-169,9.815378480236025e-83,0.002721336624532598,0.0,2.2339252712886566e-58,1.1297238976823476e-200,0.0,6.179052984414571e-103,0.0,0.0,1.2194819138899802e-44,1.0,3.6564636402335925e-78,1.4042348430384896e-158,3.758330146984223e-25,1.2075153915769898e-72,1.0,3.51483755559741e-90,8.762783817291135e-53,3.3304915454452785e-120,2.569730251728625e-55,0.0,2.558759850231048e-150,8.395013267812916e-06,3.56825352680281e-230,1.0,8.746045022677204e-12,3.7439574429050738e-261,3.333598545221512e-36,1.348899537897574e-80,1.6817496771540666e-11,4.5996217447193893e-70,8.943049144109603e-94,1.0,3.824809495075463e-19,4.124343713259977e-132,0.0,1.0,9.202317945340031e-17,1.450260512334372e-65,1.3833916303523035e-49,1.0,5.0472379425438666e-45,0.00020642835969656646,7.270284638222566e-70,8.380841417069482e-228,1.4498202903258776e-07,1.389963392022796e-180,1.315534678788274e-122,2.798936592444751e-37,5.462652299663634e-34,0.0,1.3792523929052023e-43,1.1411962605040503e-13,5.588527072314037e-131,9.977986254219205e-15,7.15389143537895e-18,1.1474479468769508e-194,6.348519862249178e-199,1.453576057694166e-42,6.472693738486161e-60,2.7240188607030043e-33,1.7860877423397944e-112,7.991517068186474e-56,1.6334638135345856e-06,5.235030113594054e-21,3.4965621055271865e-177,0.0008870613503976328,1.0,1.7625700385893407e-55,2.2631047710032255e-15,7.109597923694838e-114,6.190154238160326e-62,1.0,3.562371387476617e-205,5.236456354625425e-117,2.246340194055521e-59,7.223340682045321e-06,0.0009455699248800396,1.2823866773912608e-159,6.435146840341527e-51,0.009315895794757306,1.107212167081598e-36,5.168594452404449e-59,0.027183400260109975,1.177324994100236e-28,2.1891221222731633e-14,1.0,6.647211442481405e-30,1.6167128170654746e-45,6.685726839783322e-23,1.0,8.980949708390183e-14,1.0,1.0,1.0292447745820186e-38,1.0,4.576904988755427e-11,2.4555583548117386e-88,4.083424609431955e-50,0.0,8.364853327144919e-10,1.724828028086539e-17,3.5128128780390604e-58,3.079552469247367e-05,1.716149858031342e-05,1.250136339465491e-06,9.069296711277393e-52,5.416356223855284e-07,1.0,1.9747990573763097e-05,1.0,1.7393209139047266e-20,2.5024803636811178e-116,5.965342120812051e-194,9.151886937890605e-09,6.932248488856326e-39,3.5849651772984174e-08,3.876492536816505e-08,1.9519981773535e-36,2.5308242507525123e-102,2.450275701515772e-45,0.0035717559907009677,6.639716533265393e-10,1.768327492788319e-27,2.708900043703263e-24,2.3432373300451393e-13,1.0,1.700114024540935e-40,6.046210168288303e-84,6.08860155718535e-71,1.103807544737946e-12,2.6604646407631304e-21,7.862811171687614e-17,4.520952633037463e-16,1.1599066514381313e-15,7.575077655957848e-41,0.09038053871145928,2.38151285477692e-12,4.471119905564577e-11,7.104562196679269e-125,1.2762063014814096e-73,3.749908699431374e-09,9.31920493839423e-53,1.0372613328144016e-19,3.62317175063398e-62,1.0,1.0,4.316920645149888e-168,1.1111077180056847e-39,1.4882015327173629e-254,0.029059625847530877,2.007844024833445e-23,1.0,9.95368021355682e-20,0.013334442498150877,1.715809573361775e-46,8.626565571312969e-16,3.497921562332726e-29,0.00907470383466532,0.0007217690671607074,1.326458978416892e-16,1.0,6.917634572000078e-11,0.15760049857102915,4.8158629785607307e-29,1.056985156998556e-05,1.3849369210989713e-38,6.2744388243635666e-18,9.854697723454239e-100,9.876840669795174e-18,5.367902702290675e-20,3.377304526637663e-12,4.0432280245933966e-31,8.108312927024105e-19,2.207384206742468e-07,1.0863644777616208e-137,6.329273422853963e-09,1.0980612597733923e-30,5.755107320695808e-11,3.528416359011286e-22,0.0001976666525986865,0.00022191194581780554,1.0,1.9771006662395937e-46,2.6779118645759996e-17,4.491809316488949e-27,6.685453032948685e-05,0.7417645830579467,1.0,1.8057906174661178e-73,1.676492352510495e-18,5.2364819176754475e-17,1.0,1.1128354098092557e-09,1.0,1.0,9.359650321478857e-140,1.0,1.0,4.082885104021891e-93,5.26796488571922e-59,1.0,2.5048267550537835e-08,1.0,1.0,1.0,1.4070256534487735e-14,1.529349226602303e-42,3.9636252839819733e-112,3.1490268034119853e-72,1.5573129495826615e-07,4.632919415074373e-17,4.062362461234887e-57,2.0890757936411185e-143,5.299175327008308e-10,2.338681759263361e-31,0.002374420739741393,1.0,1.0,4.0106523744628506e-13,0.3512464974238542,1.0193409111117407e-09,4.8450333197464454e-24,8.427514678826342e-15,0.024130123842858408,2.0043169547623834e-31,6.791140205398086e-24,1.0,2.521410030289194e-18,5.4960713753721166e-17,4.925812792809228e-28,0.009620835243841892,4.761093720259395e-11,1.4244058355717634e-15,7.131487653520691e-18,4.247791229940656e-52,2.6215719441561197e-35,2.7753465319614173e-15,2.489713130496219e-74,4.388757253940985e-57,1.0,4.404124159141039e-17,5.043744500688012e-64,3.0851891147233377e-49,1.0,3.7598264563347704e-29,3.95013976484216e-06,1.0
13,3.786610208947199e-09,0.02268154972870704,1.0,1.168566581477552e-52,6.094502453987479e-247,1.0,1.3406830564020242e-16,1.2567529494266266e-186,1.0,2.751685519858719e-215,6.34837184421741e-90,1.2467229314949274e-242,3.6564636402335925e-78,1.0,1.149113024782789e-11,5.6619678361997467e-08,1.0,2.383297953501867e-50,1.0,1.0,0.0001254149824052395,1.0,8.103854978776412e-102,1.815895208130667e-16,3.2814428402331525e-107,8.346049979809634e-51,1.6948015178958578e-47,8.83829450244414e-11,1.0908162552287425e-69,1.0,1.0,9.238215951042634e-08,1.0,0.00021681116182285085,1.2438909610172459e-67,0.02012080658835326,9.367512908502736e-19,1.585774436176021e-197,7.568612984100262e-21,0.014872724177293123,1.0,1.0,2.9425931330202314e-39,1.0,1.5011380311527872e-12,6.4981156946993515e-220,5.708519722816123e-68,7.682232132217545e-08,1.414391102716671e-44,4.138698475244931e-18,1.0,1.0,8.830746975733558e-171,1.0,0.02099691614878574,2.208791929113625e-23,0.13033540332184435,1.0,3.009205829943174e-57,1.4278463130699574e-59,1.0,1.0,1.0,2.903338673195566e-18,1.0,1.945516630610915e-05,1.0,2.0580471100519407e-51,4.339047905729559e-68,8.888828609053455e-22,1.0,1.0,5.419359057607223e-21,0.13083710668463144,1.364268550273684e-17,7.578561636996402e-69,2.3912113942675144e-23,0.13889806187550446,0.0003504019289582571,2.604794207230768e-06,1.5580335564079774e-46,1.0,5.327516853482141e-07,5.499333790379603e-134,0.04106934432255697,4.186750448580298e-07,1.0,1.0,1.5722389217914292e-15,1.0,1.0,1.0,1.668046453541841e-47,1.0,1.0244287578581044e-21,4.559965336063182e-09,1.0,2.511327700271743e-32,1.0,3.153634033212998e-16,0.1581811414696883,2.22354125440316e-178,1.0,1.0,0.00010958924502103728,0.14600176392099687,0.2580054975533086,1.0,0.009115063174585424,1.0,1.2510632068501776e-29,0.5605211263984085,5.382652491273848e-34,1.0,2.8402968400641138e-33,2.7523121243071474e-80,1.0,1.0,2.7565866930932124e-61,7.340306961599527e-61,1.0,1.0908896091943157e-27,0.05762364234084294,0.14399926055460227,1.0,1.0,3.0618826927806493e-91,1.0,1.9926934186146867e-10,0.48793752509559307,2.6296349178531153e-20,5.909961238575851e-14,1.0,1.0,1.0,1.0,4.30238999986058e-72,0.08740729086845565,0.09835876790975223,1.0,1.0,5.707750259731556e-45,2.352524926108533e-16,1.0,4.755529354868216e-07,1.0,1.666093646894935e-11,0.0007378595584753185,9.295815745181741e-06,7.618682321377342e-76,0.014198824912316697,1.5345394776184683e-137,1.0292976691493012e-37,1.0,1.0234323995359955e-07,1.0,1.0,2.625673555131407e-06,1.0,1.0,1.0,1.0,1.0,0.02059766261969317,1.0,1.0,1.0,1.0,0.0012614369801310884,1.0,2.0187437935305253e-36,1.0,1.0,1.0,0.28201000685704436,1.0,1.0,8.412218848827281e-63,1.0,0.3124766905308017,1.0,1.0,1.0,1.0,6.657087996773894e-24,1.7213182220295877e-08,1.0,1.0,1.0,1.0,1.0,1.0968252661934075e-23,1.0,1.0,1.0,1.2237989410069179e-46,0.41189548249660857,3.661388568298797e-25,1.1122865218600713e-67,1.0,0.38389713982237367,1.4252606649435293e-36,4.5496372407445e-16,1.848062906329843e-11,1.0,0.0033737775511826,0.0037738179167300548,4.408016132286837e-12,1.0,9.32968880275588e-08,1.0434809989008783e-49,3.6710604145888514e-24,2.709131675879856e-41,1.0,1.3752743980645447e-15,6.873865958065098e-72,1.0,0.006713693428947087,7.14938968981348e-32,0.1553126750828756,9.091901417608036e-17,1.0,1.0,1.0,1.0,1.0,1.0,0.0017075954339158053,1.0,0.0017217045516707955,1.0,1.0,0.022905600572691778,1.0,1.0005150825528249e-44,1.0,1.0,2.2626152750175554e-15,2.275274522383451e-06,1.0,1.3271485081177514e-29,6.219371971274249e-19,3.9448473128364937e-10,1.0,1.4872563278364364e-23,1.1901058700841029e-14,0.1359917402675427,0.0006266310382467091,1.0,4.032395886873305e-05
14,5.4025725784346824e-62,0.08389106254851884,3.722419478730162e-30,1.4012190160611213e-129,1.3193821650889757e-122,7.356273934298868e-32,1.0,3.69492900295149e-85,5.241496466993772e-09,1.0196440162287942e-104,1.4612779755140592e-26,0.0,1.4042348430384896e-158,1.149113024782789e-11,1.0,5.4481513155782923e-45,1.5675339696910123e-10,1.4554506500712666e-113,0.004254454833412368,6.250313719589047e-17,1.0,2.261748006382768e-11,1.2433210932346237e-41,1.0,2.0998405310080912e-183,4.565903996028756e-12,2.1485717623837356e-102,8.852197996853856e-45,1.4515109885603243e-23,1.3822448138149223e-14,1.0,9.725477264952312e-37,1.0,1.0,2.616745578148396e-125,9.743773633516932e-26,1.0,3.616064619169093e-118,1.7840210054359445e-57,4.964895889517473e-25,1.0,0.004541254999228616,4.795254008652192e-84,0.00010975234226066733,3.962674247249151e-43,0.0,1.0238092107897204e-26,3.381471130506613e-34,8.326640906805834e-13,1.0,3.2206209466326765e-06,1.1622941819153601e-07,1.2347193773899992e-101,0.004645735110245508,4.682217183917418e-23,0.03121832100113306,3.5956435993136326e-21,5.783375699009266e-16,6.889005042184254e-22,2.238780737563002e-23,0.15766817847933443,1.0,0.00012955109444887816,1.0,1.0,3.379069995080693e-27,6.947189374384135e-11,3.4610180278754397e-19,1.941594198424341e-116,2.7792908731489815e-53,1.0,1.547196889850885e-14,0.03700669526676152,1.0,1.3127838968922686e-46,3.352815359898322e-31,0.0016518949901715913,1.0,1.9850648479534744e-23,2.8731070446544104e-27,2.2442183834529126e-17,1.0,4.326872221158744e-28,9.226838390851088e-194,1.0,6.656346740475987e-28,0.02946565735089947,1.1734230136642722e-10,3.6433681715879693e-41,0.3445162427900901,1.0,0.0019191280483228975,1.6982232010525655e-84,2.2806253919641306e-09,3.625408626790847e-49,6.933482790757823e-30,1.0,1.0942268729912742e-63,1.1016555439575195e-10,0.2804523557099164,1.0,2.860683230669515e-121,6.634063642263291e-11,0.00017054213274099426,1.0,6.575172196748704e-16,2.2436620869459837e-15,1.3486048711119106e-13,1.0,8.672934924307659e-13,2.7656096994068177e-58,2.1801040147373323e-14,4.999575741819051e-64,0.06706990835373978,8.328159497560615e-12,2.993061793635251e-45,1.7215781263955418e-09,1.0,5.7771917539618724e-98,2.976379983020977e-97,1.0,7.769159817424185e-09,1.0,1.4769935356305533e-14,1.896903161080769e-06,1.0,6.7064183558854915e-133,0.0014820568980499535,6.359128349903223e-29,1.0,5.85091179399391e-05,0.20280444116181856,0.003736890845155578,1.0,0.6907703450155527,0.36005533693077685,1.7051720340132727e-108,1.0,5.82347182402662e-14,0.011949322275054713,0.0019250038624161166,8.817152857990568e-22,0.005351579240514521,0.00023935043276291452,1.0,1.0,1.0,4.1261946848796393e-17,3.429485069845948e-20,4.012450954937934e-46,1.0,1.2049835200964928e-96,1.4725065686353028e-63,1.0,1.9095164127650715e-22,1.0,8.875159379805358e-09,1.0,1.0,1.0,1.0388696192403759e-07,2.856200219968784e-06,1.0,1.7066876997715933e-13,1.0,4.167942418154481e-09,1.0,0.0006276479625849054,1.0,1.0,8.458133727187731e-18,1.0,1.0,1.0,1.0,1.0,0.12462972382402608,1.7618162707437142e-38,1.0,1.0,1.0,1.0,0.0015523096737934305,0.0015304689598856858,7.441720801867163e-43,1.0,1.0,1.0,0.011224372726504846,3.271631260906583e-07,6.391198138655057e-08,9.926143926701244e-10,1.0,1.0,8.804718855906455e-08,1.6103626255877702e-70,4.983621835954689e-10,8.478804164116622e-44,1.2884574356500295e-43,3.1234083372847285e-09,5.222854130333903e-10,2.56096291897072e-19,8.308934140344247e-05,2.119320086711205e-25,1.0,2.86802740130703e-13,3.7611273973769664e-13,3.5118358859079523e-26,1.0,1.0,1.2328383146117208e-29,1.9444756144647347e-10,1.9131319072615658e-63,1.0,0.0001170810510622903,1.2269658839021665e-47,1.0,1.0,1.458260191468275e-51,2.842513215149849e-10,5.231665062537947e-32,1.0,0.00010073870757333511,1.0,1.0,1.0,0.005531409328286939,1.0,1.0,5.03187439740525e-13,1.0,1.0,1.0,0.06863967546033868,7.26791959873959e-66,1.0,1.0,2.7461958778041108e-05,1.0,1.0,8.970244175919032e-16,5.924331113952031e-08,1.1545422515631912e-21,1.0,2.0407849053007423e-11,4.4315967610882984e-05,2.9943782236805084e-09,1.0,1.0,1.7787011427448542e-14
15,1.0,1.2820493253570804e-33,0.002274996940192325,5.421585498781141e-09,0.0,1.0,2.5863255193364907e-57,4.865813887888149e-277,6.022657793226487e-14,0.0,1.1124074330569237e-158,3.2446780853177336e-134,3.758330146984223e-25,5.6619678361997467e-08,5.4481513155782923e-45,1.0,2.107145853620055e-07,2.2174052473001504e-12,3.568912263515052e-15,0.060785480386372354,4.9412872030450966e-30,0.000686811047954291,2.718238236722207e-163,4.3574858918127425e-49,7.893160811584698e-51,1.3773588997115564e-97,1.175036425274269e-13,1.0,9.423740376007654e-121,1.0,1.7432658465520105e-17,1.0,1.2581629813409044e-13,2.616153395719133e-25,3.870288140176861e-28,1.0,3.817315684942652e-48,1.8220718478245883e-267,0.09294729709520999,1.0,4.027526845033242e-13,3.9634729176566286e-06,1.069402147527025e-11,0.00023887215797263153,1.0,4.1383624838970976e-144,1.1284014990294184e-112,1.0,3.216533396962464e-82,1.2141026726007826e-45,0.036196036253180706,0.4370856642839832,2.2945339820280463e-233,8.491424022713366e-05,1.0,1.8515416205322516e-52,1.0,1.0,2.253660180860953e-96,2.6679982706173065e-99,2.144129833688634e-05,1.374906768051017e-13,0.06359274568784921,9.658156569860722e-44,7.178862884503574e-12,1.0,1.0,1.5777939259853048e-87,1.2903231334160785e-33,0.0005642661158312279,1.584752202582791e-12,1.0,1.242024148747062e-46,4.489507601369775e-16,0.06287054032105537,1.3883293012322517e-108,1.708864241245986e-49,1.4674484130970422e-15,1.0,1.0,2.0095167430668437e-79,1.258653461347781e-11,1.0,6.80165579390884e-86,3.94640555751835e-16,1.0,0.07517229606166324,1.0,0.13209890243338132,0.012635693416523716,3.0285835994365185e-10,1.0,4.429974451918351e-22,1.0,2.0510647923045242e-05,1.0,2.771160811690896e-07,3.993514971157449e-12,1.0,1.265287086419151e-36,1.0762551163060135e-13,1.709511360384404e-229,1.0,1.0,7.902331381018096e-19,1.0,1.0,1.0,1.9674609950053864e-15,1.0,3.6252739104061184e-11,1.0,3.8331524307379377e-14,1.0,4.443458376223545e-58,2.5336874000946217e-115,1.0,4.3423858277893674e-09,1.9269605713028693e-34,3.1329713434985375e-34,3.4275570382362495e-08,5.517042770084041e-50,3.212735906022053e-13,1.0,1.0,0.00045065678768952224,7.939757066264745e-59,1.0,1.0,3.5078629969641555e-11,3.0937571844608965e-39,1.4655796642479642e-30,1.0,0.11945005039041476,1.0,1.0,1.6275812858853691e-44,4.455895350603954e-12,1.0,1.0,1.0,8.339252587493124e-70,2.5616556051094223e-33,1.0,5.476392966301751e-20,0.20674847295549378,2.7532455635668004e-26,1.0,1.0,3.0074099859377576e-105,1.1837914822575549e-12,3.751141290383816e-175,1.450245746137281e-19,0.0006484167403624435,1.0,0.042592539884578846,1.0,7.785064631304528e-18,1.0,1.945166261959865e-07,1.0,1.0,0.5998490894236548,1.0,1.0,1.0,1.3276000704749018e-07,1.0,1.882138653376273e-13,0.09650429816649958,1.7984833656372314e-56,0.10560171810648115,0.007502961417170469,1.0,2.0198822056769237e-09,0.015037615504478012,1.0,4.27722095966608e-87,1.0,2.806131993234624e-09,1.0,0.0001435163726259698,1.0,1.0,4.694532278594298e-11,8.583153154348478e-20,0.04482317428419425,1.3815705810628925e-07,1.0,1.0,1.0,2.1750860764115106e-39,0.006646512903502311,0.0347415155654414,1.0,6.981336847035283e-29,1.0,2.465786024144739e-12,2.3845832098182498e-91,1.0,1.0,8.284183569511997e-55,2.078774183183657e-29,0.007453268758285881,1.0,1.0,1.0,0.0027024494090717665,0.3753477931194941,3.4949782423058025e-18,4.202016009068954e-70,1.9528981186024073e-39,5.4252230578374275e-25,0.01660617263241948,1.6056254089807785e-28,1.616686865883611e-95,1.0,4.570587471428076e-11,8.57213116652717e-18,1.0,1.0178519458732923e-06,1.0,1.0,1.0,7.409508874269611e-07,0.11685778870188238,1.0,1.2339000402475211e-11,6.469913780444649e-07,1.0,0.0009157959520668682,0.0045352016621745105,9.00885850030341e-10,1.0,7.782183446569321e-29,0.02106534984074965,0.0007944283793370458,5.197517471694342e-27,3.749043196763174e-15,0.017712938419101536,3.052484610106466e-44,3.4206607401401994e-31,0.008188138637228446,0.0009097452718767953,1.035395300111595e-36,1.1673274293195393e-25,1.0,1.8211165110154106e-11,1.0,1.0
16,4.5205475782152436e-08,0.09775635826980747,1.0,3.12147829025622e-48,2.2841524256712324e-225,1.0,7.418724562991674e-15,3.1966039771642053e-171,1.0,1.1334403753245472e-197,1.6924610209297174e-82,3.116389988625279e-225,1.2075153915769898e-72,1.0,1.5675339696910123e-10,2.107145853620055e-07,1.0,2.8181886004288806e-47,1.0,1.0,0.00047091910368080497,1.0,1.1782076850946985e-95,3.0975541752643903e-15,9.831221495279217e-102,1.1548271286159848e-47,3.6456219954894194e-45,3.2211148272389755e-10,1.0501787416214335e-65,1.0,1.0,2.1666104883784327e-07,1.0,0.0005894113139480678,8.818547856304993e-65,0.029320287041277773,1.1477267520200277e-17,1.681620268728175e-188,5.1790333792994254e-20,0.021268878916210796,1.0,1.0,9.462791357466908e-38,1.0,4.691989444129876e-12,2.0071012940438276e-211,7.256730498000533e-65,1.5805732554985576e-07,1.676228778360534e-42,3.876579035657479e-17,1.0,1.0,9.427741350503948e-164,1.0,0.028322228594473853,3.0339413284084943e-22,0.16587280053308798,1.0,6.750230785958003e-55,3.9049252580898074e-57,1.0,1.0,1.0,2.109966023499188e-17,1.0,3.0148321957032262e-05,1.0,2.0215081627357953e-49,4.766288942121375e-66,3.901952837003452e-21,1.0,1.0,4.32963717294282e-20,0.21668778341565434,4.419234132394585e-17,2.4584188641647787e-66,2.1655098317078244e-22,0.2248290384069579,0.0004793253431386218,4.0072976974541166e-06,7.031952258536845e-45,1.0,8.383915304068751e-07,2.1204675880838545e-130,0.06799732788185843,6.524860860746402e-07,1.0,1.0,3.820996975262929e-15,1.0,1.0,1.0,2.1389500240710188e-46,1.0,3.1900009207467404e-21,7.41927285459158e-09,1.0,1.3250991000986694e-31,1.0,1.2234926490418198e-15,0.23620498413161656,1.1488220627551826e-173,1.0,1.0,0.00019796064540845943,0.16519127482445595,0.2888470142968326,1.0,0.014450142150845112,1.0,4.870404349053621e-29,0.6160065676057925,2.5361779648459435e-33,1.0,2.5354068090920003e-32,3.086492724197482e-78,1.0,1.0,3.974183172370141e-60,1.0112522184198318e-59,1.0,6.365597104184827e-27,0.08378432833279513,0.1586855316359683,1.0,1.0,1.2823425354184642e-89,1.0,2.97985780244547e-10,0.6621113090053078,9.331821581498051e-20,1.5302533577103504e-13,1.0,1.0,1.0,1.0,6.530514393538138e-71,0.12146760633239535,0.10712635430054804,1.0,1.0,5.818739761135796e-44,6.505995762888547e-16,1.0,8.385430383738482e-07,1.0,3.578078051885203e-11,0.0008445328849866296,1.1242570272388589e-05,2.282414414166505e-74,0.01987009741222483,5.050075679777715e-135,3.3409621046632992e-37,1.0,1.2764584906720223e-07,1.0,1.0,4.202215744769253e-06,1.0,1.0,1.0,1.0,1.0,0.022137625829239765,1.0,1.0,1.0,1.0,0.001775692822768569,1.0,9.546225635331627e-36,1.0,1.0,1.0,0.35670651637576956,1.0,1.0,8.83743994257017e-62,1.0,0.39353798189514616,1.0,1.0,1.0,1.0,1.1512276510993127e-23,2.7898782253766462e-08,1.0,1.0,1.0,1.0,1.0,2.878426197622259e-23,1.0,1.0,1.0,3.4859842533686886e-46,0.4230384185058308,6.252579819898497e-25,1.0740496531506222e-66,1.0,0.39411172501086444,5.3598829812197896e-36,9.128125271002716e-16,2.3077302763333723e-11,1.0,0.003581881587496381,0.004000139740002432,5.558805193777847e-12,1.0,1.4234708552558004e-07,5.578355598937906e-49,9.26336614957572e-24,6.468597724976101e-41,1.0,2.6609090042938936e-15,6.704502443627677e-71,1.0,0.008689869721926233,1.3538213634130152e-31,0.1596060586428849,1.2352920790172503e-16,1.0,1.0,1.0,1.0,1.0,1.0,0.0022221894525385755,1.0,0.0018134044826544164,1.0,1.0,0.02857166601382346,1.0,2.2260861265545129e-44,1.0,1.0,3.958265629299443e-15,3.132605707920088e-06,1.0,3.2341224703336514e-29,1.1638796410778715e-18,4.5072118297555106e-10,1.0,3.069639712140829e-23,1.9807517369882895e-14,0.13789526453294207,0.0007974046255116038,1.0,4.267811228621827e-05
17,3.1192466192839197e-29,9.715091921492629e-110,5.1601904319352144e-48,1.0,0.0,1.1105258559431064e-33,3.8962866637877995e-140,0.0,1.9278048382592359e-66,0.0,1.4251569305840755e-278,1.2968451469420462e-52,1.0,2.383297953501867e-50,1.4554506500712666e-113,2.2174052473001504e-12,2.8181886004288806e-47,1.0,1.6847586608993014e-61,4.59794637601553e-33,6.2747966083958414e-86,5.8402915432552455e-36,1.0753337293596543e-265,2.6986160533954484e-112,5.443476955837944e-11,5.320133277565497e-179,1.0,0.0002149084086745318,5.662150438611636e-207,9.458864770499128e-23,3.431819376631257e-58,0.00012700942120300886,2.871942479633759e-50,9.6933526853026e-70,0.034686747447084054,3.3369096165496315e-10,1.3684643460205277e-102,0.0,1.0,1.0235960882710429e-08,1.5569298993002735e-47,1.5950637537700214e-34,1.0,7.335879412317029e-31,1.0,9.171467295872171e-78,2.8364089370766306e-186,0.025960332191145213,5.3596671208221796e-146,3.292361410293047e-96,4.164247533545165e-25,1.624998125068645e-22,0.0,2.3695595801342746e-30,7.626321521424491e-07,2.9449572709238415e-104,1.1003418043463542e-07,2.948186610971887e-10,1.180247937512308e-160,2.1834414215478648e-164,3.8806600674790944e-30,1.2169478877323225e-44,1.090130385660672e-22,1.106012180880153e-89,2.241791139921326e-41,0.05808478421438249,5.483154940744005e-13,7.409693607966943e-147,1.3931711809638428e-07,1.0,1.5817581740615948e-41,1.0810847946641521e-08,6.978289535953283e-92,4.185843010651669e-47,1.0,2.5111814922301913e-172,4.957600590460475e-95,2.3654808034977648e-45,0.10116978294026736,1.0,2.9895887866272638e-133,2.1529760441570703e-38,1.0,3.5268264379540173e-43,2.0129763999732165e-45,1.0,6.120454746033135e-20,2.1413832436114678e-08,1.0,3.9388093924018535e-21,1.7538866936529024e-34,1.6743787181467092e-15,0.0030476657610536456,4.227977256750647e-08,1.0,1.0,6.671850336433945e-29,1.0,4.58046666878047e-06,2.2786359794170203e-72,6.418026462270828e-39,4.701500169841645e-306,3.668863312128845e-05,2.1755532110601328e-11,3.441068611645202e-46,0.11121937205331309,0.07008624688955033,0.009214270279327861,9.941518397488438e-41,0.0045893037547701165,1.0,0.06784786479492595,1.0,4.774148935758051e-14,1.705709724954069e-98,4.292042891482681e-169,0.00015025817038480938,7.092148579149028e-30,6.553424303090135e-12,7.416313239503593e-12,6.159935925277147e-28,1.4127610892219538e-86,9.348000812689062e-36,1.0,1.2079092202761785e-05,2.1156196912864374e-20,2.5146524975721275e-29,1.6501554053014563e-08,1.0,8.012186020090778e-32,8.767949121706792e-71,4.171201895274344e-59,4.52953920693818e-08,2.473391797762049e-15,1.532809879539426e-11,6.456670254767548e-11,6.350092713908448e-20,1.9757539617192164e-32,1.0,6.762821909259076e-08,7.609410930270425e-07,1.5019035317797287e-108,6.600490951426521e-62,2.539845229590379e-05,2.7131424393411186e-43,3.291445806494816e-14,7.94896394698474e-52,1.0,1.0,2.2493826062183657e-149,6.364435052703213e-32,3.893292280606158e-230,9.974629415695981e-05,9.535411512563677e-18,1.0,1.5156662109702806e-14,1.0,2.1337934913249684e-38,3.0848902876409053e-11,5.56948808936946e-23,1.0,0.26127174593665414,5.36881543881147e-12,1.0,3.980677853454521e-07,1.0,5.872030153550015e-23,0.007847054511346707,1.5829402517207323e-31,3.213703551609049e-13,1.7086161764323099e-87,4.495251732770998e-13,4.678227908597011e-15,2.271051208128043e-08,4.79448175369181e-25,3.7319475845689245e-14,0.00025013739917422763,2.809478583655424e-123,1.262955063582237e-05,1.0543951601039174e-24,2.194790691394136e-07,3.2759951190893756e-17,0.062354506308391844,0.06798318118127829,0.6405503238886132,4.274509840813384e-39,5.934199341115056e-13,1.1867013067023354e-21,0.023315721250935548,1.0,1.0,4.2423895020015046e-64,4.268456041921353e-14,8.293945721555649e-13,1.0,1.1062794452960901e-12,1.0,0.06895222329267833,3.650679143853648e-126,1.0,1.0,1.4409575072180893e-82,6.212838520219674e-51,1.0,2.4920453377192304e-05,1.0,1.0,1.0,9.21229177589824e-11,6.45929688130205e-36,1.6331066983184679e-100,2.7268717696894516e-63,2.9225767449887627e-10,5.632872726194523e-13,2.3374621808507224e-49,4.90205857580487e-130,8.159800989132109e-07,7.93649300805195e-26,1.4902380598304492e-05,1.0,1.0,1.3650258057822116e-09,1.0,1.1993003755780908e-06,2.404967828231473e-19,4.022308666115356e-11,1.0,4.445667396240894e-26,2.87072508367459e-19,1.0,2.5404052772842602e-14,3.762678387067372e-13,4.109827888787851e-23,0.7987635556091254,6.566521101628246e-14,6.141973327317371e-12,4.8548814162581637e-14,1.9085091084757594e-45,5.91783009651866e-30,9.005328941299858e-12,2.38451643571035e-66,2.9973810213673352e-50,1.0,1.7583517713593794e-13,7.990698596459276e-57,4.891009284330092e-43,1.0,1.8020462095604065e-24,0.0008010345260130349,1.0
18,3.932154443737391e-18,1.0,0.0010317137525038356,1.6761935264675965e-64,3.5449239622131213e-178,7.23934583905133e-06,2.1044714040751213e-05,5.563870249224188e-133,1.0,6.281273605555898e-156,2.0796009348475085e-58,3.973488247767858e-250,3.51483755559741e-90,1.0,0.004254454833412368,3.568912263515052e-15,1.0,1.6847586608993014e-61,1.0,1.0,1.0,1.0,2.711731026104406e-73,4.5851283146119646e-07,3.3473837337637194e-119,6.854206480522667e-33,5.865232809251418e-58,8.699698451929021e-18,1.7952103476210738e-48,0.7937428727972079,1.0,7.253438858308778e-14,1.0,1.0,1.5692439179400222e-78,3.2326683292348175e-07,8.510864894192946e-10,2.1051955445358626e-159,1.192692519891814e-28,3.0757744088441694e-07,1.0,1.0,1.5635824408569234e-48,1.0,3.648283189686301e-19,1.0443871446999592e-231,1.0784156611090305e-49,1.4719071805227978e-13,1.282428296375506e-30,1.0404958803102563e-09,1.0,1.0,1.3155633516714331e-138,1.0,8.58025805116542e-07,5.487649916337748e-14,9.667676393970487e-06,0.005834939660796309,6.257820212060045e-42,7.007666705343949e-44,1.0,1.0,1.0,2.2050733504286252e-10,1.0,2.8987512646374095e-10,1.0,1.2929153969155335e-37,4.328736447376195e-78,7.432059000831765e-29,1.0,0.012982282434006873,8.41515666902214e-13,1.0,3.708447135300481e-24,1.0383848822167506e-52,8.308061466580269e-15,1.0,1.682835317179566e-08,4.633148321525026e-11,3.112223510865095e-34,1.0,8.204276135322517e-12,2.576571525789771e-145,1.0,7.139820919984346e-12,1.0,0.5296433363119971,1.792772169782541e-21,1.0,1.0,1.0,7.662407531426267e-56,1.0,3.924980605549909e-28,6.1910224623325e-14,1.0,1.359387655818487e-39,0.21898850625898103,6.806243338737778e-10,1.0,2.2513067990008354e-153,0.12058159161545026,1.0,0.4876256938667976,8.001973088002735e-05,0.00016708956553510433,0.002080198814275094,1.0,0.005951893624772504,2.115020508205836e-36,0.0005079756340410573,4.575585770756463e-41,1.0,1.567883823617905e-24,7.334376083052188e-66,0.4006236231952356,1.0,1.0744686025579571e-69,3.1873846181784804e-69,1.0,4.713584339861343e-20,1.0,0.000138250811802511,1.0,1.0,1.5518916080368382e-100,1.0,6.401634525680647e-15,1.0,4.1574508599446304e-14,8.220261886264306e-09,1.0,1.0,1.0,1.0,1.586848745971405e-80,1.0,0.0001270465351156781,1.0,1.0,9.167645469652825e-36,5.888858768932833e-11,1.0,0.0022512043565793534,1.0,5.137972219340281e-07,4.513085234090351e-07,2.7237072477034003e-09,5.042646458405939e-64,1.0,8.134252759676232e-121,4.3893494254479887e-44,1.0,2.2068128978633253e-11,1.0,0.09639492856748397,0.005065206085683236,1.0,1.0,0.360419550188886,1.0,1.0,4.016871600755396e-05,1.0,0.03894362359024589,1.0,1.0,0.5745150413154642,1.0,3.24159839582916e-29,1.0,1.0,1.0,1.0,1.0,1.0,2.1971024318124165e-53,1.0,1.0,1.0,1.0,1.0,1.0,9.218577558451103e-29,4.2640820631630614e-05,1.0,1.0,1.0,0.2685405923008609,0.08658986522615236,2.444633018908635e-18,1.0,1.0,0.09481088828775278,1.0576659905687537e-52,0.002587157545285807,5.6966495008558164e-30,1.9328073140281505e-58,0.008993431514761365,0.002459706090201002,5.225996082666597e-30,9.954541568199747e-12,4.613374152266246e-15,1.0,9.694155864886607e-06,1.1262991958747673e-05,9.884365138692225e-16,1.0,0.00012477061915428433,4.503458292571509e-42,6.163216906551932e-19,5.670220770069043e-47,1.0,2.182408474992529e-11,1.3207036073197284e-62,1.0,1.0,5.725215579573529e-37,0.0010080064217648417,9.611176966407305e-21,1.0,1.0,1.0,1.0,1.0,1.0,0.32779492998445814,1.0,6.256297973099787e-06,1.0,1.0,1.0,1.0,3.2220110435449283e-50,1.0,1.0,1.4592279668836367e-11,0.0009696856873001172,1.0,1.883435242028253e-24,8.03031485985555e-15,3.5170442809167775e-13,1.0,4.9209842410718385e-19,4.709622467942159e-11,0.0014852890770440648,0.0940876553367296,1.0,1.4241278688156758e-07
19,0.35821561499810295,6.077711234446441e-07,1.0,2.1188027895624302e-31,3.301454753988403e-238,1.0,1.8673546107690017e-22,1.8265175898566559e-184,1.0,7.413870826807706e-211,1.546464510265705e-94,1.8366721666043037e-183,8.762783817291135e-53,1.0,6.250313719589047e-17,0.060785480386372354,1.0,4.59794637601553e-33,1.0,1.0,7.295560274524684e-09,1.0,3.4640801146621194e-107,8.403899695805222e-22,4.112739257344131e-81,4.96486648393586e-57,9.992267201815187e-33,0.00014998309252507502,7.541059682960766e-76,1.0,0.003200292283080089,0.009993334634903405,0.2202074724339815,3.9892086913112785e-08,1.4505982849808862e-50,1.0,7.398397332081593e-24,4.375122892829016e-201,8.155284995321323e-13,1.0,0.18289303679538205,1.0,8.87589084713881e-28,1.0,1.4808002494276204e-06,1.472159678812594e-183,3.473622223277082e-74,0.00391096083387412,1.5890072162705658e-50,5.074975740673086e-23,1.0,1.0,1.0753857552097469e-175,1.0,1.0,1.5836895005197497e-28,1.0,1.0,2.6204951025827826e-63,1.162740530649001e-65,1.0,0.017723736194355945,1.0,5.821684426999813e-23,0.1437654600015932,0.10653188218414854,1.0,2.6373870219464775e-57,5.838319474164429e-54,1.1477800469289721e-14,0.0378509100941461,1.0,9.43849964652627e-26,0.00024013115328143703,2.5446259199123265e-11,5.931864988280915e-75,3.4048804362222336e-28,0.00029870960235455857,0.601826614859645,0.014964452454019547,3.441799844455159e-52,0.05635636535940036,0.003918662326862428,1.6043449331184223e-113,8.033893199679752e-05,0.0028838406800046215,1.0,1.0,4.579370910687177e-10,1.0,0.16457582721281852,1.0,1.3079393559392852e-37,1.0,1.91440022962993e-15,5.1953362340827144e-05,1.0,1.4163869913280892e-24,1.0,2.8491903189714656e-20,0.0006220092608038317,2.234536564198485e-184,1.0,1.0,1.525914469487109e-07,1.0,1.0,1.0,2.574474886612379e-05,1.0,1.1853220008548155e-22,1.0,1.7279260393312253e-26,1.0,4.5853931332569704e-38,3.4720534799528386e-86,1.0,0.2026316174141143,5.234910774112163e-51,1.1117199398742557e-50,0.5642108481905207,3.998751003038122e-32,0.00029392422831694563,1.0,1.0,1.0,1.242467248363647e-78,1.0,1.2279529826042708e-06,0.0041721526700712955,3.324839450065419e-24,2.0265911775277206e-17,1.0,1.0,1.0,1.0,1.2546226493399177e-61,0.0006453024836215592,1.0,1.0,1.0,7.7940877125608695e-50,6.544472931368063e-20,1.0,8.540116807359221e-10,1.0,1.2109357304636568e-14,0.1915012749074259,0.005352358660984243,2.687858110885662e-81,0.0001046678770845324,1.261527028719628e-143,3.962765025686952e-31,1.0,9.256574699571553e-05,1.0,1.0,8.429038635726137e-09,1.0,0.2097992367620516,1.0,1.0,1.0,1.0,1.0,1.0,0.13718792785669448,1.0,9.398068015598474e-06,1.0,1.306144147129128e-40,1.0,1.0,1.0,0.004991124723970347,1.0,1.0,1.1560852481859963e-67,1.0,0.005775267668458116,1.0,1.0,1.0,1.0,2.1570637092588602e-19,5.4255381831941235e-11,1.0,0.06334270027896374,1.0,1.0,1.0,4.05439988464892e-27,1.0,1.0,1.0,2.273020728722714e-40,1.0,1.0896617774130454e-20,1.782784490685575e-72,1.0,1.0,1.7238620649173983e-40,4.955019749513649e-19,1.921941418636229e-08,1.0,0.266009430790062,0.28814960535677936,5.222240278180111e-09,1.0,4.3379889800439555e-10,5.27969475417943e-54,1.5861278638374398e-27,1.3786912897401447e-35,1.0,1.78508334727125e-18,1.0915250362252812e-76,1.0,0.00010312041376115013,5.5346630632959316e-27,1.0,2.71132544146383e-13,1.0,1.0,1.0,0.093353990631799,1.0,1.0,2.5527950567783254e-05,0.0759803892526227,0.11787339319783575,1.0,1.0,0.0005020083990898,1.0,3.125717032167168e-39,1.0,1.0,5.037864492480572e-18,2.244779310466951e-08,1.0,6.82612026151882e-33,9.93680806808738e-22,1.251663168747327e-07,1.0,1.516298487018064e-26,3.521704586189566e-17,1.0,1.1857222371568074e-05,1.0,0.0031877037917168254
20,6.367475339293839e-38,1.0,3.761198483363733e-16,6.629455143064121e-93,1.2647975704457532e-126,1.794098521141959e-18,1.0,4.6994368011729975e-91,0.017934885664339647,6.306453414653403e-110,6.983195688963616e-33,9.040399802190387e-294,3.3304915454452785e-120,0.0001254149824052395,1.0,4.9412872030450966e-30,0.00047091910368080497,6.2747966083958414e-86,1.0,7.295560274524684e-09,1.0,4.370862369901784e-05,5.049474133241561e-48,1.0,1.6997861520710185e-148,6.033473793411102e-17,1.0148816239918391e-79,1.0472401940848287e-31,3.422328754096541e-29,5.412981707899099e-08,1.0,6.571637141387613e-26,1.0,1.0,1.677382097607109e-101,5.0043470718668684e-17,0.06314603629520628,1.3013903428735326e-124,1.0123356315952615e-43,9.77869664398089e-17,1.0,1.0,9.138862880766986e-67,0.5737592758157524,6.774221808298121e-32,1.6770053985822812e-265,3.979174842345791e-32,1.2377892922038329e-24,3.1806321214045664e-17,0.037932902690060874,0.03381217524449849,0.002728607548318959,3.050678782387254e-108,1.0,1.3723567191718072e-15,3.416898315310038e-05,4.2562836592731553e-14,5.092089084070208e-10,8.187927002398014e-27,2.166155492449357e-28,1.0,1.0,0.31930642286389427,0.005289783604364296,1.0,1.5248935156926405e-19,3.966332259941235e-06,8.180344623927092e-24,7.044693221698785e-98,4.573892240495798e-42,1.0,3.779599459881887e-09,6.732537644532847e-05,1.0,2.2132000420412853e-36,1.9432232867393055e-36,1.9244206361792394e-06,1.0,8.935987390863491e-17,4.884704940984046e-20,1.0576821806047477e-21,1.0,7.523612861195727e-21,1.588258466694448e-169,1.0,8.511629817088465e-21,1.0,2.41185343718713e-06,2.2317669498334657e-32,1.0,1.0,1.0,2.462184998558311e-71,1.9987618151078376e-05,8.50495147332976e-40,6.932348123284514e-23,1.0,7.609227314396551e-53,1.3808360169970338e-06,0.0014742955553472133,1.0,8.651790504521692e-128,7.620156103715763e-07,0.11595237431742252,1.0,4.3137042152878207e-11,1.1863906505556742e-10,3.629264346196084e-09,1.0,1.635918780824546e-08,1.3710166718440496e-48,6.737640914450565e-10,8.132988009294557e-54,1.0,3.0332222285627065e-15,2.0087607132805122e-50,7.523459318609021e-06,1.0,3.8116219234581476e-85,1.4616009497237924e-84,1.0,6.66188623330311e-12,1.0,2.7236288503330793e-10,0.001796636468660997,1.0,5.346538282339129e-118,0.38141778791808995,6.046280674254652e-23,1.0,1.7405851086134805e-07,0.0019367753680568187,0.7061965418743603,1.0,1.0,1.0,6.512917795520879e-96,1.0,5.211222032346982e-10,1.0,0.3689093370083582,1.3533653241844462e-25,3.350652689729484e-05,0.06252270276210566,1.0,1.0,0.026107604862667576,6.748516120128135e-13,1.2844825587148946e-15,7.805236573051201e-51,1.0,1.9082065107001447e-102,3.388208870386699e-55,1.0,7.706570730870553e-18,1.0,7.919067860984784e-06,1.0,1.0,1.0,5.691566445643775e-05,0.0009522026223602566,1.0,5.020641861111043e-10,1.0,3.33231974540094e-06,1.0,0.08334033200101286,1.0,1.0,5.062766385807193e-21,1.0,1.0,1.0,1.0,1.0,1.0,1.4099542358264877e-42,1.0,1.0,1.0,1.0,0.13975139141051476,0.13721290372430026,5.074658226068839e-37,0.20107330397983877,1.0,1.0,0.6870537151137378,8.952651012753347e-05,2.1196047644346593e-05,3.2527234762418096e-12,1.0,1.0,2.6322163440256666e-05,4.8546421017159454e-63,2.75961527109253e-07,4.2185537223911267e-38,1.0303942356098008e-47,1.36538244821708e-06,2.760564236024011e-07,2.1972100807009245e-22,8.279041658421456e-07,3.393024244364306e-21,1.0,3.281688568515474e-10,4.083482126239722e-10,6.215674115853799e-22,1.0,0.3247984435072797,3.676858301954154e-33,6.648929834013836e-13,1.367997352950927e-56,1.0,1.30856654490252e-06,8.917290849566743e-52,1.0,1.0,1.4991323785337515e-45,1.2872740488687978e-07,1.9548601551748078e-27,1.0,0.00925105394027082,1.0,1.0,1.0,0.27272385669976507,1.0,1.0,3.6098736446059755e-10,1.0,1.0,1.0,1.0,2.01557563092637e-59,1.0,1.0,3.896922221326217e-07,0.8205051457599871,1.0,2.4971509289818465e-18,5.499217278581985e-10,2.765618358474702e-18,1.0,1.1316473311102875e-13,7.555739987764134e-07,5.615465864889236e-07,1.0,1.0,9.824972642607779e-12
21,0.0024039207724964986,0.008851802824070857,1.0,3.112209889072389e-34,8.490614353931077e-199,1.0,2.670159328344771e-15,1.3386305259347107e-153,1.0,1.1055411057755403e-176,2.882197225174159e-76,2.7859080654490194e-180,2.569730251728625e-55,1.0,2.261748006382768e-11,0.000686811047954291,1.0,5.8402915432552455e-36,1.0,1.0,4.370862369901784e-05,1.0,1.1223156474912514e-90,5.342083446363137e-16,1.8904824864380872e-83,1.4006821748604775e-46,1.3014967339494669e-35,1.3777863592213722e-06,1.4413423692274226e-63,1.0,0.6322023761416616,0.00016276762356310935,1.0,5.710656755801188e-05,1.9019279500393614e-53,1.0,1.6777382600920152e-18,6.684482144034271e-179,3.3596024465876176e-15,1.0,1.0,1.0,1.5464590533770877e-30,1.0,1.3980994146316765e-08,2.934061199122442e-184,1.0416548677782147e-63,7.319722275712645e-05,1.691630662579116e-42,4.927621923130849e-18,1.0,1.0,4.3830993206151074e-157,1.0,1.0,4.8576721515976907e-23,1.0,1.0,1.403623460041414e-54,1.0115219623735195e-56,1.0,1.0,1.0,2.4026546985007096e-18,1.0,0.0035479542256543883,1.0,1.8012532491029067e-49,7.658313247218859e-57,6.172381959948045e-17,1.0,1.0,5.1755282764225935e-21,0.029111423938623,1.9572618692673078e-13,8.144887291010138e-66,2.764310839463948e-23,0.031143674967126004,0.02810914406317788,0.00047773197275579113,3.023453069721965e-45,1.0,0.00011538364062288635,3.2857435976899165e-116,0.009184685009381206,8.603466574170896e-05,1.0,1.0,5.079868921156483e-12,1.0,1.0,1.0,2.8539434136850732e-40,1.0,1.4019860275295605e-17,1.3081191721503624e-06,1.0,5.672160759491939e-27,1.0,1.183396120337355e-16,0.037100712572186896,3.8292189024734555e-170,1.0,1.0,2.457107058973067e-05,1.0,1.0,1.0,0.0020843026952520978,1.0,6.25163061160997e-25,1.0,7.413760286062997e-29,1.0,3.28684433556134e-33,3.550601917861685e-78,1.0,1.0,1.0271687441761099e-53,2.222590213518673e-53,1.0,6.816863211130068e-28,0.013877816868981808,1.0,1.0,1.0,1.7523139240452662e-81,1.0,3.533489659988923e-08,0.12574265295086978,9.037053835499149e-21,1.542547032425785e-14,1.0,1.0,1.0,1.0,2.3433231312728603e-64,0.022027367645427183,1.0,1.0,1.0,8.245692330656121e-45,6.452283041773187e-17,1.0,1.0767162933303944e-07,1.0,3.925359769169215e-12,0.01574980834152196,0.0003284717971184268,7.415809238927434e-75,0.0035728365005764156,2.1725095640659383e-134,2.3368614331826176e-33,1.0,4.791149925435946e-06,1.0,1.0,6.080779202501205e-07,1.0,1.0,1.0,1.0,1.0,0.23261794025498092,1.0,1.0,1.0,1.0,0.0003174521393571175,1.0,9.693735119055943e-37,1.0,1.0,1.0,0.08200016784773723,1.0,1.0,1.2950078824984916e-62,1.0,0.09162748147435226,1.0,1.0,1.0,1.0,3.646327091550935e-21,3.988358514057325e-09,1.0,0.7216192774705454,1.0,1.0,1.0,2.910691853774881e-24,1.0,1.0,1.0,1.492289644903914e-42,1.0,1.8720738347814057e-22,1.5009976362683778e-67,1.0,1.0,5.252261334873719e-37,1.0549925381759886e-16,9.184258424621436e-10,1.0,0.033617566060502035,0.03688125212531439,2.384474506702337e-10,1.0,2.2250820342023236e-08,5.893489225281923e-50,9.492136971418579e-25,1.1802427909819684e-37,1.0,3.1651879564613007e-16,9.444428097383261e-72,1.0,0.0018927740183181038,7.360725218081177e-29,1.0,9.082336725382939e-15,1.0,1.0,1.0,0.8555525190376674,1.0,1.0,0.00047852006674375675,0.6936117711631318,0.015649426317947846,1.0,1.0,0.006919316325003067,1.0,2.945065939776704e-41,1.0,1.0,5.194149545989186e-16,5.938946329070038e-07,1.0,3.365587552946286e-30,1.429539242037108e-19,8.965508681186485e-09,1.0,3.490760820499098e-24,2.7573712181133435e-15,0.7139995838486833,0.00018325673635951486,1.0,0.00039392668952367157
22,2.8763235887158196e-221,3.8133991200053125e-89,5.9500230164627434e-158,0.0,0.0005071148013948324,9.507777404007608e-152,8.671849577854752e-46,1.0,1.7202827680603964e-101,0.09750217807652449,0.10797401411673813,0.0,0.0,8.103854978776412e-102,1.2433210932346237e-41,2.718238236722207e-163,1.1782076850946985e-95,1.0753337293596543e-265,2.711731026104406e-73,3.4640801146621194e-107,5.049474133241561e-48,1.1223156474912514e-90,1.0,6.060693468136759e-25,0.0,0.002934473873526502,3.00489183443763e-237,1.167984975461325e-149,1.0,1.8815568969397303e-90,4.216019027802734e-46,6.562567197949104e-130,2.097635720479018e-48,6.245354316544911e-33,7.33549151288141e-260,1.2330445973540988e-109,3.7395298049544194e-13,9.091756890767127e-21,4.4900426682871486e-160,1.8073584800029004e-105,1.9983649107982927e-43,7.946087429682686e-57,6.124135872699865e-198,3.1936786897070476e-61,3.2694134263977503e-135,0.0,1.0,1.757028316408287e-118,1.0,8.638038201142619e-11,6.64160605441694e-63,3.538693198875255e-66,4.6136237637184953e-17,7.262064200538531e-54,5.761542881879743e-97,5.150965785431367e-06,7.077755822703578e-93,5.61017559362414e-81,1.0,1.0,1.0993617026395108e-46,1.0007834337469042e-31,1.506023605515573e-54,4.82942678580308e-07,3.833929801936177e-33,3.467694526497391e-99,4.9371129795546955e-68,1.0,9.443234974761299e-230,2.3374438831270507e-140,2.086132997769944e-29,1.9217508678590864e-74,0.000588772442938768,2.6303071745939406e-24,3.303064897331357e-129,1.0,0.027198084870582517,1.3164322244693953e-22,2.3215502617780216e-88,4.918055346509545e-95,1.0,5.007417505519329e-26,2.293221333827379e-95,0.0,5.519474129432462e-20,5.181751433645739e-94,1.896137978301383e-42,1.1223655124603212e-61,6.995703297008272e-115,1.319441888755799e-38,2.37720109586277e-23,1.332851554826184e-43,2.031620406880864e-175,4.81243033672153e-57,2.829690573241608e-124,1.0105298446504963e-93,4.797201248904693e-26,7.408965938026512e-145,1.4976827715611615e-58,0.038280444328187196,2.453421904220021e-16,6.151397746515686e-40,6.527456569699159e-58,1.0648454269861923e-43,1.518923963264404e-10,5.947466946911281e-67,8.358015455454005e-66,3.2124238315753626e-62,1.0157707143974952e-12,2.5484606880336003e-60,5.483904912218549e-133,6.416572712409418e-63,7.331487955485589e-141,5.9996416384346676e-36,1.0,0.0003607695764922924,1.852777939667764e-52,2.130794533214e-17,1.1109884534042446e-184,2.4023978720611895e-183,2.931715121576737e-17,1.0,1.9934315297087105e-11,4.1865202343522203e-60,5.800635895895675e-44,6.903311419806789e-22,1.4560414007689361e-226,4.283339393969291e-37,1.4376414520358164e-83,1.1700814813448373e-11,1.0,1.0,4.245296951528775e-35,2.0293302392833948e-24,2.090015892439e-29,4.790165099592102e-30,1.4784405228781173e-192,3.558834008014851e-09,3.9416239739458804e-56,5.522458741478577e-33,8.438657233502808e-35,1.0,1.0,3.1169131840955864e-36,0.00983379238164856,3.4394365488153302e-22,1.0,5.457309737534617e-60,3.782000655144554e-65,4.29426270661218e-08,4.491728605470463e-06,2.7025284443303387e-36,1.054495506341668e-127,3.1187398952698056e-14,1.5357662134580294e-66,3.577481145849869e-17,1.1695800193956909e-42,0.1752000552988116,1.4126752659586485e-19,1.510389507609601e-08,1.0051253301848053e-39,8.422275215020829e-37,9.738494282661027e-18,4.830937080137871e-50,6.5965739000228074e-24,5.648946885799829e-42,9.735940465047248e-08,2.0665559787793946e-31,0.005781634552566258,2.620595980839606e-15,1.0,4.197717064601971e-15,4.582599678436311e-13,1.7727605325122209e-19,9.22373874783296e-05,2.7532906228368644e-12,4.288416360705859e-25,6.50183030605363e-07,8.697392931089454e-23,0.00012439865790956592,1.6147048532952185e-19,1.1597174313397327e-08,9.637978031327511e-29,1.0452160160444498e-28,9.468471948183603e-92,1.0,9.140664190593182e-12,5.086105020268077e-05,2.2254391242482348e-26,2.283925490245374e-35,1.3995511389661047e-36,1.0,1.051873414788077e-09,1.6892936749979585e-10,6.177997977078184e-36,1.9150982361119024e-127,6.170910936266264e-40,2.2827511941521403e-91,8.713593384227795e-11,2.1135968180774726e-38,1.1494740904970717e-39,1.0,1.0,3.0946970430035096e-64,2.2555189834197704e-18,5.731819601447289e-45,1.2064763381433419e-44,3.4357181557839004e-65,2.7421448852460722e-11,1.0,0.0004513037918963847,1.0,8.236314167916717e-117,7.014106044215649e-09,1.0,1.176710794415845e-13,2.9543927080796118e-15,0.46889287036821564,2.75409627349329e-100,7.23101186751563e-39,1.9178293425289024e-72,5.5506479105840694e-11,1.9504914316393062e-28,5.369420330974268e-14,0.0030155390723988983,9.27604369629063e-09,1.562114359810389e-24,1.0,0.006808461313100672,1.9865152949763365e-42,1.867047935059739e-05,4.624722234888524e-06,1.0,2.037257503314056e-21,5.946699283611069e-116,1.698480879863677e-06,0.00017634670871566167,1.0,1.0,1.2967463657184354e-05,1.0,1.0,2.1060908204401995e-53,0.0018302736564665615,1.0,1.0,1.3980439715354998e-33,1.0,3.119053826130329e-12,7.12722226115595e-42
23,3.9372613297209676e-62,4.745875281354385e-06,2.4717715799394776e-34,2.5736436562655057e-122,3.96835159157957e-76,3.0168857707855275e-36,1.0,2.2116065769659115e-51,8.938206234565015e-14,2.88576750678988e-65,4.99252861315231e-12,0.0,2.558759850231048e-150,1.815895208130667e-16,1.0,4.3574858918127425e-49,3.0975541752643903e-15,2.6986160533954484e-112,4.5851283146119646e-07,8.403899695805222e-22,1.0,5.342083446363137e-16,6.060693468136759e-25,1.0,8.192310874231345e-178,0.00021787947273265197,8.387806833474562e-104,2.381083113363069e-49,1.5799497492594643e-12,3.1639542601173955e-19,0.3566539891479204,1.3585091417273274e-41,0.02097129659999322,1.0,2.865727576350845e-126,1.3004660886611342e-30,1.0,4.2327728254385484e-88,5.845639821091949e-62,7.154462778331022e-30,0.14302078737292287,1.6089626205082472e-06,1.1937643652790931e-87,2.284558952122699e-08,5.833590985983292e-48,3.6805382175021536e-297,3.573558858402392e-16,4.336608585414498e-39,5.5727504696972225e-06,1.0,5.234047289853861e-10,1.3600833490672682e-11,1.5421132265877678e-76,2.1115963682052655e-06,8.628747461311246e-28,1.0,7.673932119119634e-26,2.2053401131203033e-20,3.8101193686945125e-13,2.746814785751572e-14,0.00016891588959410593,1.0,4.7515899478607196e-08,1.0,1.0,6.132164650163847e-32,6.553865200516837e-15,2.182456704509493e-11,1.0679154268660071e-119,3.9749970847858925e-58,1.0,9.071036882708521e-19,1.0,1.0,1.7075470987903227e-51,5.521374774377836e-21,1.0,1.0,5.621183950209514e-28,6.293577417603174e-32,2.210638639407586e-10,1.0,9.537040202132938e-33,1.0354794283479654e-194,1.0,1.5653973388687763e-32,4.250886215265978e-05,1.9006129233969978e-14,5.265688246267988e-46,0.0008436600278958188,1.0,2.1994475329194065e-06,3.797476569636109e-89,5.680467711471984e-13,4.9011650232829696e-54,1.770270788707259e-34,1.0,1.4761455532729524e-68,2.3941877655817488e-14,1.0,1.0,6.517744604589598e-100,1.5402046899277167e-14,1.8168379683498052e-07,1.0,7.380571675194269e-20,2.748664098176376e-19,2.191066709936255e-17,1.0,1.656835515851788e-16,3.6829705467484425e-63,3.3966439020433255e-18,6.558389957381761e-69,0.00019839659606853867,7.261510564810866e-07,9.265202167141547e-35,6.841942631947956e-13,1.0,1.1205382041549192e-102,5.559811691516416e-102,1.0,0.00011307848531371542,1.0,3.0766798435084003e-18,1.8813144065647954e-09,1.0,2.875662002821611e-137,3.4356278783164277e-06,3.163621374222318e-33,1.0,0.08203612156698208,1.0,1.113611561664958e-05,0.6027495883282831,0.004751315824159567,0.0022311921532885376,3.0456048015698144e-113,1.0,1.8133063408077003e-17,4.69134648928903e-05,5.878803264685818e-06,1.0567585751220296e-15,1.0,6.016365895701673e-07,1.0,1.0,1.0,9.986284324615807e-21,5.747109990926837e-24,3.6353936402282575e-37,1.0,2.040763308890801e-82,2.5544121989566336e-68,1.0,3.2262705549557144e-26,1.0,1.0848913224924271e-11,1.0,1.0,1.0,1.772325838347652e-10,6.7920137667441315e-09,1.0,1.0689458846837667e-16,0.020032017614305682,5.652103427535215e-12,1.0,2.916525143477105e-06,1.0,1.0,5.217235485593631e-13,1.0,1.0,0.7869634575383512,1.0,1.0,0.0013818954149096457,2.2432162459215344e-31,0.018185439304068636,1.0,0.4769528837732219,1.0,1.0296759035628602e-05,1.0201411012568809e-05,4.732548548512008e-47,1.0,1.0,1.0,0.00010261671950308247,9.820886989589325e-10,1.6852739339525086e-10,2.0841388264808734e-06,1.0,1.0,2.521192900913791e-10,4.0075103678694478e-75,9.438809709146868e-13,6.079378934795287e-48,1.936991172404035e-36,6.938755283809536e-12,1.0261149213038617e-12,8.847836638939143e-15,0.024341127544227806,6.103602014731006e-29,0.3543574837471939,3.4749556376918834e-16,4.720462633341944e-16,9.676697403544236e-30,1.0,1.0,5.313881304465969e-24,4.0299309695718084e-07,6.515756826660445e-68,1.0,0.02920972197217411,2.644355932469904e-40,1.0,1.0,8.438108594909372e-56,6.393222140477198e-13,1.0444203157004835e-35,1.0,7.204497758406052e-07,1.0,1.0,1.0,6.580748909365138e-05,1.0,1.0,8.593753862287035e-16,1.0,1.0,1.0,0.0012625525215715176,3.239830410571426e-70,1.0,1.0,0.005348006045063303,1.0,1.0,3.4184293694567085e-12,2.453707567417394e-05,9.931064857621537e-25,1.0,2.156825323079159e-08,0.006712952524011333,1.3680600824753355e-11,1.0,1.0,3.8493125830962093e-17
24,6.882731553219173e-87,8.908778042092863e-186,2.227874987083511e-110,4.293398534600761e-24,0.0,1.7245162144033812e-87,4.275912937190724e-217,0.0,2.1793068074677006e-130,0.0,0.0,6.499284976046771e-05,8.395013267812916e-06,3.2814428402331525e-107,2.0998405310080912e-183,7.893160811584698e-51,9.831221495279217e-102,5.443476955837944e-11,3.3473837337637194e-119,4.112739257344131e-81,1.6997861520710185e-148,1.8904824864380872e-83,0.0,8.192310874231345e-178,1.0,1.2079238322986092e-252,1.5156227403329576e-05,3.3187677001475395e-32,3.384498599994037e-282,1.72320800368947e-61,3.0382108230826943e-109,7.415552625615128e-31,4.606765242217837e-98,1.2381356616730085e-122,1.0,1.0883667027552115e-40,3.7704607237980205e-161,0.0,1.2285335576930845e-13,3.5727299324788842e-37,7.157786849665477e-93,1.634388589937755e-75,0.005168158786223027,1.9736835798136845e-70,9.055183901901676e-20,1.0473148139098242e-26,1.4118980901133046e-254,3.4372846733621816e-24,4.314060487117955e-209,1.251392742482431e-151,3.2467723209348116e-61,2.2875779042129524e-57,0.0,3.0910840387809216e-68,2.852342938460526e-32,5.229921297079016e-160,1.4870675284787637e-33,3.0531548590007154e-37,2.6034112565808523e-223,1.7388596409214017e-227,1.831750624564127e-66,1.1658205161025254e-85,1.205991114337073e-55,5.558182538905227e-141,4.7488809483841505e-81,1.971628714147465e-21,1.194700316201127e-40,3.275781761686622e-206,1.0,1.7606162025661412e-05,2.658094353173258e-80,2.8437708499017237e-33,3.669202033689227e-142,2.7449680785072137e-87,1.3262915702185356e-07,5.262106494818196e-234,2.8491899373364363e-145,3.8750112954801664e-84,9.790095200577586e-20,1.533818667583712e-16,1.4202359790582252e-188,1.4854721534599728e-74,8.480933787781816e-15,2.801318252425413e-12,2.0858257371764756e-83,7.033095604616517e-14,1.1824325283353359e-48,6.510013712883941e-31,7.111473489973598e-06,6.857025721485747e-50,1.0156398742078522e-67,3.6696253737051295e-41,1.0,1.1746462622183865e-29,0.25437299921162887,3.1096102308933546e-09,1.1536018416399088e-59,1.0,8.481177706583778e-26,5.07963479620574e-114,2.506535934205341e-72,0.0,7.55144307513897e-24,9.293323432917698e-34,5.028316107745763e-81,2.5439853003691074e-17,1.1694667062203028e-17,3.0555830552708717e-19,9.730590616375707e-74,1.1153560737730694e-19,1.0,2.3461847130132202e-17,1.0,4.166600499368262e-37,7.141918632593872e-143,1.2136638615387919e-222,7.960926770700999e-22,1.1249058877863151e-58,1.0,1.0,1.4420773009973541e-55,1.0916341998182039e-127,1.1504511989456093e-65,2.2163543992125418e-13,8.036418899909037e-23,9.992261312364996e-45,4.870579330938761e-08,3.104601203922191e-27,0.00308311662696444,1.0589104852541666e-59,1.9673557131565742e-107,2.5434196205980677e-93,4.703255862869261e-26,7.712052285046355e-37,2.5706595188327374e-31,2.5076376124630857e-30,0.0025857705963033507,1.220934674783981e-59,1.1741947139577214e-10,2.4082013175754394e-25,1.124410613221325e-23,1.925012548403532e-150,8.099387885343154e-96,5.854041777898545e-21,1.1308231192772692e-72,2.267871107531529e-34,5.386292907886866e-83,1.4948088861268967e-06,0.00013365419070324763,8.081263843486115e-195,1.8530869850655476e-57,4.456241572613194e-283,1.0,3.745543058326956e-38,0.07570887462147624,1.1764452939067786e-33,3.918346492304924e-11,1.4303591509170643e-64,1.3850032887954422e-28,1.2533094625054673e-44,3.4883236402926126e-11,9.246269776247044e-13,1.904238547372387e-29,1.018290179464518e-05,3.5935125966096832e-22,3.121419001391426e-09,2.8917530957543173e-44,3.421052086675442e-15,3.344833502709085e-55,6.787201309869237e-31,3.967546107673745e-122,1.3679210970934004e-30,2.462421727378286e-33,1.7292421512835987e-23,3.2860240141704075e-46,1.3636002307421227e-31,4.1156177404364356e-17,9.08474514544841e-162,3.7612676915985396e-19,1.2965688175432836e-45,1.0136726909417033e-21,2.0369761597141574e-35,6.342279918306013e-13,7.684478856995676e-13,1.0,2.886174205183507e-63,2.031208417091411e-29,5.047467856757405e-41,1.9797900601763764e-13,1.4991125492872895e-07,9.557933349997938e-07,8.001782233449266e-93,1.1332681107593477e-30,8.777664179910669e-29,1.8978840214463752e-06,0.14132252598260822,0.00016107832889741851,1.0,3.982809974901526e-163,5.0090863253509443e-05,0.00025780530677324694,1.0279051568449742e-113,9.875741489100379e-77,1.0,1.0462141994890174e-17,0.059183146232393825,0.06302654348936429,1.0,1.4361282898192622e-25,3.0165472662754376e-58,9.242861277465822e-134,5.291286303255624e-91,1.0,1.5431180771616689e-28,2.1526870070514196e-74,1.462445679375581e-166,1.0099473348974725e-19,2.477596498167036e-45,1.0,0.005339772333894655,1.0,1.768226265151128e-23,1.4840733204966493e-07,4.0242917892344677e-19,1.5378409738213332e-36,2.115958215143147e-25,3.790939160223899e-09,5.195103104223609e-45,3.069517909921375e-36,1.0,1.689955530571217e-29,7.971495035560819e-28,7.58442844420848e-41,1.7388473102266498e-09,0.004497035216206055,5.454977528461227e-26,1.2135350824683408e-28,1.2911877300100089e-67,9.024883023658591e-49,2.1690939095219266e-25,1.1281646633778394e-91,7.979632856473537e-73,1.0,2.663849234544252e-27,2.8722523544517403e-80,5.3911469204063836e-64,0.8399491643278583,2.2062262121731104e-41,1.3701743809418504e-13,1.0
25,1.8460370330780408e-127,5.783156537099046e-37,1.8183473923994533e-84,5.031924447034502e-201,6.1037082190810605e-28,7.16174541655784e-84,9.370249282523383e-13,3.325886347636086e-14,2.3460594454708223e-48,2.5028980980328843e-22,1.0,0.0,3.56825352680281e-230,8.346049979809634e-51,4.565903996028756e-12,1.3773588997115564e-97,1.1548271286159848e-47,5.320133277565497e-179,6.854206480522667e-33,4.96486648393586e-57,6.033473793411102e-17,1.4006821748604775e-46,0.002934473873526502,0.00021787947273265197,1.2079238322986092e-252,1.0,1.0816726447774322e-162,8.63171943086337e-93,1.0,4.576474882688885e-49,4.084532669940243e-18,5.758633091454925e-80,3.878086862280956e-20,2.791675832023574e-10,4.820852484914691e-186,1.4018759738071845e-64,1.0,1.2007208175933744e-46,2.2711400393606522e-105,1.7093085078163439e-62,1.1945955378562814e-17,8.25578984935547e-27,5.60762487900453e-137,6.267196792737512e-30,2.2406258381162162e-86,0.0,0.8439529642817108,6.774665789005468e-74,1.0,1.0,6.99033087601902e-32,2.479651124082426e-34,6.495298473308291e-40,1.1318209335626304e-25,8.267636904489009e-58,1.0,7.114943495502262e-55,1.8724969375347657e-46,1.0,1.0,1.6628423865414436e-21,1.626035776791896e-11,2.7194481656522652e-27,1.0,1.4114943452406218e-12,1.4761205569459199e-61,1.4306162496331785e-37,1.0,5.6228367913017496e-170,3.8650362765163855e-95,1.5650562834944844e-10,8.082172560214989e-43,1.0,2.1571451044247312e-07,2.148543368916276e-86,0.00018327191050114097,1.0,1.2273670214552089e-06,1.2205386948608701e-54,6.184478370494066e-60,1.0,5.603375532688056e-09,1.283974640489487e-60,2.4350349521694458e-253,2.7296444720323858e-05,6.10989151156571e-60,1.634215806364801e-20,7.690337485316535e-35,4.128156979794907e-77,4.779304310822277e-18,7.193829972922696e-08,5.638061471350678e-22,6.612250210178753e-129,5.28323387747657e-32,4.721725478138124e-86,4.0631449306957644e-61,7.278058505405147e-10,1.376460132711561e-103,1.4152359336431315e-33,1.0,0.0007272537882972555,1.150957944635881e-64,1.8181488920253907e-33,7.401157601048261e-23,1.0,1.0546051982539057e-40,7.346934936043376e-40,3.8410668917053185e-37,0.057709526789634175,8.663128899239168e-36,2.414297929258071e-95,5.625403530815951e-38,3.715643882775327e-102,1.3273948297332005e-17,1.0,1.0907761840121797e-15,3.464118863054444e-30,4.604273852437796e-05,5.523663408116839e-141,5.274836797545256e-140,3.8022772814505135e-05,1.0,0.12983891607032028,6.789649161883209e-37,1.9449099835425367e-24,1.9781887316443156e-08,2.734816511858976e-179,2.104070841511082e-19,3.3768245214272743e-56,0.05849101471812912,1.0,1.0,2.912430275498893e-18,1.594144310861408e-10,4.356247713719717e-14,1.381086617378887e-14,1.315380871945136e-150,1.0,8.634850016129116e-35,5.4640583362278635e-17,2.3371276468201995e-18,0.0004145417563208331,1.0,1.2249658901117245e-19,1.0,2.269733357616016e-09,1.0,1.668748837036575e-38,1.0329266613906405e-42,1.302221893152826e-19,1.0,1.0307416081375936e-55,3.015501906223449e-96,0.00020893285047003866,1.0079834291385381e-44,2.0595687297659136e-06,1.6864414158240373e-25,1.0,3.013259169795603e-08,0.595219884434752,1.6820352612011597e-23,3.0103713964914644e-21,4.6346601936144714e-07,8.111490631666182e-32,1.5191948936825666e-11,2.0387001799040645e-25,1.0,2.836962411280749e-17,1.0,1.6917694150668895e-05,0.002307711082086562,2.1316669680849712e-05,0.0005044374129874649,1.2550406520644675e-08,1.0,0.001115055169176932,7.062111409464632e-13,1.079783652707957e-16,3.737932454269377e-11,1.0,8.103411879157537e-09,0.2013944716116212,7.738297776387794e-16,7.936516705317257e-16,3.908186101173596e-68,1.0,0.0016442321530425097,1.0,3.366724761797282e-14,3.0116899733729564e-21,2.9924056462165297e-22,1.0,0.029967948272102505,0.008175982281363467,7.150455371080583e-22,4.0991207944121877e-100,4.19813366798148e-25,1.702482060199707e-68,2.6509376737014988e-21,6.586430666842534e-24,5.7240067503917995e-25,3.2514928490871815e-05,1.0,1.934118943911647e-45,1.7252902915381274e-08,2.1477822080774918e-29,3.558061503933976e-29,2.4716270099467437e-46,0.0017731289352355608,1.0,5.7297857103436665e-12,1.0,2.858030029232815e-91,0.06718498264558496,1.0,1.0214098681567608e-24,2.4560766668466204e-06,1.0,5.463437054259195e-77,9.000424461124873e-25,4.878893344274572e-53,0.0019487254473918051,1.6197662762400646e-16,1.3198997194024217e-05,1.0,0.05220567765907147,1.3166197929601345e-13,1.0,1.0,4.3965090598069955e-28,1.0,1.0,1.0,1.7962416982196573e-11,3.307412968954673e-92,1.0,1.0,1.0,1.0,1.0,0.0002689780167766779,1.0,3.0771719387710807e-38,1.0,0.08793648486979928,1.0,1.0161697517529457e-21,1.0,5.323604419673278e-05,1.102206837503204e-28
26,2.189042903189611e-27,6.731532704334191e-94,1.1992923199154156e-43,1.0,0.0,2.52112806813119e-32,8.570936526242655e-122,0.0,1.872092059001188e-60,0.0,7.035532040031232e-237,6.063917779643682e-34,1.0,1.6948015178958578e-47,2.1485717623837356e-102,1.175036425274269e-13,3.6456219954894194e-45,1.0,5.865232809251418e-58,9.992267201815187e-33,1.0148816239918391e-79,1.3014967339494669e-35,3.00489183443763e-237,8.387806833474562e-104,1.5156227403329576e-05,1.0816726447774322e-162,1.0,5.471003389021289e-06,2.4745697387265753e-188,9.553706993510462e-24,1.5457106604800438e-56,3.325981748094278e-06,1.748427931032871e-49,2.3784276363668355e-67,1.0,9.253149524086877e-12,1.3107962435929e-97,0.0,1.0,2.653117808594184e-10,3.0776202270968414e-47,4.504167395051727e-35,1.0,1.2647412406499352e-31,0.1942914044806365,2.0789139102187208e-60,2.444872490494304e-174,0.0008698827625327291,4.4784374564176755e-138,1.6477934033401303e-92,3.022053819712223e-26,9.058758139115899e-24,0.0,2.8218235096559953e-31,1.9947990246659562e-08,2.652726352712159e-100,2.8488479407287483e-09,7.650017779476862e-12,9.694500765918205e-153,3.582293424423047e-156,3.4378654174160507e-31,5.1017150243741123e-45,4.8800525005528826e-24,2.3033459327447763e-87,5.830616458021835e-42,0.0023207039908766324,1.468629115857948e-14,8.415875119888527e-141,0.0003982423344679339,1.0,3.2919208477694054e-42,2.8483045119675e-10,8.200509133628697e-90,1.4897544101612113e-47,1.0,8.684525210467204e-165,6.242764439045693e-93,5.4886111798328124e-46,0.004591645060692583,0.1928838324333855,4.706960196362166e-129,2.3092299327609525e-39,1.0,3.971500826911784e-34,3.826151963397776e-46,1.0,1.850062217164529e-21,5.989101853917335e-10,1.0,1.2116062828096475e-22,1.0470421561842643e-35,4.4234711349185314e-17,0.4869222664303989,1.2343208778992101e-09,1.0,1.0,2.6743210418216764e-30,1.0,1.534910687406255e-07,2.4103943949429086e-72,4.24799509267416e-40,1.2837936105857655e-293,1.353997164143296e-06,5.968553990687166e-13,3.312474964453635e-47,0.006261782747560746,0.0038435195189076496,0.00044968686003771035,6.353058969127728e-42,0.00021790924983593082,1.0,0.0038346054355514986,1.0,1.2739830659092404e-15,9.222175477652936e-98,3.0262686033707134e-165,6.328382575813356e-06,2.4123084646202826e-31,1.7516163543446133e-08,1.8683625079594277e-08,1.8990972179107112e-29,1.5535500957569776e-86,3.737425618584153e-37,0.1924030261129061,4.952319575220578e-07,5.617298703639638e-22,8.830559953043553e-24,5.621899792804803e-10,1.0,2.588852481690319e-33,1.821820796463102e-71,4.221141548156125e-60,1.6417281456108377e-09,6.83779701239817e-17,4.694839296288263e-13,2.0333435071186153e-12,1.030072426173345e-15,6.132803098857141e-34,1.0,2.5655086177320286e-09,3.113341456272224e-08,3.01784544784378e-108,6.460161867850564e-63,1.2115424842065036e-06,1.0971393443538231e-44,9.662151363780367e-16,4.341560077897895e-53,1.0,1.0,4.065346749437642e-148,1.8088678634729376e-33,3.3709052631690254e-226,0.00886120056575355,2.716141815897693e-19,1.0,4.693260457333675e-16,0.31880161173043736,6.426216373954468e-40,1.1168978314928906e-12,1.5065277235880203e-24,0.21213768860388188,0.02423824648319965,1.909796391661337e-13,1.0,1.9196416917517536e-08,1.0,1.6006218553960434e-24,0.0005962949470310593,4.2718822836519065e-33,1.108415264663842e-14,2.4485858661545492e-88,1.5715975342374484e-14,1.5199857113322286e-16,1.0578421407700344e-09,1.307593560309696e-26,1.2985498906599541e-15,1.696172811670156e-05,1.6657124110396502e-123,7.505396600323403e-07,2.896067648792888e-26,1.135689787336274e-08,1.0528077766592274e-18,0.005930602729297124,0.0065195895993662096,1.0,1.183692521339339e-40,2.2656088826084313e-14,3.4862744781910807e-23,0.0021469708723534093,1.0,1.0,1.7934850279641147e-65,1.5944597445946668e-15,3.316507982655255e-14,1.0,3.8567028954952124e-10,1.0,1.0,1.2977703466084429e-126,1.0,1.0,9.512901907734422e-84,1.91187046707317e-52,1.0,1.7230348470531547e-06,1.0,1.0,1.0,4.255420443076193e-12,1.7331509509168996e-37,1.8043262481205148e-101,1.0250985177218862e-64,4.992369557227461e-08,2.3389506261737292e-14,6.857772131738586e-51,1.5416553939924166e-130,5.0688083605873774e-08,2.2873859858014388e-27,0.000737308917473711,1.0,1.0,7.119626240899776e-11,1.0,7.906729806536231e-08,8.197595907592642e-21,1.9587579326488192e-12,0.2799554249399126,1.3161200348502946e-27,9.962421864241823e-21,1.0,1.0805305486617215e-15,1.7091258699915942e-14,1.3213549024456599e-24,0.1135400561965319,1.594236271396008e-11,3.03586742991328e-13,2.20094599905818e-15,5.144499722303225e-47,1.745146097370481e-31,4.694841980884199e-13,7.373084770307987e-68,8.134533804461908e-52,1.0,8.76699791502614e-15,2.224301475708875e-58,1.3254176479278088e-44,1.0,6.118515717008935e-26,8.418269848450345e-05,1.0
27,1.0,2.749185346371515e-33,3.353409644330643e-06,0.22347657020294023,5.939001789534105e-287,0.015612611752868318,2.3743685845299105e-54,2.582603461491808e-233,2.0431049062006074e-16,6.703681122915805e-260,6.136620604046713e-139,2.4403584288478025e-86,8.746045022677204e-12,8.83829450244414e-11,8.852197996853856e-45,1.0,3.2211148272389755e-10,0.0002149084086745318,8.699698451929021e-18,0.00014998309252507502,1.0472401940848287e-31,1.3777863592213722e-06,1.167984975461325e-149,2.381083113363069e-49,3.3187677001475395e-32,8.63171943086337e-93,5.471003389021289e-06,1.0,7.254052548411404e-114,0.04880382721781568,3.428870779174379e-20,1.0,2.0244297528862046e-16,8.912229039854398e-28,5.657019059300591e-17,1.0,2.0607609723024846e-49,6.448140815967802e-247,1.0,1.0,6.392099939491698e-16,8.599719181957284e-09,2.0072633103079236e-05,6.498601612764109e-07,1.0,2.278209819394551e-109,3.388696923894252e-109,1.0,1.970796740037793e-81,2.490990732043769e-47,0.00016343436619542572,0.0026558243162820927,3.425974607868205e-219,2.4147938482934685e-07,1.0,6.657500778276617e-54,1.0,1.0,3.385238187647103e-95,6.490136661184415e-98,6.283222316467503e-08,2.2723928920374175e-16,0.00037257597490604515,7.856198886471616e-46,1.265544970252369e-14,1.0,1.0,2.2610976691020536e-87,3.9893492220473536e-23,1.0,2.8231994069406234e-15,1.0,9.824691095856435e-49,7.338314959811288e-19,1.0,2.729284443409017e-107,1.5399193945616905e-51,2.4702047252564985e-18,1.0,1.0,3.3260181821255305e-80,2.5431996915314222e-14,1.0,3.844983024657338e-67,6.712269658363441e-19,1.0,0.0006197163183713062,1.0,1.0,9.062855038953778e-05,7.570113287206279e-13,0.05430033580819893,5.3880847359182764e-15,1.0,0.05745250119509403,1.0,9.916972236543768e-10,3.700135874466265e-07,1.0,2.6543466254321966e-39,2.3049014754360645e-16,2.7797909518207625e-223,1.0,1.0,1.4108241931955153e-21,1.0,1.0,1.0,4.074943911416899e-18,1.0,1.1855006341313914e-06,1.0,4.684527163486099e-09,0.06655649948358534,2.0469013136948122e-60,9.923726607552896e-116,1.0,1.582636313421334e-11,4.0472148774197287e-26,5.513204127876114e-26,1.4659539464864826e-10,1.4316001207951349e-52,8.653070927644237e-16,1.0,1.0,3.917593402271335e-06,1.7280660355668205e-47,1.0,1.0,1.2148292263142602e-13,5.366216311413215e-42,2.4357807124153567e-33,1.0,0.00199611102975792,0.2793944338602189,0.581992989613791,1.7954053597991798e-35,1.5573645847656776e-14,1.0,1.0,1.0,3.4306360875349707e-72,4.252058540923675e-36,1.0,1.2364566856009484e-22,0.004162374956618931,5.095563192885209e-29,1.0,1.0,5.114956181215077e-107,4.6661653891535734e-15,5.857432546963715e-175,1.6229919016639263e-14,8.726064037813456e-06,1.0,0.0008574875650556211,1.0,2.3655069643152116e-20,0.06227407813592231,1.5995031897663633e-09,1.0,1.0,0.017864264769419935,1.0,1.0,1.0,1.1202995565138877e-09,1.0,8.580966665408856e-16,0.0024351284832563993,3.2434533615902635e-59,0.0027334048262718895,0.0001491023585131542,1.0,1.5213269041021598e-11,0.00034569193952580933,1.0,1.3812244024070788e-89,1.0,2.198894912013431e-11,1.0,2.3375704863791063e-06,1.0,1.0,9.076048683900846e-08,2.9558826212465216e-22,0.0012472694027212629,1.4768142122882257e-09,1.0,1.0,1.0,3.998196491192468e-42,0.00016256448618065313,0.001013398124679517,1.0,1.452986694385426e-23,1.0,5.483959230906049e-09,6.601060549840955e-94,1.0,1.0,1.3883791485195274e-57,5.06336810709276e-32,0.569534607740786,1.0,1.0,1.0,0.24144866361627498,0.014950320611841648,1.534481793215709e-20,7.6156010968539e-73,3.765429246529893e-42,3.142114796883823e-20,0.0004894992213238918,4.222568333699128e-31,4.387442802127377e-98,1.0,3.8321103278979457e-13,6.723416512826499e-14,1.0,0.000272211187155894,0.0555162290938173,1.0,1.0,1.1200126750695307e-08,0.00461662996301502,1.0,1.0828458235504407e-13,1.0044260562874686e-08,1.0,2.4479569250696735e-05,0.00014086808911886235,1.034430267266671e-11,1.0,4.3699872956528384e-24,0.0007760107340805234,2.2923956892295863e-05,1.8630607088277453e-29,2.852725803975509e-17,0.0006881702298815867,6.583633066295941e-47,1.0913899203516863e-33,0.3633414861080624,2.9680834446931075e-05,2.808578476945105e-39,4.9553829550194675e-28,1.0,2.1484846632585597e-13,1.0,1.0
28,4.77291535275933e-156,1.1330462130316111e-55,5.494073734795649e-109,5.047708683970322e-232,4.407967565411687e-12,2.817538465564891e-107,2.8201968327344037e-25,0.0018229404191628408,1.0998714989171316e-67,1.1563705521097401e-08,1.0,0.0,3.7439574429050738e-261,1.0908162552287425e-69,1.4515109885603243e-23,9.423740376007654e-121,1.0501787416214335e-65,5.662150438611636e-207,1.7952103476210738e-48,7.541059682960766e-76,3.422328754096541e-29,1.4413423692274226e-63,1.0,1.5799497492594643e-12,3.384498599994037e-282,1.0,2.4745697387265753e-188,7.254052548411404e-114,1.0,2.3369760036356158e-65,1.7389394017387775e-29,4.066871625449043e-99,1.1087813820238638e-31,1.4830744880670348e-19,1.11018913414025e-211,3.490909798776778e-82,4.007463353586271e-05,2.808598974700821e-30,4.814107390740063e-126,1.7672757202387465e-79,2.6728961443840604e-28,3.894221956608267e-39,1.843331982988704e-159,9.52233303731181e-43,2.6207970231478556e-105,0.0,1.0,1.689992854910257e-91,1.0,0.0009352239637771039,1.1472051863090208e-44,1.9457800671666771e-47,1.3268041322644079e-25,2.2103788302150352e-37,1.3184997992799185e-73,1.0,2.8041307864939687e-70,1.1991890279811268e-60,1.0,1.0,4.2491619476932994e-32,4.7511772000572654e-20,9.706950744926284e-39,0.15806705639589497,2.7908329260109613e-21,6.072397045896853e-77,2.6550782316912303e-50,1.0,2.27923022740223e-192,3.816061948047618e-113,1.4639131668752522e-18,5.032717074401709e-56,1.0,1.4077151041206129e-14,1.2818132245342284e-103,1.0,1.0,1.8936623802680187e-13,1.0572535289754285e-68,1.6573029620147047e-74,1.0,2.7084304285644584e-16,4.374818857237868e-75,4.73957747879294e-278,1.4308292336028305e-11,3.5041556767321057e-74,5.7651134458093334e-30,2.6144943149263084e-46,1.0372893814487876e-92,6.058889917004061e-27,1.4269299203495713e-14,2.3455098041919608e-31,1.6154316624861974e-147,8.44870050697024e-43,7.17952796235799e-102,6.843936133369456e-75,6.576899638607397e-17,1.763365001244658e-120,2.2375969267410943e-44,1.0,2.9423355409258885e-09,1.8938426217171045e-49,4.4422494563052746e-44,5.617424193805475e-32,7.007286593411745e-05,4.625553615116115e-52,4.2373844555232403e-51,4.9054973035852933e-48,1.3328968895101593e-06,1.81215634879223e-46,4.817183516438313e-111,7.800614768915891e-49,3.078955493854421e-118,1.0949740908943276e-25,1.0,1.1064566732087101e-08,5.77583807030549e-40,1.7891269085211361e-10,8.138844579797653e-159,1.006979746922593e-157,1.7708803981626903e-10,1.0,7.061479882573607e-06,4.1017051858541e-47,4.181905031705372e-33,2.0810966485676802e-14,2.4701789879637262e-198,2.763210655993007e-27,3.9831456973522375e-68,3.3225835418649202e-06,1.0,1.0,8.519410569576782e-26,9.718043329492914e-17,6.0324177502897955e-21,1.641641146196033e-21,6.161759001675951e-168,0.0002118411066285026,2.7213019499594166e-44,3.565906863866024e-24,9.622360881532596e-26,1.0,1.0,4.161920924251477e-27,1.0,3.8971082260819806e-15,1.0,4.196573231439675e-48,1.0321124551543705e-52,9.399433890985405e-13,0.03181512884238715,4.3606447219016154e-44,7.054612098271562e-110,7.902864542442356e-09,1.6485907048029102e-54,2.8117636937479465e-11,2.7835932268853773e-33,1.0,2.1450255028581292e-13,0.0002484618891152456,6.883608644185859e-31,2.4435338810518875e-28,6.495349673905965e-12,4.2895703899391055e-40,3.4512676747059757e-17,5.803615213965913e-33,0.0009643427353164542,9.725979932924517e-24,1.0,5.902891569084346e-10,1.0,8.249076013626013e-10,4.030181056354976e-08,1.3538327058394352e-13,0.16019897525742563,1.3685642346811026e-07,1.7179309175080219e-18,6.300594277354623e-11,1.6978622831540532e-16,0.19298036682659073,9.928459056781158e-14,0.00010911683122969592,8.765331265240579e-22,9.198951752057046e-22,9.186201080538483e-79,1.0,2.8356155173896784e-07,0.07964862920918729,8.005636282333688e-20,9.139433250629554e-28,7.248928781785023e-29,1.0,1.2189176690609534e-05,2.546163925895206e-06,2.245961713509316e-28,2.832658999105958e-112,5.886276447776841e-32,7.6714057180194e-79,3.766279007423619e-15,1.3078477616882058e-30,9.139550943095683e-32,0.08043957655382589,1.0,4.641762879640282e-54,4.626619097856041e-13,1.361489735411437e-36,2.497376999953992e-36,5.532484741856806e-55,4.636743668584454e-07,1.0,2.5156472578066156e-07,1.0,9.9305911299977e-103,4.388589986728802e-05,1.0,2.8876941565441845e-18,1.850075305349021e-10,1.0,1.5470532253819937e-87,2.5418543511005943e-31,6.017298871631343e-62,6.558593343137453e-07,4.528706504316067e-22,1.7167651755607565e-09,1.0,4.187840880324626e-05,1.04896626715156e-18,1.0,1.0,9.100197840921552e-35,0.019115195100188893,0.005930319822295247,1.0,3.970328330224708e-16,5.54339247401064e-103,0.002417859654328631,0.09805109905625424,1.0,1.0,0.010937241141038124,0.19325199960752293,1.0,2.451752523853399e-45,0.5220108117397065,1.0,1.0,2.6151062186156617e-27,1.0,2.1814554723096275e-08,6.825503572906435e-35
29,1.0,9.322566521798662e-06,1.0,1.550773405660684e-19,9.92342097152857e-183,1.0,1.6102963640442526e-18,3.022375583386715e-144,1.0,1.2090862607533158e-164,1.773554179547677e-75,1.065993032579108e-132,3.333598545221512e-36,1.0,1.3822448138149223e-14,1.0,1.0,9.458864770499128e-23,0.7937428727972079,1.0,5.412981707899099e-08,1.0,1.8815568969397303e-90,3.1639542601173955e-19,1.72320800368947e-61,4.576474882688885e-49,9.553706993510462e-24,0.04880382721781568,2.3369760036356158e-65,1.0,0.0032234186631395273,0.8307967875317042,0.1506674830202085,1.113189794071399e-07,5.897812110738153e-39,1.0,1.0499596506417355e-21,1.4657019438713106e-174,8.05757050157691e-09,1.0,0.12030855802638107,1.0,5.545120719811078e-21,1.0,0.0006251639741053066,3.104729975078097e-150,4.392027066035243e-66,0.2786596752732381,1.583918561636789e-45,3.332022722091969e-21,1.0,1.0,3.987220683455827e-155,1.0,1.0,2.978236682071442e-26,1.0,1.0,1.9277447512425196e-57,1.5691013029204537e-59,1.0,0.011960495227266964,1.0,1.8158768253081515e-21,0.08616971853320425,1.0,1.0,1.6349495055963918e-52,3.5338492637982577e-44,5.3094484206500494e-11,0.02355425909003185,1.0,3.733296507965714e-24,0.00019393045254536333,2.9743952182141518e-08,1.4962615089273238e-68,1.8919916784686516e-26,0.00022816472082052373,1.0,0.4442464611663849,2.0800101689512524e-48,0.032959765894018216,0.1392384159858571,1.001525620131264e-96,6.323375488141146e-05,0.10189537600549786,1.0,1.0,1.8850145181624475e-07,1.0,0.0894610233800623,1.0,2.2771362581504288e-31,1.0,3.453306544169273e-12,0.0028064512064423686,1.0,3.867313568146608e-20,1.0,1.4970517464671442e-19,0.0003972456134649096,1.445725721978245e-170,1.0,1.0,1.3513627273878238e-07,1.0,1.0,1.0,1.7932379423116275e-05,1.0,9.476222581305939e-19,1.0,3.791458536048448e-22,1.0,2.2622388312479915e-36,3.8335894740417106e-81,1.0,0.10494456702137173,3.7881932009197355e-44,6.678895262106953e-44,0.28603870753272365,5.916282644334178e-31,0.00017640062277155658,1.0,1.0,1.0,2.1797360469401528e-69,1.0,5.9029871290401474e-05,0.0022836786018544,1.2935554977770825e-23,3.670052398099658e-17,1.0,1.0,1.0,1.0,2.0033534621356137e-54,0.0003611925127531155,1.0,1.0,1.0,5.4270030793708934e-48,1.364587409491765e-19,1.0,6.829855870307524e-10,1.0,1.4224827348105492e-14,1.0,0.06878228778212872,4.837964166010005e-78,5.856915255884032e-05,5.416648122951469e-137,2.724043741991833e-27,1.0,0.0016323312203275115,1.0,1.0,5.62042358394747e-09,1.0,0.1053102989559679,1.0,1.0,1.0,1.0,1.0,1.0,0.0689377181405928,1.0,5.247731785734979e-06,1.0,1.0084738746450882e-39,1.0,1.0,1.0,0.0025454325348316337,1.0,1.0,8.459713354712848e-66,1.0,0.002939096248494695,1.0,1.0,1.0,1.0,4.669635878974618e-17,3.627630313202323e-11,1.0,0.03188976671608362,1.0,1.0,1.0,6.987388928337717e-27,1.0,1.0,1.0,1.2294542281338582e-36,1.0,2.327914347989561e-18,1.005720679238306e-70,1.0,1.0,7.08852329814913e-40,4.790614618461831e-19,4.3233472243715115e-07,1.0,1.0,1.0,1.2801261284359001e-07,1.0,2.6394374019889623e-10,5.502798027677435e-53,2.4782975305542127e-27,2.6961072831323603e-32,1.0,1.6028505845976712e-18,6.308484119522489e-75,1.0,5.316709579933474e-05,2.527241615963793e-24,1.0,1.2396360035174907e-11,1.0,1.0,1.0,0.047312732819125194,1.0,1.0,1.3194539245900563e-05,0.038534687072180385,0.5900693773795811,1.0,1.0,0.0002548224738616978,1.0,4.6612465825736985e-36,1.0,1.0,3.71720272990196e-18,1.2066894505175018e-08,1.0,9.60712367327295e-33,8.213304911348795e-22,1.5269533143907145e-06,1.0,1.5047777489410198e-26,2.3873383216801316e-17,1.0,6.059990659767065e-06,1.0,0.018032085873850086
30,3.2369522169322606e-19,1.0,1.8143074528918497e-06,6.2536074422152604e-58,1.507567132506107e-107,1.3795291812931436e-08,1.0,8.367320678118417e-80,1.0,2.822904712444138e-95,1.648428468659014e-31,1.2701782169015487e-207,1.348899537897574e-80,1.0,1.0,1.7432658465520105e-17,1.0,3.431819376631257e-58,1.0,0.003200292283080089,1.0,0.6322023761416616,4.216019027802734e-46,0.3566539891479204,3.0382108230826943e-109,4.084532669940243e-18,1.5457106604800438e-56,3.428870779174379e-20,1.7389394017387775e-29,0.0032234186631395273,1.0,1.6049179979266923e-16,1.0,1.0,8.874483888534801e-76,6.211031549915591e-10,0.0015287361987652505,4.579031683560041e-116,1.1440056624607974e-30,6.092643307330411e-10,1.0,1.0,3.6051172116541225e-49,1.0,1.0413483892971648e-21,5.041556801104307e-212,1.0078976810885684e-32,2.8969441139638727e-16,1.1172377127026439e-18,0.0009552534892617763,1.0,1.0,1.4286247609185028e-102,1.0,1.8847949004961396e-09,7.132686793402809e-07,2.3500195351287236e-08,2.2076814744288766e-05,6.191049671611158e-28,1.967999471323718e-29,1.0,1.0,1.0,0.0001342042266744986,1.0,5.807894445583732e-13,0.01347577416314225,3.747530405346936e-25,1.722376757042025e-77,2.9887497626929864e-31,1.0,6.056189900719355e-05,1.5366908403053366e-06,1.0,1.0092405319583421e-26,3.063874099067509e-37,4.128873816771808e-08,1.0,4.013443143662891e-11,9.600691178471885e-14,3.375015965740355e-23,1.0,1.6821185371748154e-14,2.0120967669060743e-140,1.0,1.4853509643962427e-14,1.0,0.004626507553930874,3.714418314231356e-24,1.0,1.0,1.0,1.816769913826281e-57,0.0188774291492147,9.734413854187858e-31,1.2751701498633254e-16,1.0,6.488184342633644e-42,0.0020191006357554143,4.5205526596753655e-05,1.0,2.3641700568704317e-124,0.0010984752453311504,1.0,1.0,3.8857798313382643e-07,8.620306390205249e-07,1.3285005377293397e-05,1.0,4.256550621687805e-05,6.487836053221421e-39,3.007627305969601e-06,1.7903642729924733e-43,1.0,6.256940735347462e-17,2.76915620603778e-51,0.004890031699620533,1.0,2.969179853219973e-71,7.99399736129748e-71,1.0,1.4285697514477494e-13,1.0,8.760447578719561e-07,0.29876928616155524,1.0,4.634755791177302e-101,1.0,1.5405271111073214e-17,1.0,4.736760713244027e-09,7.678771645010521e-05,1.0,1.0,1.0,1.0,4.639428537007721e-82,1.0,9.47150253621904e-07,1.0,1.0,3.042993172707411e-27,1.1516429198744246e-06,1.0,0.9242092514891733,1.0,0.0013257075836818478,2.5634511147217306e-09,1.1926073944269751e-11,4.120190448759229e-52,1.0,3.0206540757027192e-102,1.0518211919065708e-46,1.0,8.944568326614791e-14,1.0,0.0017204359693538838,1.0,1.0,1.0,0.00800140369259296,0.08304058965917623,1.0,3.889314138700958e-07,1.0,0.0006942003817346058,1.0,1.0,1.0,1.0,1.0745160272531454e-22,1.0,1.0,1.0,1.0,1.0,1.0,3.7031602535666625e-44,1.0,1.0,1.0,1.0,1.0,1.0,2.045175927354838e-31,0.015880710313278125,1.0,1.0,1.0,0.007526496672979319,0.0021608410388884963,9.536393231718472e-14,1.0,1.0,0.0024674648349816714,2.2605194864408347e-55,4.774026189094647e-05,1.2913662522720267e-32,2.707675320232769e-49,0.0001876133605160891,4.60810176735947e-05,4.8646582039360325e-24,3.604936848773258e-08,2.089229990998017e-17,1.0,1.2156517247585764e-07,1.441759495001799e-07,4.324105761424706e-18,1.0,0.029094676752516337,7.76583366525897e-35,1.9856207131978494e-14,1.1374398186611743e-49,1.0,6.005684776415308e-08,2.4158292410208635e-53,1.0,1.0,1.2036480902304673e-39,1.949285468972318e-05,3.3538409977344533e-23,1.0,0.30050288567896494,1.0,1.0,1.0,1.0,1.0,1.0,9.133578707855905e-08,1.0,1.0,1.0,1.0,6.469918155498882e-53,1.0,1.0,2.0321495132322004e-08,0.09502626021084729,1.0,7.148376674522579e-20,2.3995360292108576e-11,2.7507120555190875e-15,1.0,4.055010561870147e-15,4.3252591932099886e-08,4.1086596793045774e-05,1.0,1.0,2.148346602686694e-09
31,1.0,1.212666549127696e-25,0.001207919820729542,0.11073358021685431,3.5475078917484445e-241,0.7201287398573206,5.301850601617885e-44,6.85135917327191e-197,3.1547950007948533e-12,8.061404586640724e-220,1.7347242688054705e-116,5.479405258766819e-79,1.6817496771540666e-11,9.238215951042634e-08,9.725477264952312e-37,1.0,2.1666104883784327e-07,0.00012700942120300886,7.253438858308778e-14,0.009993334634903405,6.571637141387613e-26,0.00016276762356310935,6.562567197949104e-130,1.3585091417273274e-41,7.415552625615128e-31,5.758633091454925e-80,3.325981748094278e-06,1.0,4.066871625449043e-99,0.8307967875317042,1.6049179979266923e-16,1.0,2.5963809195985307e-13,2.5353123300481987e-23,9.150767611629613e-17,1.0,9.774273837417208e-43,4.901223157435704e-221,1.0,1.0,5.136837980294266e-13,9.496887094284125e-07,1.0377620847868032e-05,4.128259114984789e-05,1.0,7.922922428509303e-104,5.042486156836951e-97,1.0,4.773014902309077e-72,3.037451222135815e-41,0.004492499890312451,0.05010179634077685,1.0624244457783491e-197,1.4392582915993502e-05,1.0,2.18020327358066e-47,1.0,1.0,3.025285631363305e-85,9.958107080262046e-88,3.6181146944586957e-06,1.0336749056006687e-13,0.007462067325836787,2.117991249007814e-40,3.5580261148808113e-12,1.0,1.0,1.5015534751086924e-78,6.501363777749116e-23,0.6597784494276273,7.74137895331573e-13,1.0,2.69812074034409e-43,4.2845218365081474e-16,1.0,4.4054134767109796e-97,5.682434535902332e-46,1.0638178932837925e-15,1.0,1.0,1.5422565946779425e-72,4.1642011437345384e-12,1.0,2.7444221857016064e-65,2.738000139077146e-16,1.0,0.008639139254244378,1.0,1.0,0.0014729603561502535,6.771848808417542e-11,0.4252556450760572,3.629966554796453e-15,1.0,0.02529748996657599,1.0,4.249863718624441e-08,1.7486779146294886e-07,1.0,2.237362382814275e-35,3.305563734414757e-14,1.2438050378507714e-207,1.0,1.0,4.603990767836155e-19,1.0,1.0,1.0,6.709777017884765e-16,1.0,5.419553295573861e-07,1.0,2.269150969507684e-09,0.43552261031483436,2.2444651518668127e-55,2.462206326711278e-107,1.0,6.761901092224107e-10,3.997591194387616e-26,5.338053724500241e-26,4.84351562518288e-09,3.029045450971338e-48,6.880960701186752e-14,1.0,1.0,5.295504682153513e-05,5.145552621295443e-47,1.0,1.0,5.795740995836796e-12,1.4897528854776741e-38,1.989970694075725e-30,1.0,0.014814783820324848,1.0,1.0,2.3307997777565489e-35,7.381068986279704e-13,1.0,1.0,1.0,3.196247085181763e-67,3.9360297396512545e-33,1.0,1.6616788719575617e-20,0.026711792021810465,1.5584757991591852e-26,1.0,1.0,1.1650586415926487e-100,1.8202776037642207e-13,1.4799692271582625e-165,8.07435858033323e-15,7.821992180010179e-05,1.0,0.005510630260083434,1.0,1.527542520465028e-18,0.2804824662023406,2.3371430999096967e-08,1.0,1.0,0.08656948674663344,1.0,1.0,1.0,1.593837718091856e-08,1.0,2.6934580850211796e-14,0.013245211361964998,1.302090915224852e-55,0.014600693571555886,0.0009690727132068584,1.0,2.4680350118130733e-10,0.002012963817150772,1.0,7.312684022297306e-85,1.0,3.412015986878711e-10,1.0,1.7856353159509618e-05,1.0,1.0,4.0403755533032315e-08,1.518238671004476e-20,0.006333350215683685,1.6548319546728655e-08,1.0,1.0,1.0,1.4363143241319392e-39,0.0009050058363165358,0.004980784032218059,1.0,7.717869794756179e-24,1.0,2.4424477969960193e-09,2.1729690914498072e-89,1.0,1.0,1.7889725606975097e-54,5.881335741548783e-30,0.288599536523419,1.0,1.0,1.0,0.12081246737406083,0.05988935750354802,5.21129700110568e-19,3.246752185269128e-69,1.051353147968224e-39,1.5415468872867082e-20,0.0023886348908937847,4.000158462524146e-29,1.3665982677562518e-93,1.0,5.5574378946713184e-12,3.044992168736018e-14,1.0,0.00012718254972696273,0.19647406704577042,1.0,1.0,9.147907251318267e-08,0.01857957691382033,1.0,1.4978100501218002e-12,8.02054150060481e-08,1.0,0.0001279267315055431,0.000663263004923794,1.0880226701319348e-10,1.0,2.157005854030154e-24,0.0032641200129191355,0.00011353458504287824,9.144576711408727e-28,4.654107770379395e-16,0.0027972968838061896,1.187438867910605e-44,6.780206366762049e-32,0.19229936422067065,0.0001351800989625427,2.540357461760208e-37,1.8156588977893043e-26,1.0,2.208876485276936e-12,1.0,1.0
32,2.441969863823206e-14,1.0,0.0009727848558828883,6.93263668817751e-49,9.935115936704885e-109,1.1545047960406216e-05,1.0,1.1693408020907284e-81,1.0,7.66670469026055e-97,8.350926716066774e-34,1.3621586527573688e-186,4.5996217447193893e-70,1.0,1.0,1.2581629813409044e-13,1.0,2.871942479633759e-50,1.0,0.2202074724339815,1.0,1.0,2.097635720479018e-48,0.02097129659999322,4.606765242217837e-98,3.878086862280956e-20,1.748427931032871e-49,2.0244297528862046e-16,1.1087813820238638e-31,0.1506674830202085,1.0,2.5963809195985307e-13,1.0,1.0,7.917809095854e-68,1.881208703138966e-07,7.254232420405246e-05,5.004174799379137e-118,2.7966261334368654e-26,1.586052813621398e-07,1.0,1.0,2.0828053238086202e-43,1.0,3.5638651130475e-18,1.4269527419010834e-196,7.04912614044806e-35,2.733601180330332e-13,1.406457209873521e-20,4.814263665846272e-05,1.0,1.0,9.86841400851072e-105,1.0,3.3286086778140303e-07,2.4897654749132483e-08,3.0685379028423937e-06,0.0012178190306764893,5.671730591304686e-30,1.7088195480070606e-31,1.0,1.0,1.0,6.859798322517227e-06,1.0,1.66425874139527e-10,0.30466014202267133,4.137032024773611e-27,1.1250853493308228e-70,2.280742119475416e-27,1.0,0.0025103921587637814,6.587368790537815e-08,1.0,3.320538647156795e-23,2.328888487187279e-39,1.5355877638270421e-09,1.0,5.981677397822568e-09,2.424306435101627e-11,4.559033888845001e-25,1.0,4.56252258490314e-12,6.036736985519776e-131,1.0,3.781515907162549e-12,1.0,0.09402844413285809,4.724626320423596e-21,1.0,1.0,1.0,1.7999303998864483e-52,0.3004558741461617,2.5790765642117636e-27,3.599617773369516e-14,1.0,7.44473904181362e-38,0.03912540614341468,2.9959099828198953e-06,1.0,1.2995527813417918e-126,0.021592108927730582,1.0,1.0,1.5900795153365698e-05,3.254431720910923e-05,0.0003849757424126082,1.0,0.0010845619546492988,3.1502582895812785e-35,9.568608361715868e-05,1.4764574514384952e-39,1.0,1.6604621657577547e-18,2.1578916751228953e-53,0.07293824905585829,1.0,3.914388821367712e-66,9.499768420342476e-66,1.0,5.146528837043691e-15,1.0,2.593047467044855e-05,1.0,1.0,6.395828079694912e-95,1.0,2.5300047098583336e-15,1.0,2.717268804818704e-10,6.827605950677918e-06,1.0,1.0,1.0,1.0,6.99033333786216e-77,1.0,2.3429709732914385e-05,1.0,1.0,6.145541177024475e-29,8.841577390521991e-08,1.0,0.15716520884960142,1.0,0.00014978037786581944,8.814611782882001e-08,5.879696535017983e-10,4.3050102362054867e-54,1.0,1.6888147789107134e-104,2.6598203605108375e-43,1.0,5.020146827737931e-12,1.0,0.018584361915590004,0.22135749494178628,1.0,1.0,0.07248355334440587,0.6102309947819078,1.0,7.369525864818956e-06,1.0,0.007512872510139069,1.0,1.0,1.0,1.0,3.573443303195995e-24,1.0,1.0,1.0,1.0,1.0,1.0,6.092878685021946e-46,1.0,1.0,1.0,1.0,1.0,1.0,5.059935515896292e-29,0.0026531451181533426,1.0,1.0,1.0,0.057046199840533635,0.017884717678355404,6.124313116275873e-15,1.0,1.0,0.019777232965238502,3.450474153790509e-52,0.0005031454156802876,2.9543158564378656e-30,4.4696921875668456e-51,0.0017882956673150663,0.0004796456361966995,1.881773942384169e-25,3.610210302706634e-09,1.0142862352001402e-15,1.0,1.8028431895402253e-06,2.09775393993368e-06,2.214589724070687e-16,1.0,0.0053965787715872186,2.038870071529466e-36,1.3085320814054912e-15,9.352427463226847e-47,1.0,6.339112740753015e-09,3.866547057059903e-55,1.0,1.0,4.111462176446487e-37,0.00019777642457315353,2.5319755092991257e-21,1.0,1.0,1.0,1.0,1.0,1.0,1.0,1.0,1.1810810453133914e-06,1.0,1.0,1.0,1.0,3.952530574119942e-50,1.0,1.0,2.4365907245464382e-09,0.021658314831933305,1.0,4.469073127097352e-21,2.4350124486070524e-12,6.677505032466274e-14,1.0,3.350055674105884e-16,5.6550722016580925e-09,0.0003144272980215581,1.0,1.0,2.7050052957569504e-08
33,1.8815616976906975e-28,1.0,4.820288610356703e-13,2.3899722663360574e-70,6.478704319199421e-82,2.4919089335063807e-15,1.0,5.088305023491817e-59,0.018067758358728755,3.9306627989213064e-72,1.3155013878412265e-19,8.382713800648435e-224,8.943049144109603e-94,0.00021681116182285085,1.0,2.616153395719133e-25,0.0005894113139480678,9.6933526853026e-70,1.0,3.9892086913112785e-08,1.0,5.710656755801188e-05,6.245354316544911e-33,1.0,1.2381356616730085e-122,2.791675832023574e-10,2.3784276363668355e-67,8.912229039854398e-28,1.4830744880670348e-19,1.113189794071399e-07,1.0,2.5353123300481987e-23,1.0,1.0,3.3459032552340682e-87,1.0896291982812749e-15,1.0,1.1258267070888463e-95,6.980705620062959e-39,1.4545395797055256e-15,1.0,1.0,8.903232184120534e-59,0.2245867188234246,7.008194052567525e-29,5.573077921213832e-227,3.7430654589376666e-23,1.138741487490751e-22,1.3096159039561287e-11,1.0,0.01506179316302358,0.0014252196539172972,1.377613603537179e-84,1.0,9.415302877950963e-15,0.018127617105650744,1.9383933186387952e-13,8.233758331352593e-10,1.3625726995348055e-19,7.422369896630985e-21,1.0,1.0,0.11948505678342747,0.6440644121318329,1.0,1.5681921557940782e-18,2.7716205575403916e-06,1.7183164713618127e-17,6.260538594405307e-88,9.393377777599929e-39,1.0,4.192257825534239e-09,0.018231218169003378,1.0,9.265004880191748e-34,6.110939011088898e-28,0.0010107196422789039,1.0,3.3878710927794393e-16,3.5205034173937436e-19,3.681374483228821e-16,1.0,5.677323650092924e-20,1.0538817280285342e-152,1.0,5.677927429724693e-20,1.0,1.4064784231215723e-06,1.3763156594759588e-30,1.0,1.0,0.3480078752372101,3.823284232460181e-66,9.845943719082216e-06,1.4324835426891633e-37,4.550969924221884e-22,1.0,1.5500138872625703e-49,7.443237443308737e-07,0.1060899829193696,1.0,4.265395051861162e-108,4.0751796787716246e-07,0.04082464498138644,1.0,3.7177514564948804e-11,9.591242790840133e-11,2.4249399973490827e-09,1.0,9.999922401653647e-09,4.8149339151871505e-46,4.725355238810202e-10,6.929822726624346e-51,1.0,1.350293947722937e-11,7.114125493487757e-42,3.3880434426540825e-06,1.0,5.357434807278719e-80,1.6155492414753177e-79,1.0,6.672218570605934e-09,1.0,1.725474519249386e-10,0.0006625102814598528,1.0,9.054827451756186e-111,0.1308479457629779,1.5952376000198304e-22,1.0,2.7453832805513695e-05,0.07193068617217876,0.24242758514086155,1.0,1.0,1.0,7.954964689219566e-91,1.0,2.8447930230072534e-10,0.556357255212994,0.12686363230452294,4.0895256103421885e-21,0.0020504802962151496,0.021592904495892247,1.0,1.0,0.535995643639524,4.361883126343729e-13,1.057192366164536e-15,7.560162293560653e-44,1.0,2.493316268937561e-90,2.2970857033941306e-53,1.0,6.683788266301608e-18,1.0,2.9882454827312127e-06,1.0,1.0,1.0,2.0607560590364966e-05,0.0003345855358850559,1.0,2.2695863217535662e-10,1.0,1.2505041188424465e-06,1.0,0.028979663920652047,1.0,1.0,1.0853832395136215e-17,1.0,1.0,1.0,1.0,1.0,1.0,2.4692473384699354e-37,1.0,1.0,1.0,1.0,0.04931111615543924,0.048426460733623895,1.4567701736935643e-36,1.0,1.0,1.0,0.24817555354699009,3.148526234785726e-05,7.519284542584751e-06,4.847249800480866e-10,1.0,1.0,9.302176634869498e-06,1.146096098609781e-61,1.0154093902251396e-07,1.0755578884037107e-37,1.9241440388482916e-42,4.933740047885003e-07,1.0126127646016069e-07,2.6194234061554267e-19,3.05311559409794e-05,2.3879621812530243e-21,1.0,1.3115949474996394e-10,1.6216380019272027e-10,4.514250797450777e-22,1.0,1.0,3.262263085275124e-29,9.427806313672176e-11,1.4067402341699736e-55,1.0,4.246169389123354e-05,2.2045715712341808e-46,1.0,1.0,5.546973466930221e-45,4.68444460819042e-08,1.823052846473847e-27,1.0,0.0032687550262382333,1.0,1.0,1.0,0.10029045077511166,1.0,1.0,1.3757787335614544e-10,1.0,1.0,1.0,0.8073371484857343,1.3144295637911395e-58,1.0,1.0,9.80726947281512e-06,1.0,1.0,4.86378403579952e-16,2.240663233167767e-08,1.277640752698271e-18,1.0,8.683128248514405e-12,1.5664737164814245e-05,1.977441517208581e-07,1.0,1.0,3.683958061781979e-12
34,9.215755007688851e-47,3.56090219340064e-117,1.497290146212803e-64,1.2251991148766717e-08,0.0,2.657950333846614e-51,3.656532910929201e-145,0.0,4.455081715522697e-82,0.0,8.056117515546466e-258,5.11659319413307e-11,1.0,1.2438909610172459e-67,2.616745578148396e-125,3.870288140176861e-28,8.818547856304993e-65,0.034686747447084054,1.5692439179400222e-78,1.4505982849808862e-50,1.677382097607109e-101,1.9019279500393614e-53,7.33549151288141e-260,2.865727576350845e-126,1.0,4.820852484914691e-186,1.0,5.657019059300591e-17,1.11018913414025e-211,5.897812110738153e-39,8.874483888534801e-76,9.150767611629613e-17,7.917809095854e-68,3.3459032552340682e-87,1.0,5.125758824751688e-24,5.599448881352219e-119,0.0,4.094500490027372e-05,7.230183561431215e-22,6.096150967180871e-65,2.528936319598742e-51,1.0,2.2041295520102207e-47,1.8234025055429337e-09,6.11034863119785e-34,1.8853504242134974e-197,8.670720598215319e-13,1.774511766706375e-160,3.055349393872699e-113,7.356712446953032e-41,6.286077597281155e-38,0.0,1.441298987434804e-46,6.086605033893786e-19,3.4793823062256763e-121,5.504831726968192e-20,4.526938812098938e-23,3.6890943997458245e-175,1.1446822281529957e-178,4.823957231067368e-46,1.4722578982737244e-61,1.1677474891719294e-37,3.5747034707337724e-107,4.648018090125384e-58,1.4921616366105274e-11,3.7702759961006976e-26,1.1809486085600974e-162,1.0,1.0,4.6029619753390185e-58,1.1972549480911687e-20,2.0252505023383141e-109,6.36121901326888e-64,0.06527269222474062,4.0001297265746584e-187,1.4529250042535052e-112,6.2483499730725746e-62,9.5707215080997e-11,2.1888123157028407e-08,4.286949771081043e-150,2.1417513494721866e-54,3.295902564280149e-07,7.735211587329776e-18,7.340508556324213e-62,1.2565750508637046e-06,1.1182352280468923e-33,1.2455767420705003e-19,0.47804099307936565,6.445913157185101e-35,9.132419985762986e-50,3.862033817458727e-28,1.0,5.641021022339735e-19,1.0,0.0015147712144280001,1.921727688085693e-43,1.0,3.891319796696778e-16,1.5696341049299543e-89,2.6209558894081216e-54,0.0,9.052118537382822e-15,9.998804094145846e-23,5.363024459366154e-62,8.922174895048818e-10,4.711487294869038e-10,2.6459570656195916e-11,4.827746940945056e-56,1.0917929543970503e-11,1.0,6.104772691646554e-10,1.0,9.684590394855071e-26,5.754407761458272e-116,4.0481346822001656e-186,1.4727447053307802e-13,7.209435696458459e-44,0.16868763298122125,0.16637675708905697,1.5564519368643e-41,1.0170206762664457e-103,3.6050320782549797e-50,3.2279075638633494e-07,1.093697131827694e-14,9.807138982083012e-33,2.0888811147533374e-12,2.480532152094475e-18,1.0,1.4489053841696955e-45,3.7733701829238954e-87,7.016506172850552e-75,1.4187186718002995e-17,1.6889955393479243e-26,6.562469651692915e-22,4.0696192424753545e-21,8.2237223902276e-07,5.710186955610653e-46,2.0974792274586664e-05,3.5701038444587235e-17,8.161494994219571e-16,7.897516120589413e-126,1.2533570622391068e-77,1.0467624366491e-13,1.2096321899908244e-57,8.031915536522843e-25,9.040481035182808e-67,0.019850004507096064,0.5403665801567744,6.316409160778197e-167,6.756671011786116e-45,3.822292122192789e-247,1.0,1.4883159876293334e-28,1.0,9.510293832019397e-25,3.639481281967141e-06,1.131901817469801e-51,1.3159182281516083e-20,2.1934269692431325e-34,2.648055415928687e-06,1.4120059358610532e-07,1.9583090162112796e-21,0.04566288167002614,2.392974789469488e-15,8.426298637134945e-05,3.1380929491156377e-34,1.2637252916809555e-09,7.816006231078616e-44,8.650010095455988e-23,1.6602949378488292e-103,1.425756086759374e-22,6.257807396137663e-25,1.1265910213278054e-16,2.68259042121899e-36,1.1947001573999993e-23,2.1077070566248745e-11,3.9325879544912546e-140,4.2175003470370717e-13,7.533274538298123e-36,2.6551970871943542e-15,4.175292941984821e-27,4.906638710784174e-08,5.65260684638502e-08,1.0,1.131013415939165e-51,5.373601897457435e-22,4.0257971012905385e-32,1.579850087637205e-08,0.0008965939574296874,0.0037936785254121027,2.0689975998469894e-78,3.2321238457559844e-23,1.2449763189928354e-21,0.006005917823472674,0.0003893151354426172,0.1902518729356911,1.0,9.310312971823562e-143,0.07543962812149663,0.26263648967404285,1.1095180224663973e-97,3.4042988963183e-64,1.0,2.893951185704691e-12,1.0,1.0,1.0,5.249959262856795e-19,9.097196059927881e-48,3.068144861628006e-116,2.821973830821822e-77,0.010483925307182868,1.2792400649319889e-21,2.447565282411724e-62,1.4901168068054946e-146,4.6708522032393846e-14,2.0336307520150124e-36,1.0,1.0,1.0,2.217121589628226e-17,0.0005297154972854008,1.1107863263694437e-13,7.593718273129047e-29,3.906555211394389e-19,2.37523694659586e-05,1.968661574278033e-36,1.1401096050577265e-28,1.0,8.024620757552885e-23,2.144880537204184e-21,6.563534004790052e-33,9.684139545085838e-06,1.1394457990143788e-05,7.255383353391114e-20,2.8578075271145975e-22,2.5647740997902816e-57,2.6363836315671625e-40,1.7132228712686433e-19,1.5606919434934195e-79,2.5890372524243684e-62,1.0,2.46932356686508e-21,2.9092266037510313e-69,2.1036018887541682e-54,1.0,6.3778465178123605e-34,1.9369615578029895e-09,1.0
35,1.0,1.7009354910923458e-15,1.0,7.051861483705071e-07,7.1465656160020385e-208,1.0,3.24059354073428e-31,6.746751234488433e-168,1.6927077442743044e-05,5.3006252613444e-189,4.0263052231645046e-95,3.8322523474640404e-95,3.824809495075463e-19,0.02012080658835326,9.743773633516932e-26,1.0,0.029320287041277773,3.3369096165496315e-10,3.2326683292348175e-07,1.0,5.0043470718668684e-17,1.0,1.2330445973540988e-109,1.3004660886611342e-30,1.0883667027552115e-40,1.4018759738071845e-64,9.253149524086877e-12,1.0,3.490909798776778e-82,1.0,6.211031549915591e-10,1.0,1.881208703138966e-07,1.0896291982812749e-15,5.125758824751688e-24,1.0,1.475073224788906e-32,1.8131238027478346e-196,0.05377641824308408,1.0,2.2101811781334184e-07,0.01826578363158608,1.1919276764170225e-10,0.3070675285907586,1.0,1.4327724476647234e-118,9.19811621492056e-82,1.0,3.788343746477959e-59,1.3404907117234174e-31,1.0,1.0,1.131045485967156e-175,0.10845350595526404,1.0,3.1038562267247026e-37,1.0,1.0,1.0068045516780285e-71,5.346466207297036e-74,0.028982391227740968,2.5734784162573673e-08,1.0,2.315241068167695e-31,4.3062971848352767e-07,1.0,1.0,5.532046226938529e-66,4.4118979128112075e-30,0.000384260748576576,9.748830963125385e-08,1.0,3.4401763852386545e-34,1.7811271714704666e-10,0.029110972623266274,3.196909639791942e-83,1.0733600907092284e-36,2.988114582114396e-10,1.0,1.0,5.393433134271219e-61,2.5911210428258237e-07,1.0,7.662723223967104e-76,7.556556094461789e-11,1.0,1.0,1.0,0.05381858556053852,1.0,1.7134684363115028e-06,1.0,1.0147845478649201e-20,1.0,1.3462842511501199e-05,1.0,0.00029611313445985355,8.702350377003357e-12,1.0,5.884675226944623e-28,2.065063893226582e-09,4.284636320986749e-189,1.0,1.0,1.159832188104609e-13,1.0,1.0,1.0,5.6649703324483796e-11,1.0,5.1097437962945305e-11,1.0,9.030693593876802e-14,1.0,1.7468741036548698e-46,7.692084210804418e-95,1.0,5.545895443828209e-06,2.0494900098225375e-32,2.985482405107492e-32,2.5188405098968764e-05,3.3612492377460266e-40,1.8592695787246324e-09,1.0,1.0,0.04598439025855302,7.958389600354265e-55,1.0,0.7646589467278124,6.51980058348456e-08,1.2032116464494186e-31,2.7045417902553058e-24,1.0,1.0,1.0,1.0,4.521794199949539e-42,8.690461803133271e-09,1.0,1.0,1.0,2.712066999937292e-58,6.849304624979875e-27,1.0,1.3395187680275452e-15,1.0,5.01655638295069e-21,1.0,1.0,4.4003663659e-90,1.6349203121734112e-09,6.7353692599902065e-152,3.008712588133125e-19,0.03292668763244765,1.0,1.0,1.0,3.7939907380597245e-14,1.0,3.05069509837249e-05,1.0,1.0,1.0,1.0,1.0,1.0,2.0046144679671442e-05,1.0,1.764695645754139e-10,1.0,2.388454262629392e-48,1.0,0.2035210812300808,1.0,4.3261239793162133e-07,0.3321591019375652,1.0,4.261049223727007e-76,1.0,5.484809222734425e-07,1.0,0.005851162252860433,1.0,1.0,2.556415732380967e-11,2.7970647691636245e-16,0.761831706714669,1.3448648372535283e-05,1.0,1.0,1.0,7.974337340053213e-34,0.14043518861137821,0.5656203235571312,1.0,1.7557280719014213e-28,1.0,1.379375686579298e-12,7.659394349476092e-81,1.0,1.0,7.387248403249072e-48,5.021829533660428e-25,0.002627445218937727,1.0,1.0,1.0,0.0009575622504390326,1.0,4.5933583088686745e-15,7.689919542541368e-62,4.05335550044899e-34,8.17996652114509e-25,0.2740104591083603,2.437324401849312e-24,4.686746133218297e-85,1.0,8.523172186236725e-09,6.6334763987459235e-18,1.0,3.9154418529729444e-07,1.0,1.0,1.0,3.888638385292901e-05,1.0,1.0,2.1448900262806675e-09,3.2671156351515406e-05,1.0,0.018432825223911938,0.07327772682902892,8.605812340165905e-08,1.0,1.1364155171058189e-28,0.2701550465469898,0.014628388781268655,1.8400935076411844e-23,1.0109697445303398e-12,0.2156406886903731,2.5315615886638855e-39,2.176289024611275e-27,0.002909706903795529,0.014444113989181764,1.642975955146606e-32,2.1494476231426983e-22,1.0,1.7635906211893676e-09,1.0,1.0
36,4.061587194940031e-56,9.25333139716493e-09,6.761093125812213e-34,1.6268776881651862e-106,5.7180226937612e-44,4.101018315015826e-36,1.0,2.3199614455457384e-28,3.8643731100487307e-16,1.1754885928698434e-37,0.001430095461812349,1.4949065946004574e-276,4.124343713259977e-132,9.367512908502736e-19,1.0,3.817315684942652e-48,1.1477267520200277e-17,1.3684643460205277e-102,8.510864894192946e-10,7.398397332081593e-24,0.06314603629520628,1.6777382600920152e-18,3.7395298049544194e-13,1.0,3.7704607237980205e-161,1.0,1.3107962435929e-97,2.0607609723024846e-49,4.007463353586271e-05,1.0499596506417355e-21,0.0015287361987652505,9.774273837417208e-43,7.254232420405246e-05,1.0,5.599448881352219e-119,1.475073224788906e-32,1.0,2.5943725858061764e-62,1.1354261342865635e-61,5.826703038319382e-32,0.000659356762660047,3.6005907110180967e-09,3.453009403843843e-85,4.610017345041008e-11,6.000915805598861e-49,1.727853670287454e-271,1.9888895997311187e-08,9.00749736988495e-41,0.20389107297799178,1.0,1.0298554376308462e-12,2.6190358245455038e-14,8.846579599820113e-55,5.11551354570775e-09,3.979924412743547e-30,1.0,2.8636610330544814e-28,5.2164452610063065e-23,1.1399363101075659e-06,1.689240993200747e-07,5.564587401695429e-07,0.25662084728684575,1.1057764599147392e-10,1.0,0.059266540616908586,2.982000541927435e-34,1.2740780762850951e-17,1.3361883553915509e-05,3.0659339407090065e-116,3.6699305719967036e-59,0.5002661371433271,1.8660457495828777e-21,1.0,1.0,5.819464646971199e-53,6.99870766018915e-13,1.0,1.0,1.6189241913357927e-30,2.3434279539253984e-34,3.962553835776716e-05,1.0,3.5360748111711576e-35,1.7919396375822822e-186,1.0,5.396048613184766e-35,1.6815019563712733e-07,3.845381824593446e-17,5.027366189346924e-48,4.311212906705891e-06,1.0,8.021167719577018e-09,3.2734723663309574e-89,1.2461297134821676e-15,7.202412376020172e-56,5.6562695229812135e-37,0.2198453277918825,8.477831055645256e-70,5.125067423214522e-17,1.0,1.0,1.459606676262575e-79,3.3530724257304694e-17,6.56129704604864e-10,1.0,1.4622123788542626e-22,5.471622134369668e-22,4.4911276905845506e-20,1.0,3.486325136112376e-19,6.853817582817842e-65,6.936041803349228e-21,1.9494906604875153e-70,1.1844453157048386e-06,0.004294903459936356,1.5375443781166963e-25,1.7332076729150557e-15,1.0,6.064220978808587e-103,2.553289753280985e-102,1.0,0.1507504041378222,1.0,6.643557898811208e-21,6.812034750894528e-12,0.31963865058637414,2.822956139765465e-136,1.873909104391437e-08,6.920730876163925e-36,1.0,1.0,1.0,7.028781873766155e-08,0.010441476347022853,4.848075624363843e-05,2.1424492432672337e-05,1.1962714805804058e-113,1.0,4.357981961110952e-20,3.493562087124222e-07,3.8073307238946083e-08,1.3822548789226648e-10,1.0,3.5325085187764417e-09,1.0,0.03396156054748548,1.0,2.2586706679568286e-23,1.2069322564617162e-26,5.267990334766602e-29,1.0,1.4233130984103253e-68,1.542075121062429e-70,1.0,6.817321966467808e-29,1.0,4.532122533945744e-14,1.0,0.07280484056926315,1.0,8.801450309700406e-13,4.024327525544533e-11,0.3754224765887468,3.3494954618294052e-19,0.0003478332819855511,2.509541854697536e-14,1.0,2.5523961829390745e-08,1.0,1.0,6.248791628670791e-09,1.0,1.0,0.022634676439200183,1.0,1.0,2.135962854012561e-05,7.017764108466518e-25,0.0003561443188710023,1.0,0.013582693297177238,1.0,1.152682547956217e-07,1.1463880929100052e-07,9.880419271635687e-50,1.0,1.0,1.0,1.4241833056700992e-06,6.871409440900189e-12,1.096469112803557e-12,0.001131458622586623,1.0,1.0,1.726251373948345e-12,1.3832561260640398e-77,5.139863012554637e-15,1.2496904988843694e-50,9.324910417456125e-30,4.125876971921207e-14,5.7112530826835006e-15,8.10323252998137e-11,1.0,1.4843329403314728e-31,0.011522647045818587,1.5089729777809868e-18,2.0878829237094322e-18,2.324824237099849e-32,1.0,1.0,6.689981180703245e-19,0.00023485824629995234,1.7245571284263276e-70,1.0,1.0,2.095481118219716e-33,0.3013687963971849,1.0,1.799640272869098e-58,3.87778183008448e-15,2.3196266555619363e-38,1.0,8.823707574133374e-09,0.7512762581807857,1.0,1.0,1.1382718195500364e-06,1.0,1.0,4.526334991958233e-18,1.0,1.0,1.0,3.0051620625212095e-05,7.498814148861482e-73,1.0,1.0,0.3872201738326425,1.0,1.0,4.7542364571223394e-09,0.003825729644553349,3.762910457002361e-27,1.0,8.617728003077956e-06,0.4052133676297901,1.3108815746970876e-13,1.0,0.8124906988722249,2.3648219179263927e-19
37,0.0,2.0195478355191965e-188,1.8575815658466002e-267,0.0,5.937936985048114e-08,3.4910841965929514e-258,2.8219868109993165e-128,4.722056176069185e-16,9.77338068467602e-200,9.197021521069109e-10,6.234426018505036e-50,0.0,0.0,1.585774436176021e-197,3.616064619169093e-118,1.8220718478245883e-267,1.681620268728175e-188,0.0,2.1051955445358626e-159,4.375122892829016e-201,1.3013903428735326e-124,6.684482144034271e-179,9.091756890767127e-21,4.2327728254385484e-88,0.0,1.2007208175933744e-46,0.0,6.448140815967802e-247,2.808598974700821e-30,1.4657019438713106e-174,4.579031683560041e-116,4.901223157435704e-221,5.004174799379137e-118,1.1258267070888463e-95,0.0,1.8131238027478346e-196,2.5943725858061764e-62,1.0,2.1543360491066618e-254,8.235379728200349e-190,5.864001170601876e-109,2.091678163294958e-127,1.7120839562506988e-296,3.041598268058488e-133,1.668935940291506e-224,0.0,1.6436126063745666e-17,1.1486721713535132e-203,1.3927665458000575e-29,6.436186139396173e-56,7.048677082419872e-134,5.038887760473725e-138,1.0,3.0228501036254575e-121,1.740215064114645e-176,2.089899846948332e-45,4.566509680492754e-171,6.095594026781124e-155,1.6265238309417282e-16,2.1726658613250814e-15,2.882575386695111e-109,1.494999151402613e-87,1.6209780429974817e-119,8.42369068703751e-46,3.291288244721161e-89,6.974064240720577e-176,1.414344719908406e-136,3.5077172322945703e-16,0.0,1.6133932562612204e-224,2.0947361085165708e-82,4.9243893922642595e-144,5.354397627200098e-38,2.755552700833155e-74,7.152270946744557e-211,1.8829812890851255e-07,1.1434207668859361e-33,1.6307181454648005e-70,1.1648904426726634e-159,6.529816573214568e-168,2.4396207201140324e-14,3.862559957889393e-75,1.4074777107302925e-167,0.0,2.466241175065477e-65,3.473163533790347e-165,4.4459227406840684e-98,8.611956433158922e-124,4.3010917653875003e-190,6.361177336626692e-92,8.30951852201413e-69,5.580676654995307e-98,3.222068365296036e-259,4.0793763200094274e-116,2.1708202975990456e-199,2.9500024350041126e-162,4.135936579945825e-72,3.902260910778772e-223,4.0812787918967635e-117,1.1030580945085102e-29,4.129806624346857e-56,0.0004456222602736086,2.2268633706292904e-115,6.154426174573449e-96,1.518425889813838e-45,1.11045386426148e-126,4.5039685431668597e-125,3.1020490596155866e-120,5.996405322444164e-49,1.8132002959947605e-117,1.5618416573100064e-206,1.7265218653589586e-120,1.5281955259358685e-215,6.335480589990417e-84,3.9434939831455554e-11,1.0,5.961092402440649e-106,1.5722632914589586e-55,2.4068649658663973e-264,1.3955453671693432e-262,1.3347603370839014e-54,2.9939120622212766e-12,9.295024526990934e-45,3.2192795092349443e-114,1.375955203745884e-92,6.065260453066408e-61,0.0,9.5290706442477e-83,3.4545686539353923e-143,4.0859663633482044e-44,1.7954512878389894e-14,3.54397731474623e-20,5.978858231715677e-79,1.544294349552563e-63,7.850837143518615e-71,1.2079110988016172e-71,1.6316545162724358e-269,8.361215864555597e-39,1.487997678972667e-106,4.387686568905477e-75,1.3581552659103287e-77,0.685282180902787,9.224582306545577e-16,5.337352838111682e-79,8.136747324560532e-26,9.076911590979702e-59,2.5353038929554087e-19,4.580220594432409e-110,1.2951622110995268e-116,1.0,1.761796322049156e-31,2.302007273160289e-06,2.9601857846244797e-191,1.2038019931749106e-44,2.1764586053878799e-116,3.5300859899193575e-49,3.011075312815728e-85,2.6315690871100685e-21,2.980772303956873e-52,1.781124112611526e-34,1.8364937411886566e-80,2.0754186137660134e-76,4.5589269218869794e-49,7.014355726530071e-94,4.621206156182785e-58,4.2940346183692165e-83,1.1757383928691176e-32,1.9464804527431733e-68,1.1281324619723739e-23,7.567079283404763e-45,1.0,2.278449944364093e-44,4.021697574930213e-41,1.7953226050040745e-50,2.183128849118567e-26,3.994112583078171e-39,2.764269280940049e-58,1.0,5.718956893178058e-55,5.656087842804151e-26,5.872536721261164e-50,1.1038742488047758e-32,7.557212566550427e-63,9.489476734456979e-63,7.337174491449079e-143,5.550453366327688e-13,1.6275686622365926e-37,5.677265670250444e-26,5.4427906051769575e-59,2.9988975859253056e-71,9.013479407939562e-73,0.09841145397722119,1.0889208504273794e-33,8.205611586869488e-35,1.6038321780786687e-71,1.4538175278380659e-183,8.563083398399786e-77,5.710175479071995e-141,1.0,1.2046946122823321e-74,3.302832496276232e-76,1.0,5.904292555174612e-05,2.170774929487552e-107,1.899779035333884e-46,7.316199249545138e-83,2.539766693238191e-82,2.22776117692164e-108,1.6317846904446856e-35,2.6459626672012356e-11,1.0,1.0,4.158052462880205e-170,1.8470073408227048e-31,0.00014715718935804295,1.0,2.278912523206344e-41,3.5113309252649456e-17,3.9057008967222325e-150,6.481525714210058e-74,3.833700084282786e-116,2.5950909609559626e-34,1.300935115949417e-59,8.636569452981438e-39,5.345341317096725e-21,2.1620612988504356e-30,9.241833253600511e-54,1.984064809616288e-14,4.1549661572039595e-20,1.6683350226058784e-77,1.7982656718896318e-24,2.202047304860318e-25,3.811010546507905e-15,1.7374992325019695e-48,8.253520695764325e-166,7.398527356678183e-26,3.8652159717329155e-22,0.09652176894307783,3.4991014859415785e-08,7.781673815145065e-24,1.0,1.0,4.6669147359461715e-89,1.4227968282655494e-19,1.0,0.36452475205581886,2.0611305268454895e-63,9.9852287118002e-10,1.6067366351847625e-33,5.829668581943283e-74
38,1.635125190078936e-06,5.5627346855857396e-46,5.827723768354324e-16,1.0,3.685938566904793e-280,8.984893137381305e-11,3.576593290017978e-67,1.1893463794629913e-233,1.2550348617719755e-27,1.4479429128725161e-257,5.927171571849364e-148,8.143537330040872e-46,1.0,7.568612984100262e-21,1.7840210054359445e-57,0.09294729709520999,5.1790333792994254e-20,1.0,1.192692519891814e-28,8.155284995321323e-13,1.0123356315952615e-43,3.3596024465876176e-15,4.4900426682871486e-160,5.845639821091949e-62,1.2285335576930845e-13,2.2711400393606522e-105,1.0,1.0,4.814107390740063e-126,8.05757050157691e-09,1.1440056624607974e-30,1.0,2.7966261334368654e-26,6.980705620062959e-39,4.094500490027372e-05,0.05377641824308408,1.1354261342865635e-61,2.1543360491066618e-254,1.0,0.22269300637532694,1.7475408106786023e-25,4.249340182768111e-17,1.0,8.69625589873582e-15,1.0,2.705900805985467e-72,6.733694683141511e-122,1.0,3.2324114604766995e-94,2.494976037318509e-59,1.3814495008750756e-11,5.472232886074515e-10,5.7464567693119236e-229,4.26427108911898e-15,1.0,4.5854013877799073e-66,0.3708567741584334,0.008479429956707446,5.25966446820476e-108,9.955435607576558e-111,1.383070925310187e-15,1.714439954200828e-25,8.438442210433463e-11,1.858271031431129e-57,1.957998805630058e-23,1.0,0.00010338008181942095,4.382288687150836e-100,1.4382068411608005e-10,1.0,4.9061623619517e-24,0.03713701918313341,2.4245564547853576e-60,4.445887860126748e-28,1.0,4.215214431981841e-120,3.2932173731441823e-63,2.4339777144486515e-27,1.0,1.0,1.1048566418159022e-92,1.1434782786192382e-22,1.0,2.6788183921696437e-44,7.606898812474686e-28,1.0,5.100689040834362e-10,0.022398362480680396,1.0,5.280602324787832e-11,1.1329895892056809e-20,2.6699686391340666e-07,5.794371282829484e-06,0.023486002649574424,1.0,1.0,6.713083174201732e-17,0.6328744708491386,0.3826918434951434,1.0622490081201212e-49,1.658083564059985e-24,2.377908250049822e-235,1.0,8.125095177779976e-05,2.8521085225892842e-30,1.0,1.0,1.0,2.5020527113794552e-26,1.0,0.7805672486251015,1.0,0.021011989323369586,7.521088746702244e-07,1.1492174776009491e-71,2.480533740216736e-128,1.0,1.35193519944398e-18,7.200355568827124e-15,8.196876226816435e-15,2.3175032776999018e-17,2.921803668223183e-63,2.2470725992112304e-23,1.0,0.2553682070813645,6.062540870814759e-12,4.682597168540731e-32,0.0024557381366070038,1.0,9.486773936652577e-21,8.49783521210727e-52,1.7201960349638936e-42,0.003814669352150661,1.9922995505226686e-08,1.2179640703095521e-05,3.336813219895844e-05,7.000532959804576e-23,1.3319982122165357e-21,1.0,0.003996624598721815,0.022083434913486223,2.4653773833884233e-83,2.6815210436606414e-45,0.22740036264694224,1.5023797881418994e-30,7.466100189255064e-08,1.6134754554369146e-37,1.0,1.0,6.164642785688665e-119,6.963335940615146e-22,1.0923487582879154e-187,3.01445604748105e-07,6.219916698106553e-11,1.0,1.7841736438676025e-08,1.0,1.3337648498262813e-27,4.766973253926835e-06,2.9634037023921956e-15,1.0,1.0,1.0769298694023684e-06,1.0,0.004922673777980478,1.0,2.3104329452597055e-15,1.0,2.442010558137294e-22,1.0072986552218205e-07,4.2848826067476214e-69,1.2209594123424676e-07,3.3967273587837318e-09,0.0004174713998590395,2.3783996076247204e-17,1.2168013970027377e-08,0.40300254239584987,1.7715243208722983e-100,0.044292256010909366,3.9315403198102383e-17,0.0019732069646929617,3.469052346639558e-11,1.0,1.0,0.007362718501216105,3.1612798920415123e-29,7.589884807760949e-08,6.998488748539472e-15,1.0,1.0,1.0,1.3177314897781074e-50,7.419713495224354e-09,7.331453402341707e-08,1.0,2.0463429366626982e-15,1.0,0.0006633847106833705,1.306092354151293e-104,1.0,1.0,7.846480218829838e-67,1.1477119678454449e-39,1.0,0.0443474139550792,1.0,1.0,1.0,2.4521913672986466e-06,4.4519758961336355e-27,1.0686464273497066e-82,1.9308866210289293e-50,7.221104681572481e-13,3.8577357520561184e-08,1.4438045049318456e-38,9.315978975271748e-109,0.0028376176234897717,9.700615678592338e-19,7.251447884454411e-08,1.0,1.0,1.58295819897204e-05,1.0,0.003141958197283803,1.616707473810949e-13,8.11257099868334e-07,1.0,3.3134222486857776e-19,1.5907444346019248e-13,1.0,1.6684749747010495e-09,1.4220850009640496e-08,7.241503726290198e-17,1.0,1.4479211852197534e-16,1.2282144348435203e-07,2.0073418718592895e-09,2.7736260523958778e-36,6.088715363243952e-23,1.3019127377370005e-07,8.116272444854892e-55,1.017008091152095e-40,1.0,3.800781514428574e-09,1.2503600284337715e-46,1.4846169412346164e-34,1.0,1.795023259649952e-18,0.2564289574273708,1.0
39,1.0,4.868550500159672e-15,1.0,1.6801184882887022e-05,5.886799831664918e-196,1.0,4.340802235701158e-30,6.111882670051624e-159,1.575394883693722e-05,8.524982949202893e-179,1.3506360530966794e-90,1.0170589826027951e-86,9.202317945340031e-17,0.014872724177293123,4.964895889517473e-25,1.0,0.021268878916210796,1.0235960882710429e-08,3.0757744088441694e-07,1.0,9.77869664398089e-17,1.0,1.8073584800029004e-105,7.154462778331022e-30,3.5727299324788842e-37,1.7093085078163439e-62,2.653117808594184e-10,1.0,1.7672757202387465e-79,1.0,6.092643307330411e-10,1.0,1.586052813621398e-07,1.4545395797055256e-15,7.230183561431215e-22,1.0,5.826703038319382e-32,8.235379728200349e-190,0.22269300637532694,1.0,1.8043770227004188e-07,0.012631163917832115,1.9575502478783316e-09,0.20784615072884977,1.0,1.8211303290460733e-111,1.2441319678156007e-79,1.0,8.204268826582567e-58,4.1863968739562485e-31,1.0,1.0,2.095600820370195e-170,0.07362004751096249,1.0,1.2714185960907315e-36,1.0,1.0,3.623177013691079e-70,2.2531686781570964e-72,0.019749990278149124,2.0536192624959905e-08,1.0,5.679052260858722e-31,3.2800536265952753e-07,1.0,1.0,1.0322144691711611e-64,5.368848165534903e-28,0.0018217023158255165,7.474338803254183e-08,1.0,8.851692401747807e-34,1.4901493825157125e-10,0.10308239075228004,1.5770087917781768e-81,3.0103084167143814e-36,2.435197721614036e-10,1.0,1.0,5.328864452358635e-60,1.9191088533007538e-07,1.0,6.256336526645823e-72,6.175071438639221e-11,1.0,1.0,1.0,0.16785664294922104,0.9501257105596617,1.2227821073915011e-06,1.0,2.568110759869379e-19,1.0,6.348687963616337e-05,1.0,0.00020321097162092158,8.156296587314096e-11,1.0,8.159214381457701e-28,1.5463330405132735e-09,2.0043827534221256e-185,1.0,1.0,9.56449387068999e-14,1.0,1.0,1.0,4.3331304902595894e-11,1.0,3.88586568865553e-10,1.0,8.960722702358135e-13,1.0,4.4185735717023255e-46,1.5969409260642893e-93,1.0,3.838371730295686e-06,9.799151104438127e-31,1.3760921414621842e-30,1.7271079774079637e-05,6.017765110823691e-40,1.3453696950824507e-09,1.0,1.0,0.03125960239242827,1.8049765262080056e-52,1.0,1.0,4.5696486886118797e-08,1.4641540227441423e-31,2.6572966910772535e-24,1.0,1.0,1.0,1.0,3.1961879052345286e-40,6.112227825815507e-09,1.0,1.0,1.0,7.262698914534469e-58,6.947920711816407e-27,1.0,1.0381229422667858e-15,1.0,4.3197510193699395e-21,1.0,1.0,2.852538687637678e-89,1.1437221024459618e-09,3.7369457919103125e-150,2.9402102352505694e-18,0.022616834190833802,1.0,0.7380540775931891,1.0,2.7692834157504768e-14,1.0,2.0744005143877925e-05,1.0,1.0,1.0,1.0,1.0,1.0,1.363416538091295e-05,1.0,1.227539044825645e-10,1.0,3.369254396286082e-48,1.0,0.14209179076877332,1.0,2.947286912127818e-07,0.23357648030495318,1.0,1.1079943417983266e-75,1.0,3.7354631610503255e-07,1.0,0.0040380758149601865,1.0,1.0,1.0793476012749029e-10,2.0248414250875612e-16,0.5415317683338662,9.167199938851993e-06,1.0,1.0,1.0,7.373686520283692e-34,0.09889708594875696,0.4027811236085117,1.0,1.962394251493292e-27,1.0,5.973894842923345e-12,1.829108898807048e-80,1.0,1.0,8.60029862250069e-48,3.9768545871593765e-25,0.005899095439988663,1.0,1.0,1.0,0.0022123520000926983,1.0,3.2387000019885996e-15,1.1499277814536806e-61,3.6323243893418503e-34,6.954930992508882e-24,0.19496294284553664,1.8897092123685087e-24,1.1200782827789794e-84,1.0,5.812257482358033e-09,3.707394225293472e-17,1.0,1.1109292816916234e-06,1.0,1.0,1.0,2.6704401608285995e-05,0.9598665004384769,1.0,1.4629829755327775e-09,2.2451767578151737e-05,1.0,0.01299958466248257,0.05216892609244647,5.872474958901036e-08,1.0,9.591267562039015e-28,0.19455607704031097,0.010352815471363712,1.3477341824298252e-23,6.926159460150241e-13,0.1557122310548323,2.1735065428321973e-39,1.634826657692117e-27,0.005819117741944928,0.010287888496045118,1.2892555552061677e-32,1.5403370725274502e-22,1.0,1.2040431332534356e-09,1.0,1.0
40,1.7980808610924337e-13,1.0,0.0011921158488304323,1.5360886170006247e-45,3.2570862457791013e-96,1.6491591547278807e-05,1.0,2.886143982473809e-72,1.0,5.8236697843777116e-86,2.2127384188332352e-29,4.250628838241517e-173,1.450260512334372e-65,1.0,1.0,4.027526845033242e-13,1.0,1.5569298993002735e-47,1.0,0.18289303679538205,1.0,1.0,1.9983649107982927e-43,0.14302078737292287,7.157786849665477e-93,1.1945955378562814e-17,3.0776202270968414e-47,6.392099939491698e-16,2.6728961443840604e-28,0.12030855802638107,1.0,5.136837980294266e-13,1.0,1.0,6.096150967180871e-65,2.2101811781334184e-07,0.000659356762660047,5.864001170601876e-109,1.7475408106786023e-25,1.8043770227004188e-07,1.0,1.0,6.954882390714201e-42,1.0,9.563034258710072e-18,1.5728530952518081e-187,1.0264186720983008e-31,4.610976373652731e-13,1.8105583924544476e-18,0.0004065189605002022,1.0,1.0,3.779152547350032e-97,1.0,3.479414765440394e-07,3.575469812430255e-07,2.997263689999175e-06,0.001014415006941122,2.2755555332711634e-27,8.60769807136109e-29,1.0,1.0,1.0,5.733921219621936e-05,1.0,1.9953630689476012e-10,0.22847471020925147,8.418355700795562e-25,1.881637478818904e-68,9.021319295522356e-27,1.0,0.0020158635627081293,7.03344930939963e-07,1.0,9.24128141282455e-23,2.298580991913409e-36,2.0279884279167835e-08,1.0,6.134747950197941e-09,2.840217502129274e-11,5.0338243038933336e-23,1.0,5.465485172269073e-12,8.81945638335459e-127,1.0,4.4641777969427425e-12,1.0,0.07031881504747015,9.340976685285345e-21,1.0,1.0,1.0,2.680292977546509e-51,0.2214651938196749,6.831469950260652e-27,4.4133507287287425e-14,1.0,3.7462509357320127e-37,0.029242058060275997,1.8434031944832904e-05,1.0,4.1754495834211034e-120,0.016171852793098736,1.0,1.0,1.2924399179332982e-05,2.616222424889288e-05,0.0002995101926747379,1.0,0.0008325049574214546,1.0969176093070563e-34,7.533833115580223e-05,6.520145715428862e-39,1.0,3.9868306556940957e-17,2.0637743140370617e-50,0.05378831409431945,1.0,7.236949234271782e-65,1.6613446402804825e-64,1.0,7.335155393406465e-14,1.0,2.0316004228792673e-05,1.0,1.0,4.928578438963833e-93,1.0,2.7397848273510225e-15,1.0,2.012412616666774e-09,3.066617755770792e-05,1.0,1.0,1.0,1.0,1.4463541957329624e-75,1.0,1.805356509867013e-05,1.0,1.0,2.6202927580607176e-27,4.650252712671981e-07,1.0,0.3960902729970231,1.0,0.0005333686331590865,7.076973372705617e-08,4.982523838321802e-10,1.2078566120846751e-51,1.0,2.2318543723301578e-100,7.383993714076545e-43,1.0,4.363794336237835e-12,1.0,0.013622065321871074,0.5091684655973316,1.0,1.0,0.05303253704285997,0.44725748962694467,1.0,5.568597901626154e-06,1.0,0.005511567171430313,1.0,1.0,1.0,1.0,5.926524365408291e-23,1.0,1.0,1.0,1.0,1.0,1.0,4.3470614563637087e-44,1.0,1.0,1.0,1.0,1.0,1.0,6.287882171893776e-29,0.006795843088166333,1.0,1.0,1.0,0.041850453475173646,0.013110014073613525,3.9965324097331086e-14,1.0,1.0,0.01450302599462691,8.050000262093997e-52,0.00036972615938360827,3.6022501839269556e-30,3.190393412492568e-49,0.0013119102582468895,0.00035240954043409893,2.4645570948082917e-24,1.4506746680881547e-08,8.678796214610484e-16,1.0,1.3440597918324438e-06,1.562323870353934e-06,1.9129286796934399e-16,1.0,0.012771583028336427,5.218249155425205e-35,8.289954905027779e-15,1.7318418243148982e-46,1.0,2.4212883273459583e-08,3.0025771796977417e-53,1.0,1.0,5.668842336342929e-37,0.00014534221709380842,2.3586466407565132e-21,1.0,1.0,1.0,1.0,1.0,1.0,1.0,1.0,8.75474203583261e-07,1.0,1.0,1.0,1.0,6.6479486482687235e-50,1.0,1.0,8.276172217097937e-09,0.044305670686142516,1.0,3.032218577065066e-20,9.689612077432699e-12,5.211860230043602e-14,1.0,1.6484812884353657e-15,1.7789335852301173e-08,0.000231201921486608,1.0,1.0,2.0063278753337476e-08
41,1.6361129373713373e-05,1.0,1.0,1.1454787476896305e-31,4.627104391153826e-118,1.0,0.00011493207135049775,4.3669447065615396e-91,1.0,2.790264088119878e-106,5.083517882114495e-42,1.2730240223380762e-146,1.3833916303523035e-49,1.0,0.004541254999228616,3.9634729176566286e-06,1.0,1.5950637537700214e-34,1.0,1.0,1.0,1.0,7.946087429682686e-57,1.6089626205082472e-06,1.634388589937755e-75,8.25578984935547e-27,4.504167395051727e-35,8.599719181957284e-09,3.894221956608267e-39,1.0,1.0,9.496887094284125e-07,1.0,1.0,2.528936319598742e-51,0.01826578363158608,3.6005907110180967e-09,2.091678163294958e-127,4.249340182768111e-17,0.012631163917832115,1.0,1.0,2.791858845347684e-31,1.0,8.79274007682416e-11,6.570230819619696e-165,4.2360249413659476e-42,4.412622570864276e-07,9.97759331469132e-27,3.0474522565754487e-09,1.0,1.0,6.635693743742711e-114,1.0,0.014024338563075188,5.38565427518025e-13,0.06725139168343607,1.0,1.2026716983679055e-36,2.884943884074493e-38,1.0,1.0,1.0,4.967923483047768e-10,1.0,2.676776376378013e-05,1.0,1.9055921568260494e-33,5.4801579771387e-56,5.765085027390475e-19,1.0,1.0,2.9344968036722464e-12,1.0,1.3740271653383808e-15,2.2178497114611687e-46,4.504513664284703e-14,1.0,0.00026486241850999287,3.5872514221757997e-06,4.67069922287738e-31,1.0,8.361912589845859e-07,1.6339421509881798e-110,1.0,6.29715193829701e-07,1.0,1.0,3.1345688825786355e-14,1.0,1.0,1.0,2.1097481347042355e-41,1.0,1.0272951649815961e-19,8.99220968462401e-09,1.0,8.124398230458505e-29,1.0,5.702171615816889e-10,1.0,1.745958022892562e-135,1.0,1.0,0.11448552586179556,0.04958598344153938,0.08449682376975362,0.5400897818273948,1.0,1.0,6.154203429886037e-27,0.1733578989656335,9.623175643016287e-31,1.0,1.952610148981941e-23,2.497785150930202e-60,1.0,1.0,1.3576152547688985e-54,2.6729827154666673e-54,1.0,1.6639214481159065e-19,1.0,0.045254127313775386,1.0,1.0,4.459563802166904e-81,1.0,2.649697761503661e-10,1.0,3.8547114382808145e-14,3.5810936632261957e-09,1.0,1.0,1.0,1.0,4.328491811022485e-65,1.0,0.030040702864310678,1.0,1.0,3.1238895414230446e-34,3.091343892026829e-11,1.0,0.0005573874964756014,1.0,1.656835796286264e-07,0.0002679931051813747,4.25534386137908e-06,1.916702742419686e-60,1.0,2.9272982522049668e-112,2.0909170232062173e-35,1.0,5.45111875379086e-08,1.0,1.0,0.001201380962231839,1.0,1.0,1.0,1.0,1.0,0.006140207172230382,1.0,1.0,1.0,1.0,0.13582741655234046,1.0,1.0355549259429077e-28,1.0,1.0,1.0,1.0,1.0,1.0,1.628902018497547e-51,1.0,1.0,1.0,1.0,1.0,1.0,2.335544244609951e-23,1.043159920241747e-05,1.0,1.0,1.0,1.0,1.0,1.4611310197659106e-18,1.0,1.0,1.0,1.2279417064043026e-44,0.11579219508583434,1.2061036274709888e-24,1.2394100209451823e-56,0.32207961951181435,0.10798833803704301,9.366337149357915e-30,3.3031451981001784e-12,1.0153146359328952e-11,1.0,0.0009876150422958258,0.001101405149233325,2.545119544863303e-12,1.0,2.975125573660356e-05,2.875379568867149e-41,3.451047794775549e-19,8.205454038971519e-40,1.0,6.862327204757438e-12,9.68104898921397e-61,1.0,0.2926017762510051,4.63547093315886e-31,0.043837004469107176,7.822356071954083e-17,1.0,1.0,1.0,1.0,1.0,1.0,0.08180411660894217,1.0,0.000498733848275298,1.0,1.0,0.647070366199589,1.0,1.976060443823522e-43,1.0,1.0,4.0786815097048596e-12,0.00023166519521448535,1.0,1.0730017945505215e-24,2.525773307392028e-15,1.47082709438977e-10,1.0,1.8925108198557087e-19,1.2464880927009458e-11,0.03914601498856522,0.023976712668682728,1.0,1.1851638696595326e-05
42,2.3680966492387473e-21,5.769308859832404e-73,1.9367832237836994e-34,1.0,0.0,2.4449468667615963e-26,5.811897517578947e-97,3.1414873482672482e-282,8.505606079489548e-49,0.0,3.351915428118625e-188,1.4179772373938837e-23,1.0,2.9425931330202314e-39,4.795254008652192e-84,1.069402147527025e-11,9.462791357466908e-38,1.0,1.5635824408569234e-48,8.87589084713881e-28,9.138862880766986e-67,1.5464590533770877e-30,6.124135872699865e-198,1.1937643652790931e-87,0.005168158786223027,5.60762487900453e-137,1.0,2.0072633103079236e-05,1.843331982988704e-159,5.545120719811078e-21,3.6051172116541225e-49,1.0377620847868032e-05,2.0828053238086202e-43,8.903232184120534e-59,1.0,1.1919276764170225e-10,3.453009403843843e-85,1.7120839562506988e-296,1.0,1.9575502478783316e-09,6.954882390714201e-42,2.791858845347684e-31,1.0,2.8624876841907675e-28,0.18929161641718809,1.3986117128603816e-48,2.737495667242358e-152,0.0012765104012855714,2.770331244397603e-121,1.082829364049425e-81,1.0201359871111519e-23,1.534195421844243e-21,8.713802193219938e-268,3.182763766687309e-28,7.315324644546134e-08,5.482042185479998e-89,1.2229066042274074e-08,5.183226535586097e-11,1.391025106902489e-135,1.3523629453865222e-138,2.125290794303773e-28,9.496768811810033e-41,4.7330437364617385e-22,2.190312577765733e-78,4.215741343702369e-38,0.0026754213752625674,1.4806322132181508e-13,4.52039885304865e-126,0.018904653070224986,1.0,1.5974755199122906e-38,1.10029198937768e-09,4.02244525424192e-81,2.292148848173693e-43,1.0,8.340677659171449e-148,3.8152744265986836e-84,3.6830891722508423e-42,0.004641694493769748,0.1574902008384556,7.389541391345404e-117,2.742830006625209e-36,0.7547226924303678,3.053272056561741e-28,1.7591521252384006e-42,1.0,4.261216044157851e-20,1.636500221350296e-09,1.0,3.080509979369869e-21,2.8888597963007973e-33,3.5513524895967425e-16,1.0,2.8666502023613346e-09,1.0,1.0,2.108467785404609e-28,1.0,2.4578233704290495e-07,5.105585869435942e-67,1.663453953709409e-37,1.2598662917988997e-268,1.8236773805678211e-06,1.9379805709813564e-12,3.675416833183337e-44,0.005370654967787689,0.0033604485108045764,0.0004327552912801067,2.343808195295186e-39,0.00021533114625393523,1.0,0.003287336223520569,1.0,5.461333210330355e-15,5.600836776721318e-91,4.785237053481154e-153,7.1491333620475156e-06,1.053073487100543e-29,1.2556608827079024e-06,1.2964196556335847e-06,5.2007503538437e-28,4.744723360554675e-81,3.197073867286358e-35,0.13646039179762662,5.834429085149802e-07,4.361246415195528e-21,2.583613532794066e-20,9.020255053019871e-10,1.0,9.17594053243508e-32,1.653382838820271e-67,6.421410944869985e-57,2.351003111352189e-09,2.3075536051514675e-16,9.990805122847853e-13,3.985170276643575e-12,3.112573651236973e-13,1.792408751848321e-32,1.0,3.4184278647012634e-09,3.714844266840354e-08,3.9308948733032624e-102,9.368733605034566e-60,1.2143913531825333e-06,1.049832213800967e-42,2.4355923229706275e-15,1.1850829572364077e-50,1.0,1.0,4.413744729553318e-140,3.06456022752754e-32,2.2121888373516976e-213,0.07917742726689327,8.084255315555043e-19,1.0,9.983837019408384e-16,0.21111731325959765,1.6338644838165173e-38,1.642605029216035e-12,6.834120745265146e-24,0.14055104669381474,0.01668032217019429,2.91166314884678e-13,1.0,1.9238598162719508e-08,1.0,6.714911580695042e-24,0.0004410934573777614,4.133102956109615e-32,1.8058586935990235e-14,1.142101868758111e-84,2.4912060895092527e-14,2.8579983833766685e-16,1.1021928761171072e-09,5.604417780233549e-26,2.090466704512411e-15,1.3280349289317723e-05,2.3828253185103426e-118,6.362600382015012e-07,1.1610286803562594e-25,1.0714226321305556e-08,2.062242225826787e-18,0.004064977838675048,0.004458840539845666,1.0,1.5957679135077302e-39,3.0839147124415513e-14,9.367595543229655e-23,0.0014863367598924552,1.0,1.0,2.2877677835118635e-63,2.258654192655555e-15,4.214397808353278e-14,1.0,9.81979281674151e-09,1.0,1.0,6.354633705287462e-122,1.0,1.0,5.61258668803224e-81,5.730110511047796e-51,1.0,1.3400943950921887e-06,1.0,1.0,1.0,4.511109221627824e-12,1.2665081555118214e-36,4.7952319869979105e-98,8.281894116589121e-63,7.91417442453846e-07,2.8266788051510692e-14,1.5152263644104792e-49,5.8838124402516684e-126,4.195621882228379e-08,6.87190245429049e-27,0.005204009019315356,1.0,1.0,6.718930133320494e-11,1.0,6.323360965037135e-08,1.410466891729393e-20,1.9725025762101242e-12,0.17967039274406926,3.515931618063898e-27,1.6495202457182327e-20,1.0,1.2717135776900765e-15,1.857132483240897e-14,2.6577672376366663e-24,0.07303974904504307,3.4088562207639713e-10,3.0207977888818966e-13,2.4018738853641108e-15,4.181403215688822e-46,4.820750481218144e-31,4.4546576672429027e-13,2.3450766653155647e-66,7.97974575474156e-51,1.0,8.681499954966918e-15,3.152435737741784e-57,7.355272668247148e-44,1.0,1.0796915767294853e-25,5.667990108942897e-05,1.0
43,0.0014830680276787212,1.0,1.0,8.14294239504439e-28,4.906632484421421e-125,1.0,1.4768782049245343e-06,3.675149129634232e-97,1.0,8.566460576939067e-113,2.9255628300022364e-46,1.0504784127632406e-138,5.0472379425438666e-45,1.0,0.00010975234226066733,0.00023887215797263153,1.0,7.335879412317029e-31,1.0,1.0,0.5737592758157524,1.0,3.1936786897070476e-61,2.284558952122699e-08,1.9736835798136845e-70,6.267196792737512e-30,1.2647412406499352e-31,6.498601612764109e-07,9.52233303731181e-43,1.0,1.0,4.128259114984789e-05,1.0,0.2245867188234246,2.2041295520102207e-47,0.3070675285907586,4.610017345041008e-11,3.041598268058488e-133,8.69625589873582e-15,0.20784615072884977,1.0,1.0,2.8624876841907675e-28,1.0,6.629677010316104e-09,4.463066300803615e-158,1.5802993982544114e-45,1.6807682337778714e-05,1.6420433827043078e-29,4.481003605603117e-11,1.0,1.0,3.1972030767309095e-119,1.0,0.20493154578216138,4.964634992555946e-15,0.8261267273219355,1.0,1.0205210214709926e-39,2.134285227210027e-41,1.0,1.0,1.0,8.096828111512983e-12,1.0,0.0005982496330172518,1.0,2.58287992187412e-36,2.4189802333824827e-52,8.831505347246536e-17,1.0,1.0,3.935572637155357e-14,1.0,1.3475227804244235e-13,1.177933923067344e-49,5.043996764187476e-16,1.0,0.004359855189063759,8.227459381568531e-05,1.0092487816887285e-33,1.0,2.0577867707368966e-05,1.2178446181030434e-105,1.0,1.527508402678209e-05,1.0,1.0,2.047020890288855e-12,1.0,1.0,1.0,1.5929340706860076e-38,1.0,1.1002329660007602e-17,2.536495885430574e-07,1.0,2.015247777049319e-26,1.0,1.5451926125579975e-11,1.0,2.5500929736431584e-140,1.0,1.0,0.01222407110480406,0.42155804869842234,0.6825864169939566,1.0,0.3603603004770794,1.0,1.0377352598036822e-24,1.0,2.201839101259013e-28,1.0,1.5498598672612255e-25,1.6138135147524403e-63,1.0,1.0,1.448183065058637e-51,2.725444225117777e-51,1.0,2.1505578360643706e-21,1.0,0.34154405386012515,1.0,1.0,1.651003861821664e-77,1.0,6.469222016673922e-09,1.0,9.808776043428995e-16,1.5862265763830195e-10,1.0,1.0,1.0,1.0,5.593150205886252e-62,1.0,0.21397518983098765,1.0,1.0,1.72144515243974e-36,1.1703575923941208e-12,1.0,5.423209512287322e-05,1.0,1.0167116775506396e-08,0.0025039758335717705,5.113617588496938e-05,2.924956724109196e-63,0.23629016787517942,5.297203241906321e-116,3.173176670833578e-33,1.0,7.543323101934342e-07,1.0,1.0,0.00014218592123162668,1.0,1.0,1.0,1.0,1.0,0.04080459704684254,1.0,1.0,1.0,1.0,0.023165088082287847,1.0,1.3714338843907892e-30,1.0,1.0,1.0,1.0,1.0,1.0,6.80763111130967e-54,1.0,1.0,1.0,1.0,1.0,1.0,9.7323205115658e-22,1.123861640544297e-06,1.0,1.0,1.0,1.0,1.0,5.0435216666722977e-20,1.0,1.0,1.0,1.653242145351026e-42,0.5458144609105247,4.935445699823354e-23,5.359898868560318e-59,1.0,0.5069214058323557,1.6334181888008584e-31,2.0103281832968844e-13,1.4719863155809492e-10,1.0,0.0060874515424059845,0.0067114840783021375,3.847872716459907e-11,1.0,3.713959997324331e-06,2.8010162421795683e-43,1.2555614652563232e-20,7.741716884605627e-38,1.0,4.4981952795476243e-13,3.9980304755739606e-63,1.0,0.06313881254474395,2.540317646436023e-29,0.2075884648471639,1.588804283827812e-15,1.0,1.0,1.0,1.0,1.0,1.0,0.017064112570235438,1.0,0.0029055567856908315,1.0,1.0,0.15837873623666593,1.0,1.6588970924494051e-41,1.0,1.0,3.2719554413467393e-13,3.845426601291947e-05,1.0,3.867243447308857e-26,1.6787964185707592e-16,1.4396280990781868e-09,1.0,9.822164177893046e-21,1.1265133180050466e-12,0.1611521453492381,0.005287670669841146,1.0,7.187284058669578e-05
44,0.36499389472990745,5.854358161966911e-32,4.173632802640243e-08,1.0,2.0141574013270786e-238,0.0001520382565178663,1.5950581673447117e-50,1.6215380694619777e-197,1.2426430859749434e-17,4.221024143960052e-219,2.4553642469744515e-121,6.473708418308785e-56,0.00020642835969656646,1.5011380311527872e-12,3.962674247249151e-43,1.0,4.691989444129876e-12,1.0,3.648283189686301e-19,1.4808002494276204e-06,6.774221808298121e-32,1.3980994146316765e-08,3.2694134263977503e-135,5.833590985983292e-48,9.055183901901676e-20,2.2406258381162162e-86,0.1942914044806365,1.0,2.6207970231478556e-105,0.0006251639741053066,1.0413483892971648e-21,1.0,3.5638651130475e-18,7.008194052567525e-29,1.8234025055429337e-09,1.0,6.000915805598861e-49,1.668935940291506e-224,1.0,1.0,9.563034258710072e-18,8.79274007682416e-11,0.18929161641718809,6.629677010316104e-09,1.0,2.3250499701916142e-82,1.855909978427461e-103,1.0,1.500894772442537e-78,2.466514235319249e-47,1.8846422689589217e-06,3.4192374014972815e-05,2.171635913951826e-202,2.4890038819663617e-09,1.0,1.41264210507514e-53,1.0,1.0,9.301376660852461e-92,3.063968274091881e-94,6.538069771247757e-10,2.882440887748705e-18,4.796926821893557e-06,2.53299994087177e-46,1.4499531632109737e-16,1.0,0.25764961595692487,4.9687512410167214e-85,2.628640841108062e-15,1.0,3.2195219603865924e-17,1.0,3.1800028946786184e-49,9.891728513702412e-21,1.0,1.3616555771585332e-103,6.118268856520933e-52,3.083438868878233e-20,1.0,1.0,6.378403945263949e-79,2.706301772598965e-16,1.0,7.527767068632849e-52,8.269597042965459e-21,1.0,9.55018964715442e-06,1.0,1.0,1.311551310721685e-06,7.870752966036891e-15,0.00118927294451946,1.270325970180405e-09,1.0,1.0,1.0,1.0990225188939367e-11,0.0015216199537310875,1.0,1.0037359009774639e-40,2.4366917877734147e-18,1.5483919445004083e-213,1.0,0.08652779790425977,1.65744595971225e-23,1.0,1.0,1.0,4.35972832214405e-20,1.0,0.0025622809940436895,1.0,3.195166526561082e-05,0.001727207185943624,3.41626409489264e-61,8.540594133723665e-114,1.0,1.778840792588248e-13,2.3187434036572263e-19,2.781311724487301e-19,1.7419771548477493e-12,8.70228642327155e-54,9.13700319028618e-18,1.0,1.0,6.480775140168107e-08,7.270580888576168e-38,0.8132393871005497,1.0,1.3527523480239939e-15,1.2005236322272072e-43,3.546544022520862e-35,1.0,4.8680791644004095e-05,0.00997021588804316,0.022398874382290983,7.462589838490997e-28,1.7437130524129413e-16,1.0,0.9729413749182113,1.0,5.0531465365086086e-73,6.41326998545307e-38,1.0,1.3144416938013977e-24,0.00011577159895129508,5.913124449784418e-31,1.0,1.0,7.517616365065292e-107,5.4587787805726946e-17,4.6440650832406985e-172,2.1318190664911554e-10,1.9153619227688007e-07,1.0,2.4320843691538244e-05,1.0,2.57665241571494e-22,0.00249620322588507,2.649237968172394e-11,1.0,1.0,0.0006666125637550328,1.0,0.7236060785366148,1.0,1.8873426149976442e-11,1.0,1.0685636361557471e-17,8.154614456098435e-05,8.358167961083196e-61,9.330620806373354e-05,4.262240278710445e-06,0.08240843710222343,2.4226221304077476e-13,1.0981953185331045e-05,1.0,1.3947279935931461e-90,1.0,3.581893279261058e-13,0.2765377133595047,5.938526028716225e-08,1.0,1.0,4.237343468693612e-05,3.3436213721179706e-24,4.5588978378538394e-05,2.891596084533447e-11,1.0,1.0,1.0,4.767818728823453e-44,5.464625417136451e-06,3.8594343795820687e-05,1.0,5.7441194849392635e-19,1.0,3.1369575701135425e-06,4.980177739709829e-95,1.0,1.0,2.298021203284394e-59,5.417592459391882e-34,1.0,1.0,1.0,1.0,1.0,0.000717094269694964,1.899386453280919e-22,1.9977739179629458e-74,4.3111900100442626e-44,3.972325619145753e-16,1.8947415984051628e-05,4.534957281156628e-33,3.196212217822533e-99,0.2763398416192131,6.5657003031676435e-15,1.338910460803241e-10,1.0,0.024479519152039345,0.0031243822440759506,1.0,0.2734572669051165,2.768671196195311e-10,0.00022330965565240085,1.0,1.9137216249026376e-15,2.532662907933523e-10,1.0,8.976740247546391e-07,5.760172860498228e-06,2.1574064835464774e-13,1.0,6.520335404362243e-20,3.6050276716692416e-05,8.950015545116169e-07,2.152513416933574e-31,4.67995028141628e-19,3.349720328270961e-05,7.199728169552799e-49,1.2197192994143486e-35,1.0,1.2798768951933858e-06,3.0425205333390647e-41,6.106750096550915e-30,1.0,4.606537648416639e-15,1.0,1.0
45,3.213607907865317e-204,0.0,1.736430147561661e-230,1.7344658168453785e-110,0.0,1.0183706718395209e-198,0.0,0.0,1.425144429850012e-250,0.0,0.0,3.487458273423225e-10,7.270284638222566e-70,6.4981156946993515e-220,0.0,4.1383624838970976e-144,2.0071012940438276e-211,9.171467295872171e-78,1.0443871446999592e-231,1.472159678812594e-183,1.6770053985822812e-265,2.934061199122442e-184,0.0,3.6805382175021536e-297,1.0473148139098242e-26,0.0,2.0789139102187208e-60,2.278209819394551e-109,0.0,3.104729975078097e-150,5.041556801104307e-212,7.922922428509303e-104,1.4269527419010834e-196,5.573077921213832e-227,6.11034863119785e-34,1.4327724476647234e-118,1.727853670287454e-271,0.0,2.705900805985467e-72,1.8211303290460733e-111,1.5728530952518081e-187,6.570230819619696e-165,1.3986117128603816e-48,4.463066300803615e-158,2.3250499701916142e-82,1.0,0.0,7.577961161805233e-89,0.0,1.2407314803719668e-257,1.0241285474392113e-143,3.345062978718855e-138,0.0,1.1441116278055235e-152,9.374091841940944e-101,5.556054839982403e-266,2.293428555346933e-102,1.0337944357709893e-106,0.0,0.0,9.163883655397021e-148,8.077611894116105e-173,2.6100072491623553e-132,7.737462375674996e-241,2.9022732313929844e-166,9.163647473369204e-80,6.680386797359555e-110,0.0,3.5954212817695035e-15,6.5298903474344426e-49,1.0576014533007594e-163,6.587411003317833e-98,3.988566187217468e-240,2.3513401466513683e-172,4.600111831948258e-53,0.0,6.364344265423744e-243,8.77006031155644e-167,3.932731341683891e-74,1.4286323299337753e-68,2.771237733266093e-292,2.421703765401957e-153,8.941396505204006e-65,1.0,1.950037018382348e-164,1.8770832250678656e-62,8.110687617504396e-117,2.2369658532832765e-90,2.630201538783567e-46,1.1568730866525185e-117,2.815628767579268e-141,4.563662313652688e-104,3.5449807017023746e-15,8.831078621048054e-87,3.928442744252537e-34,1.8469816818073667e-51,2.5575324680576168e-129,1.7283664140475e-23,1.0506707306198416e-79,2.5632355985222163e-198,3.332493070955067e-145,0.0,1.104697481570464e-75,1.1723953396993742e-90,1.8594542136288448e-155,1.902408892021313e-64,6.699705114365927e-65,2.2257965628901657e-67,2.2509496053446987e-145,7.978213632515746e-68,8.208458637876427e-21,1.394064648617055e-63,2.5504354174534898e-17,3.109705098237221e-94,6.56224595227969e-230,0.0,3.4326902604563413e-70,1.3056518287435457e-123,0.0047032973761915245,0.005859403386546046,2.291574427952716e-118,1.3917574149506462e-209,1.2808266773371854e-131,2.724372161841505e-54,8.625965315390919e-70,3.715643771139763e-102,1.0,3.008968350479238e-76,6.617568535343194e-34,5.119278480576848e-122,3.834674342484552e-182,1.8145397734108768e-164,2.601100215410604e-73,2.554805029721598e-89,3.1839278917282804e-81,1.2750820224778319e-79,1.0,2.8632604324038213e-120,3.282232263662533e-47,3.228978274235241e-71,1.362926293283839e-68,3.355204362350569e-232,5.536340895888565e-166,1.0902733150824253e-63,6.2559668088897124e-136,6.920094803559751e-84,9.40946747709299e-149,2.8806665935616557e-38,2.6350276734895896e-34,4.947654059614908e-281,2.427079587704913e-114,0.0,0.00020089414418685968,9.031505045083885e-87,6.668607993712292e-27,3.0333776997126486e-80,6.419765768184224e-45,1.4762091113097561e-121,4.552285347738039e-72,1.4081596455210682e-94,3.1272989732494005e-44,7.505010602247262e-47,8.205580331377492e-73,5.1992061600914255e-34,1.0707765025142501e-61,1.9489935965497247e-40,2.2129499960689343e-93,2.3808689919305765e-50,8.064159018849674e-108,2.8326214416900248e-74,2.645112080647137e-191,1.3027019174578234e-73,1.6491547363939842e-77,2.1328077842881613e-62,2.2073240220780666e-94,6.442290722837174e-74,4.138583918629707e-52,2.7117000226395644e-236,2.555835764435159e-55,2.952992838353929e-93,5.2154170430545615e-59,1.4453685141464595e-78,1.0584429179863329e-44,1.6344754112079738e-44,2.1963714456987102e-05,1.4752370416854085e-115,1.1609471260670774e-69,1.053314723111755e-85,5.635740063601531e-45,8.660526980045453e-35,3.145753457343987e-33,7.135620607229362e-152,1.0042783912817222e-70,9.160486859901122e-68,2.3667668688912213e-32,1.0,1.1752215904595246e-28,0.001980176641159149,1.3496786229318072e-234,1.5218831845995143e-29,4.45209818279765e-28,3.303440982136249e-176,6.097093090049412e-131,4.084166177406752e-12,1.193843461022611e-50,4.798932677434107e-23,6.677248401601529e-23,2.947462957658784e-11,2.7383765980111377e-62,7.601959766914083e-107,2.6639689135868473e-199,5.58934271001087e-148,1.0,2.488615774123398e-66,4.069924547075402e-127,5.054412158058152e-237,3.243728606098114e-53,3.0013254495734443e-89,1.0,1.6337523244847887e-24,3.418133416635963e-06,3.2890680034478495e-58,8.022037849044773e-33,1.8915245370953584e-51,2.1853152395233795e-76,1.7144079670800866e-60,3.673876411999863e-35,1.817091320327642e-87,1.5405276923422993e-75,1.2363522278002478e-18,9.908828093436195e-66,3.7868005275814835e-63,4.825759095598336e-81,7.632106333820649e-35,1.0,4.1666449061208733e-60,1.924942991891648e-63,2.0021255866774564e-114,3.749446753254469e-90,2.1661471735586374e-58,2.8487288755402894e-143,5.653714244587436e-120,4.47778569504543e-07,3.324129389477782e-60,1.17687828788057e-128,2.304056527069882e-108,2.1569712267443023e-17,3.132043702249506e-79,1.1007241552633876e-39,1.581161817634082e-11
46,9.300145519519431e-135,3.5471181926707975e-54,1.3418936572033014e-98,1.8421014187767135e-199,0.007644914511601007,6.054369011900589e-99,4.674104382107473e-28,1.0,1.7572699436520902e-65,0.3788490184881292,1.0,0.0,8.380841417069482e-228,5.708519722816123e-68,1.0238092107897204e-26,1.1284014990294184e-112,7.256730498000533e-65,2.8364089370766306e-186,1.0784156611090305e-49,3.473622223277082e-74,3.979174842345791e-32,1.0416548677782147e-63,1.0,3.573558858402392e-16,1.4118980901133046e-254,0.8439529642817108,2.444872490494304e-174,3.388696923894252e-109,1.0,4.392027066035243e-66,1.0078976810885684e-32,5.042486156836951e-97,7.04912614044806e-35,3.7430654589376666e-23,1.8853504242134974e-197,9.19811621492056e-82,1.9888895997311187e-08,1.6436126063745666e-17,6.733694683141511e-122,1.2441319678156007e-79,1.0264186720983008e-31,4.2360249413659476e-42,2.737495667242358e-152,1.5802993982544114e-45,1.855909978427461e-103,0.0,1.0,4.473539593021667e-91,1.0,7.143393314691972e-07,1.8109483054219655e-47,4.1503156097493845e-50,1.0062931797888749e-14,1.492439045634261e-40,9.965807760115039e-75,0.002517501500403191,1.1100282356871088e-71,8.427194194345062e-63,1.0,1.0,1.5399156619816797e-35,1.1083393422801757e-23,5.4124890195578426e-42,0.00029507625440816214,6.54824820658563e-25,2.279663396973988e-78,3.8185830979433543e-53,1.0,3.2776565156144197e-185,2.6351955323129312e-112,3.4980655575555717e-22,1.125946909110318e-58,0.06006451707944627,3.8704319038719365e-18,1.47983103017585e-103,1.0,1.0,5.850013000655343e-17,6.035178671063086e-71,1.8301332697998532e-76,1.0,7.360017417488129e-20,4.169712526506349e-77,1.1163454027292653e-265,5.440431147851949e-15,2.4700251891523004e-76,1.460748335956999e-33,1.4133970315688876e-49,5.339948482916126e-94,1.4425208726487796e-30,4.757449933510657e-18,5.861507124416002e-35,5.466921997216793e-146,3.1911981900368323e-46,5.299523543246105e-103,2.6731038909162442e-77,1.9839608991658903e-20,1.0051095147507978e-120,8.422060504870542e-48,0.9429995371114597,1.86848569022358e-12,4.7147745963902164e-36,1.5375736655669198e-47,1.3602981376759604e-35,1.0252117250390908e-07,2.280870813435223e-55,1.956170669604055e-54,1.906733407354767e-51,1.4320989284055577e-09,6.410778895801413e-50,2.8602353219636993e-112,2.972983778406409e-52,3.583489249218993e-119,2.7121520951715175e-29,1.0,0.000490488342638839,1.5390010671399173e-43,1.190287997849479e-13,3.863068560443654e-158,3.648700565303927e-157,1.257781562685702e-13,1.0,1.0764243092876914e-08,1.2176518643427976e-50,1.0023804852109413e-36,1.0431412035314536e-17,3.0000531204789656e-196,7.162954823630149e-31,2.7230027874945884e-71,5.335774977409852e-09,1.0,1.0,2.392213655675747e-29,4.4208001078003066e-20,2.0851508757544778e-24,5.546369697899801e-25,9.08535411543159e-168,5.676946064669128e-07,6.863265498255097e-48,1.1125861485047181e-27,2.830699908100328e-29,1.0,1.0,1.2028853675008039e-30,0.16126780635219104,2.3075205772138882e-18,1.0,1.0725200977744566e-51,2.8564974343265413e-56,7.368707037502739e-08,0.00019181403106946623,4.405335881030994e-34,2.157953020040758e-112,1.2437531917998144e-11,4.341734874795579e-58,3.145293625177057e-14,7.592949641564507e-37,1.0,1.9878958272714515e-16,1.0314264909535818e-06,2.0905915904089163e-34,8.180393817153291e-32,7.520028487519206e-15,1.0808330220806e-43,2.3399856306846933e-20,1.69082243256749e-36,4.8961483110403205e-06,4.240346146707984e-27,0.07283267178733502,9.448724935686045e-13,1.0,1.3768235404864193e-12,8.811961146889696e-11,1.4854628806897058e-16,0.0017458054473073815,3.630793696766784e-10,1.2206652639167577e-21,7.550648325933729e-07,1.4400046254645083e-19,0.0022138348093630883,1.1513274644603246e-16,5.52734935699746e-07,5.1525869095079e-25,5.443022891211122e-25,3.025967804063482e-82,1.0,8.875302402207443e-10,0.0008994648987843831,5.771216127799822e-23,4.017504216084039e-31,3.0483472098817845e-32,1.0,5.601837130779086e-08,1.0483884195072036e-08,1.0003248453445002e-31,2.143000380611561e-115,2.2423884638129923e-35,2.2922075486128307e-82,1.3239298615551417e-10,5.323100420648005e-34,3.573908819368052e-35,1.0,1.0,1.1463409378463562e-57,7.344652616412433e-16,4.564571380039055e-40,8.51485077688e-40,1.3640572577170047e-58,1.8087063269998098e-09,1.0,0.00036993926852516365,1.0,4.759891349658128e-106,2.5860239316017393e-07,1.0,2.2097181121446546e-13,4.3742455254723723e-13,1.0,4.916096344878644e-91,1.1270603240248985e-34,1.4706487447363613e-65,2.9314603470301667e-09,3.556549224670237e-25,5.159218178901944e-12,0.026809032508409273,2.8141483655289334e-07,1.1427155111239605e-21,1.0,0.05399933860034252,3.8314697554979666e-38,0.0002569769343858313,7.121946126126842e-05,1.0,6.24086293685892e-19,1.9030092142756083e-106,2.749586202975308e-05,0.001782036086527249,1.0,1.0,0.0001600124234342776,1.0,1.0,8.841080352410142e-49,0.013393125934916138,1.0,1.0,2.1113697754148865e-30,1.0,1.1751526569436735e-10,3.778081562986243e-38
47,1.0,1.3572173855638532e-23,0.0006524433581000949,1.0,6.754321969708179e-210,0.2566196776328506,3.739124059075469e-40,5.109183602081699e-173,7.298545579180527e-12,7.2807882156858235e-193,9.0193605871058e-104,1.7502200380658681e-62,1.4498202903258776e-07,7.682232132217545e-08,3.381471130506613e-34,1.0,1.5805732554985576e-07,0.025960332191145213,1.4719071805227978e-13,0.00391096083387412,1.2377892922038329e-24,7.319722275712645e-05,1.757028316408287e-118,4.336608585414498e-39,3.4372846733621816e-24,6.774665789005468e-74,0.0008698827625327291,1.0,1.689992854910257e-91,0.2786596752732381,2.8969441139638727e-16,1.0,2.733601180330332e-13,1.138741487490751e-22,8.670720598215319e-13,1.0,9.00749736988495e-41,1.1486721713535132e-203,1.0,1.0,4.610976373652731e-13,4.412622570864276e-07,0.0012765104012855714,1.6807682337778714e-05,1.0,7.577961161805233e-89,4.473539593021667e-91,1.0,3.5842068097569917e-68,1.3219251688431651e-39,0.0015924365829694295,0.01710522251186992,6.727575061873372e-184,5.835219486088158e-06,1.0,1.871467333800028e-45,1.0,1.0,7.267632683902972e-81,3.592824710594154e-83,1.4694667226973026e-06,7.836909521456937e-14,0.0025763402204320284,4.139367033187974e-39,2.278153240811218e-12,1.0,1.0,5.979257390948741e-75,8.682547213829284e-19,1.0,4.96613857470743e-13,1.0,5.632838181598253e-42,3.6503511674144383e-16,1.0,2.0391180254067127e-92,1.4567657464674785e-44,8.15025930305131e-16,1.0,1.0,1.0433236542233229e-69,2.28849162506467e-12,1.0,5.758756536946198e-57,2.0757272156790196e-16,1.0,0.002940120060475404,1.0,1.0,0.0005058791025603002,3.1570859944407174e-11,0.1463432551999437,2.199634627543687e-12,1.0,0.3980478148051189,1.0,1.6707402910835374e-08,1.237932077966951e-05,1.0,7.229472063421001e-35,1.7873646819049234e-14,3.5932243753994904e-198,1.0,1.0,3.3336186442513205e-19,1.0,1.0,1.0,3.823825183264397e-16,1.0,2.6897421736871842e-05,1.0,2.0443835530275084e-07,0.15288802257552453,3.374273330466224e-54,8.167651313140363e-104,1.0,2.687346861110675e-10,1.3196708875752688e-22,1.6415014598637655e-22,1.837452084274563e-09,1.7559858572538852e-47,3.186602411229122e-14,1.0,1.0,1.8203056506144546e-05,6.594370130175437e-42,1.0,1.0,2.3764048970985996e-12,2.950466596257985e-38,2.19901180812839e-30,1.0,0.0051522123964242985,0.4966487104429337,0.9773329928960747,2.2518896281080924e-31,3.0349148626643304e-13,1.0,1.0,1.0,4.856513827936864e-66,4.654114947415359e-33,1.0,9.171327378750607e-21,0.009436950352944822,1.158736420357885e-26,1.0,1.0,1.593730658884606e-98,7.229904075900824e-14,4.347206954264237e-161,9.654195515305863e-13,2.6992379092337788e-05,1.0,0.001949630380022887,1.0,6.866919026116594e-19,0.10534584956735493,8.135461926988258e-09,1.0,1.0,0.03202835544182606,1.0,1.0,1.0,5.54334193311378e-09,1.0,1.0330534112659208e-14,0.004801296328316676,3.376757573591876e-55,0.005309112150966612,0.00034287737540405854,1.0,8.680282559033464e-11,0.0007226884458950583,1.0,8.814562141269965e-84,1.0,1.1962321454120267e-10,1.0,6.233073038059065e-06,1.0,1.0,8.260433672487512e-07,6.5070916525852064e-21,0.002326138984825945,5.7220030951698e-09,1.0,1.0,1.0,1.1907795252568763e-39,0.0003274116291741829,0.0018414662430653855,1.0,1.5869108364300142e-21,1.0,5.4888778526370114e-08,2.0156284581468772e-88,1.0,1.0,2.671180097008883e-54,3.205250530923482e-30,1.0,1.0,1.0,1.0,0.6437880570961946,0.023199255850985877,2.046815466108853e-19,9.111698485182093e-69,7.919369356970746e-40,1.7199011153973557e-18,0.000884806250167413,2.0474134410215344e-29,1.244148330141274e-92,1.0,1.9465096708715187e-12,1.2876190048630352e-12,1.0,0.0011168026137912792,0.07887991624511627,1.0,1.0,3.187886178886691e-08,0.007193672796852088,1.0,5.237398915925126e-13,2.7992380848816794e-08,1.0,4.6839616273479056e-05,0.00024770377538982965,3.7730530910170096e-11,1.0,2.582397124607045e-22,0.0012505258499572152,4.199669312782204e-05,3.9297922383834934e-28,1.651365511661003e-16,0.0010813022817216433,7.699599884050249e-45,3.104489242497076e-32,0.8007592840387379,5.08904778660496e-05,1.300747930794274e-37,7.313792917697286e-27,1.0,7.673458597302157e-13,1.0,1.0
48,2.2419606852009847e-96,6.858123213509471e-32,1.997771121369503e-67,1.39323273372354e-153,2.940012481085807e-12,5.876751107852677e-69,3.8923177133638744e-13,0.00012278531083468518,8.432994634696759e-42,2.383364321058086e-09,1.0,0.0,1.389963392022796e-180,1.414391102716671e-44,8.326640906805834e-13,3.216533396962464e-82,1.676228778360534e-42,5.3596671208221796e-146,1.282428296375506e-30,1.5890072162705658e-50,3.1806321214045664e-17,1.691630662579116e-42,1.0,5.5727504696972225e-06,4.314060487117955e-209,1.0,4.4784374564176755e-138,1.970796740037793e-81,1.0,1.583918561636789e-45,1.1172377127026439e-18,4.773014902309077e-72,1.406457209873521e-20,1.3096159039561287e-11,1.774511766706375e-160,3.788343746477959e-59,0.20389107297799178,1.3927665458000575e-29,3.2324114604766995e-94,8.204268826582567e-58,1.8105583924544476e-18,9.97759331469132e-27,2.770331244397603e-121,1.6420433827043078e-29,1.500894772442537e-78,0.0,1.0,3.5842068097569917e-68,1.0,1.0,1.9719029986267447e-31,1.2281919841854451e-33,1.3488149483384073e-25,6.627262808857181e-26,1.8501666459931078e-54,1.0,5.820006370128988e-52,9.69002687442566e-45,1.0,1.0,2.901391249980631e-22,6.003913328231946e-13,1.3198715563924589e-27,1.0,5.743195032860191e-14,1.6654264274741223e-58,5.026112275326828e-37,1.0,1.388552970178589e-153,2.275980548192022e-88,4.7926948205612465e-12,7.093536102827647e-42,1.0,5.247693022973229e-09,7.955233348816339e-81,0.7903216083735318,1.0,2.8610946516081733e-08,7.335228358701979e-53,1.2113824786978524e-57,1.0,1.424782300175374e-10,2.1064839624586703e-58,7.340787486700586e-229,6.256346394089739e-07,6.3081836968059e-58,1.2285397064820151e-21,5.093082888092696e-35,1.4854239176548122e-73,2.46787155246389e-19,1.6893115185170752e-09,4.2121201095341496e-23,1.2818072231324885e-120,1.5910517171869078e-32,3.991532452799143e-82,1.8265579580155427e-59,1.80293135129177e-11,3.9135801884334866e-98,4.472969490713366e-34,1.0,1.8317833990935483e-05,9.145153675958139e-49,4.7694051628044635e-34,4.810824063593714e-24,0.04170230433134119,7.29984818647903e-41,4.3449240726432415e-40,1.4607284774152164e-37,0.001782068102656427,2.566650041967399e-36,2.0194801220829483e-91,2.102403297075947e-38,1.0275595960927076e-97,4.756837236209976e-19,1.0,6.086954881076193e-10,4.102504636246546e-31,1.149962260035057e-06,9.656213365701886e-134,6.090785077131806e-133,9.621725721547647e-07,1.0,0.004570547159953501,1.3279585864217096e-37,1.0076952238201637e-25,4.645152120688128e-10,1.2379829025269079e-169,7.183446445222106e-21,6.8567829519478675e-56,0.0020588847263014257,1.0,1.0,8.780177366299026e-20,3.749728357681767e-12,1.095971829298726e-15,3.522033500540623e-16,5.137175211800132e-144,0.047860975150159656,8.938343638975431e-36,1.4911405441881324e-18,6.771210975317316e-20,0.21365319316127684,1.0,3.6731500470481125e-21,1.0,5.410333097239524e-11,1.0,1.9635815455794932e-39,1.814950493606988e-43,5.255482808557679e-14,1.0,1.5106968473549937e-44,2.2314426659701035e-94,6.687366332530024e-06,1.499092388978086e-45,5.716325427834044e-08,5.901253243311601e-27,1.0,7.807486696375502e-10,0.031346555426277234,5.077554787684655e-25,8.290656420323513e-23,1.2859127426313721e-08,3.724897570468777e-33,3.6636371293508583e-13,6.551975739624384e-27,0.0891531270555826,6.93964057241466e-19,1.0,5.303085568578764e-07,0.41176270644068064,6.785867307102652e-07,1.8217424274566426e-05,3.3709229561045816e-10,1.0,4.360780080495145e-05,1.7086190082678837e-14,3.565450603863519e-12,9.33204993766932e-13,1.0,2.20249478944458e-10,0.011135154260026403,1.8478221219331935e-17,1.895378460550824e-17,1.7430737211568811e-68,1.0,6.87240578830576e-05,1.0,8.144420247951328e-16,7.513826474779116e-23,7.586612626899482e-24,1.0,0.0015277345157639003,0.00038954023876439905,1.7843868600139368e-23,2.098808408933249e-99,1.1198068212814373e-26,5.518572491786927e-69,2.098347215019804e-16,1.7018456944794502e-25,1.5095364185670993e-26,0.008225345997858617,1.0,1.1918331267760135e-46,5.132446159086534e-10,6.335154254669645e-31,1.0356758169679206e-30,1.5614212645771169e-47,8.066219396406929e-05,1.0,1.686540871047447e-08,1.0,4.5723017419607644e-91,0.003847218109162502,1.0,1.6178305954308084e-19,8.604432972048028e-08,1.0,2.373488415199681e-77,2.278829332492482e-26,3.8293893498360584e-54,9.362486193952301e-05,3.9452342463007094e-18,5.117597893392608e-07,1.0,0.003137513833974984,3.4111776861421353e-15,1.0,1.0,1.1474434358847114e-29,0.5473016959153371,0.19842943441461042,1.0,5.166276639508615e-13,2.0919219643816484e-92,0.08830117917887594,1.0,1.0,1.0,0.2944816060558524,0.024824244943187794,1.0,9.091397174130855e-40,1.0,1.0,1.0,2.4737053409544846e-23,1.0,2.6287193184485106e-06,2.7119480727330775e-30
49,8.605494457771326e-52,1.4434474972250517e-08,8.394794827723106e-32,2.976927284549391e-98,3.918246074287397e-37,4.251374478172945e-34,1.0,1.2249802749577543e-23,1.4413694276815982e-15,8.430879515172126e-32,0.035934492400521025,1.3454436022604083e-254,1.315534678788274e-122,4.138698475244931e-18,1.0,1.2141026726007826e-45,3.876579035657479e-17,3.292361410293047e-96,1.0404958803102563e-09,5.074975740673086e-23,0.037932902690060874,4.927621923130849e-18,8.638038201142619e-11,1.0,1.251392742482431e-151,1.0,1.6477934033401303e-92,2.490990732043769e-47,0.0009352239637771039,3.332022722091969e-21,0.0009552534892617763,3.037451222135815e-41,4.814263665846272e-05,1.0,3.055349393872699e-113,1.3404907117234174e-31,1.0,6.436186139396173e-56,2.494976037318509e-59,4.1863968739562485e-31,0.0004065189605002022,3.0474522565754487e-09,1.082829364049425e-81,4.481003605603117e-11,2.466514235319249e-47,1.2407314803719668e-257,7.143393314691972e-07,1.3219251688431651e-39,1.0,1.0,1.0775499533616846e-12,3.07842001573649e-14,2.193752010994923e-49,4.071988097608222e-09,1.8048510554549815e-29,1.0,1.0593846509558966e-27,1.115511384956855e-22,2.2367250930048893e-05,3.9603442648249055e-06,3.7847733410141293e-07,0.1433373070923054,9.163818465632426e-11,1.0,0.03338299118434281,1.4509507042976274e-33,1.6337330557427744e-17,0.00018766218215336933,4.200640417502808e-112,1.5826980029261144e-57,0.2786626863387572,3.039356230470263e-21,1.0,1.0,1.30277194841845e-51,3.9035011024412844e-11,1.0,1.0,4.583727560958116e-30,8.89427004710041e-34,0.0004407283076208727,0.9873641415678901,1.340471772979259e-34,7.068774437090404e-180,1.0,1.8958099027913942e-34,1.0837229471949895e-07,3.981504442815444e-17,4.546263487567867e-47,2.622376271055892e-06,1.0,5.305076451762581e-09,6.367850522548967e-87,1.1243121821243783e-15,9.329479085892335e-55,1.838922049189368e-36,0.12298629359673624,2.959679188117916e-68,4.805405917204251e-17,1.0,1.0,4.157811538984039e-74,3.077641034658529e-17,4.362142905150293e-10,1.0,1.7367237800659358e-22,6.26710022509315e-22,4.622073453608546e-20,1.0,3.394723092084595e-19,1.0971005065756248e-63,7.240850973093588e-21,4.432867208201237e-69,7.039954708790491e-07,0.02388248467758025,2.4127190484685987e-23,1.3755863959201759e-15,1.0,9.855563089681112e-101,3.7576479434647203e-100,1.0,0.6007234057193989,1.0,6.265822380862289e-21,4.53971166644831e-12,0.18122993696368922,2.771867780075623e-133,1.1312909079277383e-08,1.2830312171747809e-35,1.0,1.0,1.0,4.153648175740248e-08,0.005872335248867616,2.7492784002312917e-05,1.218816223866553e-05,1.6881657871102232e-111,1.0,3.644951366120776e-20,2.026773459969818e-07,2.2434960519177727e-08,1.8497998105005137e-09,1.0,2.1104677081034035e-09,1.0,0.019228124622814112,1.0,2.02284691533683e-23,1.2191947625087756e-26,5.159273895186224e-27,1.0,7.169336251019429e-65,1.0211965303336752e-69,1.0,6.853618578313209e-29,0.7779105445502574,2.9051781288387536e-14,1.0,0.041849159556089914,1.0,5.422611517523325e-13,2.404919929709619e-11,0.21916042327609606,2.3778853475761817e-19,0.00019639376203443921,1.5850854866792797e-14,1.0,1.4642515681345233e-08,1.0,1.0,4.884594762977712e-08,1.0,1.0,0.013027971618626368,1.0,1.0,1.2060125475155766e-05,2.5764288511876154e-23,0.0002018307374431678,1.0,0.007818787447224931,1.0,6.538356519672267e-08,6.502032455133568e-08,1.5823795417971183e-49,1.0,1.0,1.0,8.04812568365386e-07,4.0253192516347985e-12,6.47868187888847e-13,0.0041650069600751675,1.0,1.0,1.013917635693362e-12,5.199880216610231e-77,3.1187469045554633e-15,1.863140368891115e-50,4.066507329329941e-28,2.468617588585532e-14,3.4529883552922383e-15,6.218811739442897e-10,1.0,1.250911206864733e-31,0.006700478525505127,9.605850745458779e-19,1.3230851880343394e-18,1.9833714222876368e-32,1.0,1.0,1.053776676289553e-17,0.0008914190378136793,4.535714143847868e-70,1.0,1.0,1.079853041211311e-31,0.1808780939045648,1.0,3.074630114227685e-58,2.3147834663704154e-15,2.1849372841353073e-38,1.0,5.0010725408755936e-09,0.4585703818994995,1.0,1.0,6.452095734348239e-07,1.0,1.0,2.765878261641177e-18,1.0,1.0,1.0,1.721917851944503e-05,1.5607749347352863e-72,1.0,1.0,0.9112671997765438,1.0,1.0,2.3516553313879657e-08,0.010895512895793762,2.497982216950262e-27,1.0,3.111999901093363e-05,0.921250373287993,7.506171037589469e-14,1.0,0.5104242922470825,1.411216477866418e-19
50,0.32657679352364216,1.0,1.0,8.681147861236444e-22,2.7649560800546814e-124,1.0,3.1175981711409894e-08,1.4912624677645235e-97,1.0,1.1430212879436145e-112,5.248870013715797e-48,2.0772083616944314e-121,2.798936592444751e-37,1.0,3.2206209466326765e-06,0.036196036253180706,1.0,4.164247533545165e-25,1.0,1.0,0.03381217524449849,1.0,6.64160605441694e-63,5.234047289853861e-10,3.2467723209348116e-61,6.99033087601902e-32,3.022053819712223e-26,0.00016343436619542572,1.1472051863090208e-44,1.0,1.0,0.004492499890312451,1.0,0.01506179316302358,7.356712446953032e-41,1.0,1.0298554376308462e-12,7.048677082419872e-134,1.3814495008750756e-11,1.0,1.0,1.0,1.0201359871111519e-23,1.0,1.8846422689589217e-06,1.0241285474392113e-143,1.8109483054219655e-47,0.0015924365829694295,1.9719029986267447e-31,1.0775499533616846e-12,1.0,1.0,2.4990951246626525e-120,1.0,1.0,9.717484847647415e-17,1.0,1.0,1.1522919567601193e-41,2.398290062283599e-43,1.0,1.0,1.0,2.073857317387265e-13,1.0,0.026501452936374976,1.0,3.037946720574521e-38,2.3057618734933346e-46,9.732396534943922e-14,1.0,1.0,9.21423568623636e-16,0.6858130289041162,6.824768085539399e-11,1.3262843463975612e-51,1.0887377659653505e-17,0.6544527389866389,0.12666259290112405,0.0039562042183497485,1.2822960514636943e-35,1.0,0.0011153688159946783,1.1756666930476783e-96,0.22458364035434192,0.0008180774400972418,1.0,1.0,5.50721524796757e-10,1.0,1.0,1.0,4.150254214859935e-34,1.0,7.178320572889473e-15,1.7845090241731367e-05,1.0,6.107981694670908e-23,1.0,5.375141912849327e-13,0.5106543982704834,9.036658417737985e-142,1.0,1.0,0.0011083644336965213,1.0,1.0,1.0,0.04222241306821936,1.0,1.6128179607442088e-21,1.0,6.042663247530336e-25,1.0,2.9480524887958162e-27,1.8220182999554842e-65,1.0,1.0,8.556398922731283e-47,1.4734269257750712e-46,1.0,5.0965689774692157e-23,0.1676012287838706,1.0,1.0,1.0,1.492114108387576e-71,1.0,3.9498689593514743e-07,0.9848367395469662,3.358623102315969e-17,7.702215783304081e-12,1.0,1.0,1.0,1.0,5.300094590864806e-57,0.20289730935320258,1.0,1.0,1.0,2.8812182314753357e-38,5.14645045768585e-14,1.0,4.721497874076956e-06,1.0,6.248122833980847e-10,0.03725949457069009,0.0011001501815642379,3.5536756491220563e-65,0.034994516152375615,6.740241797030436e-118,4.663560252572331e-30,1.0,2.047011174549096e-05,1.0,1.0,1.4710197970919497e-05,1.0,1.0,1.0,1.0,1.0,0.38649681487171234,1.0,1.0,1.0,1.0,0.003293151756121844,1.0,3.3595313730531834e-32,1.0,1.0,1.0,0.41611018825784074,1.0,1.0,1.0501690997196153e-55,1.0,0.45185990552304395,1.0,1.0,1.0,1.0,1.5954657526173624e-19,1.0925422367946117e-07,1.0,1.0,1.0,1.0,1.0,2.1437166750966776e-21,1.0,1.0,1.0,2.141969637110119e-39,1.0,7.971435142939942e-21,8.38419050062688e-61,1.0,1.0,4.649648312151016e-33,1.2637629529166896e-14,4.562415672647697e-09,1.0,0.05406590817418741,0.058723688571637074,1.2739110981279384e-09,1.0,4.1086774194653844e-07,5.99078331895659e-45,5.541726839394585e-22,5.340141997107311e-35,1.0,2.993507174303682e-14,6.171902485590502e-65,1.0,0.011341544495040117,6.823284462566912e-27,1.0,8.41041759539628e-14,1.0,1.0,1.0,1.0,1.0,1.0,0.0029865209229334665,1.0,0.024287601992482907,1.0,1.0,0.03228258260405638,1.0,9.626636709995162e-39,1.0,1.0,2.566665028367684e-14,5.520969091199826e-06,1.0,1.7162063569340896e-27,1.1441001396643786e-17,2.587488928771304e-08,1.0,5.596838839505147e-22,9.743032503153405e-14,0.8543635653849571,0.000986890444596035,1.0,0.0006509101693434246
51,1.0,0.426010372114178,1.0,3.847186057437259e-19,4.714032186020113e-129,1.0,6.964692265048237e-10,7.932175715078822e-102,1.0,3.458474464733078e-117,3.4326299799046776e-51,3.372247109301299e-115,5.462652299663634e-34,1.0,1.1622941819153601e-07,0.4370856642839832,1.0,1.624998125068645e-22,1.0,1.0,0.002728607548318959,1.0,3.538693198875255e-66,1.3600833490672682e-11,2.2875779042129524e-57,2.479651124082426e-34,9.058758139115899e-24,0.0026558243162820927,1.9457800671666771e-47,1.0,1.0,0.05010179634077685,1.0,0.0014252196539172972,6.286077597281155e-38,1.0,2.6190358245455038e-14,5.038887760473725e-138,5.472232886074515e-10,1.0,1.0,1.0,1.534195421844243e-21,1.0,3.4192374014972815e-05,3.345062978718855e-138,4.1503156097493845e-50,0.01710522251186992,1.2281919841854451e-33,3.07842001573649e-14,1.0,1.0,3.6433629474361307e-124,1.0,1.0,2.014587075956009e-18,1.0,1.0,4.639666890131821e-44,8.80317412969529e-46,1.0,1.0,1.0,6.547060639700696e-15,1.0,0.200110721445165,1.0,1.6963569028615456e-40,1.3564854058074902e-43,3.481385597506e-12,1.0,1.0,2.5629942140060692e-17,0.11396472233773504,1.7132727799081002e-09,3.939542248052175e-54,2.676628676316499e-19,0.11210874345906482,0.781908194361043,0.03174908726971214,9.996404435500034e-38,1.0,0.00956365501685072,8.688862065093305e-93,0.036597103725788206,0.007003642849254005,1.0,1.0,1.0525874944589011e-08,1.0,1.0,1.0,6.150354082392542e-32,1.0,2.112594190240284e-13,0.00017843007846627814,1.0,3.6195471437039505e-21,1.0,2.5933484159965732e-14,0.09875174659354458,2.6259467569869294e-145,1.0,1.0,0.00014862483042143602,1.0,1.0,1.0,0.0071704600259123626,1.0,7.223172226319438e-20,1.0,3.4982796066868195e-23,1.0,5.958783663761486e-29,6.391063370742587e-68,1.0,1.0,1.8543973728797325e-44,3.084641251822024e-44,1.0,1.4762362668463174e-24,0.03358850031783385,1.0,1.0,1.0,9.706957224756181e-69,1.0,3.8164112108095105e-06,0.23088528463915825,1.6136120551858152e-18,5.572121755658784e-13,1.0,1.0,1.0,1.0,1.4302954748012593e-54,0.04461281419950311,1.0,1.0,1.0,4.607521276049526e-40,3.3421623440427652e-15,1.0,6.227983705563519e-07,1.0,5.843944492848753e-11,0.17286079606293528,0.006245623104222059,2.3136185291734822e-67,0.007486912916481963,1.020241827628166e-120,2.1532944192014723e-28,1.0,0.00013301512331074546,1.0,1.0,2.3005643277482104e-06,1.0,1.0,1.0,1.0,1.0,1.0,1.0,1.0,1.0,1.0,0.000686190928425679,1.0,1.0388956724311566e-33,1.0,1.0,1.0,0.11568478678219805,1.0,1.0,1.4196498406586781e-57,1.0,0.1272148123425594,1.0,1.0,1.0,1.0,2.676895241831777e-18,1.628771557772807e-08,1.0,0.8610396550415716,1.0,1.0,1.0,1.3636085862100406e-22,1.0,1.0,1.0,9.700641463599157e-38,1.0,1.3366058334606978e-19,1.1721658891585797e-62,1.0,1.0,1.7916430176945256e-34,1.2339887415078818e-15,3.276657465344186e-08,1.0,0.19458043998342536,0.20965201047909993,9.485396685142934e-09,1.0,6.932388304690526e-08,1.5109108459896699e-46,3.691241492125342e-23,1.813123318402952e-33,1.0,3.1036453239948767e-15,8.382435621422033e-67,1.0,0.0029229517680367675,1.4790487838366543e-25,1.0,8.063691351339888e-13,1.0,1.0,1.0,0.9476815036206377,1.0,1.0,0.0007555406221643434,0.7687790225889705,0.08516961607047295,1.0,1.0,0.009288482125648057,1.0,3.0570214639554433e-37,1.0,1.0,3.1594619768913606e-15,1.1854593465236826e-06,1.0,1.159856162900094e-28,1.2263540689232626e-18,1.4107627137816735e-07,1.0,4.9873621475673264e-23,1.3218657218152768e-14,1.0,0.0002655746373336168,1.0,0.00241812746825815
52,1.1986684132623997e-282,8.420971430626115e-159,1.008045972735055e-226,0.0,1.5384351539789998e-05,1.4606712869689862e-221,6.839420089954359e-109,2.0384744892634837e-12,5.047628749377464e-171,4.012226239489489e-07,1.7944592641893273e-41,0.0,0.0,8.830746975733558e-171,1.2347193773899992e-101,2.2945339820280463e-233,9.427741350503948e-164,0.0,1.3155633516714331e-138,1.0753857552097469e-175,3.050678782387254e-108,4.3830993206151074e-157,4.6136237637184953e-17,1.5421132265877678e-76,0.0,6.495298473308291e-40,0.0,3.425974607868205e-219,1.3268041322644079e-25,3.987220683455827e-155,1.4286247609185028e-102,1.0624244457783491e-197,9.86841400851072e-105,1.377613603537179e-84,0.0,1.131045485967156e-175,8.846579599820113e-55,1.0,5.7464567693119236e-229,2.095600820370195e-170,3.779152547350032e-97,6.635693743742711e-114,8.713802193219938e-268,3.1972030767309095e-119,2.171635913951826e-202,0.0,1.0062931797888749e-14,6.727575061873372e-184,1.3488149483384073e-25,2.193752010994923e-49,2.4990951246626525e-120,3.6433629474361307e-124,1.0,5.714538910201934e-109,1.5848596209967544e-159,4.888156257587068e-40,1.0315513019106362e-154,2.176379612043242e-140,5.139110392167587e-14,5.299316752764551e-13,1.280119753097253e-98,8.868124111268063e-79,3.6126943047789516e-108,1.1429149144612818e-40,2.1123182069243334e-80,2.6477554871722322e-160,4.2669161420699175e-124,8.189995931152806e-14,2.8341943463254717e-299,1.7796550897373586e-205,1.9689993240544682e-74,3.1287200012621333e-131,9.771484121223735e-34,4.975975433828184e-67,4.2387142307441596e-193,5.653597689850208e-06,7.573521260721028e-30,8.894450014846903e-64,2.4697192891427667e-146,5.4094676919949644e-154,2.8537625478168507e-12,3.495666755225488e-68,6.04428468434506e-154,0.0,3.4581052348553045e-59,5.691722249356687e-152,1.229015097696268e-89,1.387877121086835e-113,2.478117927813474e-175,4.291579380808975e-84,9.585872468448142e-63,6.111490298233106e-90,1.4916737023861539e-240,7.463725222230906e-107,9.637905553700087e-185,4.2950635316575525e-150,5.710417992051876e-66,3.729851841697021e-207,4.864190756960022e-108,1.2289316727635945e-26,3.3271660318958145e-51,0.00026842796528465967,1.2214509214675967e-106,1.602267408163363e-88,1.7977847410143925e-41,2.4034367117956524e-117,7.15973553492904e-116,2.197211006434505e-111,1.0598225755107949e-44,7.319345475356149e-109,1.248542143060656e-192,8.692410100861206e-112,3.418149508140581e-201,1.6035750115855367e-77,1.271441724874881e-09,1.0,2.5422637172484068e-98,4.968922730344332e-51,7.076555117295481e-248,2.5547419038076986e-246,2.8654596416582293e-50,1.018231740900319e-10,4.5658265268265067e-41,1.6307326418683269e-106,3.701122030547324e-86,2.292556135382978e-56,1.9054922136287154e-291,5.9143173910359776e-77,4.55664580569888e-134,1.3194130953662218e-40,7.177041966534363e-13,3.3156297669308783e-18,1.4805302374860882e-73,5.248553619983525e-59,6.815451380938997e-66,1.1151557723443473e-66,2.2708710334502708e-254,9.625843222482665e-36,8.063396792596823e-100,4.648557407410522e-70,1.9288871641475335e-72,1.0,3.902825551521765e-14,7.079183709674563e-74,1.3221819137594972e-23,1.0057115908355589e-54,1.6213000242145805e-17,1.8177642993504546e-103,1.0581218544426273e-109,1.0,4.844227119312446e-29,1.3738549399325608e-06,3.779904716013286e-181,1.3462375214550396e-41,6.489283866834105e-110,6.534110617352042e-46,2.9496484164804365e-80,1.550698800444605e-19,6.510207051365985e-49,4.8891323058822694e-32,7.715712666599055e-76,5.487730452341948e-72,6.176534362438575e-46,1.0761818122098142e-88,1.579951354225391e-54,2.0417085454402124e-78,2.34848424408625e-30,1.8188716478327334e-64,7.617908318146631e-22,5.596809260262804e-42,1.0,1.527576667107824e-41,1.8736429834630982e-38,1.958850546871818e-47,1.7100002176357866e-24,1.2225346589878874e-36,5.98422331797441e-55,1.0,8.86555691273792e-52,4.067210769959922e-24,5.120000340497738e-47,1.5012831944412127e-30,2.1274537476916697e-59,2.6032258157842146e-59,3.0135070632481014e-136,8.220371657707168e-12,3.434308650793712e-35,3.4764539767996715e-24,8.869972453442111e-56,1.4934030371608864e-67,4.976497114937626e-69,0.32588855676362494,1.3758190128851613e-31,1.113092617869396e-32,6.921050570435209e-68,9.000899446708492e-176,5.830622561543163e-73,9.790934398105513e-135,1.0,6.502345663400896e-71,1.9694898611919565e-72,1.0,0.00029625640412191096,1.760965095834302e-102,6.996553514854022e-44,7.054105600521829e-79,2.237172182582014e-78,1.8096767836694057e-103,2.0632267294727883e-33,2.782142203418986e-10,1.0,1.0,4.768489197425093e-163,1.5165746225666716e-29,0.0006784620133865439,1.0,4.662740076543877e-39,6.690057368165756e-16,6.925589165937613e-144,2.0733539094929182e-70,3.601625567176718e-111,2.4609508087038804e-32,1.125956966645541e-56,1.1762419170110744e-36,1.3676607317558883e-19,1.3128708302087765e-28,4.2615719792764816e-51,2.541185154162213e-13,9.312321935764697e-19,5.010959964972416e-74,5.806924036924027e-23,7.529646855839644e-24,4.9034259385740926e-14,4.0286421288735236e-46,1.2587718030081408e-159,2.49915662576288e-24,8.865625840525138e-21,0.27275792947486055,2.0337435298420537e-07,1.9693782782205212e-22,1.0,1.0,1.4787168206492454e-85,2.2426373767573386e-18,1.0,0.9220301556197699,9.575594048254415e-61,6.331881014962869e-09,7.581332117183292e-32,5.387856895777575e-71
53,0.0005482651671639649,1.0,1.0,3.587539035717631e-27,4.90862205592603e-109,1.0,0.0001518780693210186,1.3742955354013129e-84,1.0,1.3860058064323729e-98,2.1049974145709447e-39,4.055877710312831e-131,1.3792523929052023e-43,1.0,0.004645735110245508,8.491424022713366e-05,1.0,2.3695595801342746e-30,1.0,1.0,1.0,1.0,7.262064200538531e-54,2.1115963682052655e-06,3.0910840387809216e-68,1.1318209335626304e-25,2.8218235096559953e-31,2.4147938482934685e-07,2.2103788302150352e-37,1.0,1.0,1.4392582915993502e-05,1.0,1.0,1.441298987434804e-46,0.10845350595526404,5.11551354570775e-09,3.0228501036254575e-121,4.26427108911898e-15,0.07362004751096249,1.0,1.0,3.182763766687309e-28,1.0,2.4890038819663617e-09,1.1441116278055235e-152,1.492439045634261e-40,5.835219486088158e-06,6.627262808857181e-26,4.071988097608222e-09,1.0,1.0,5.714538910201934e-109,1.0,0.07366134520508635,9.356492416930196e-13,0.3043661814633167,1.0,1.6328783337480155e-35,4.575914597886716e-37,1.0,1.0,1.0,6.392458712375936e-10,1.0,0.00020778361908700552,1.0,1.594326937918179e-32,8.842593784842513e-52,4.0020770292041944e-17,1.0,1.0,4.194195786703099e-12,1.0,5.404915567405237e-14,5.366599502514391e-45,7.127675662470418e-14,1.0,0.0015495045567095725,2.859166786692547e-05,2.5330713650524167e-30,1.0,7.13943758300934e-06,1.261626881539058e-103,1.0,5.303680516674696e-06,1.0,1.0,7.615725490975571e-13,1.0,1.0,1.0,1.548380926529122e-38,1.0,4.554524593357199e-18,8.808411143998884e-08,1.0,1.1068706684386643e-26,1.0,6.016567027485313e-10,1.0,1.7558786205061315e-131,1.0,1.0,0.08649990364431476,0.1668586858402181,0.27335369341183136,1.0,1.0,1.0,4.95396138425578e-25,0.5229082002192379,1.1785840509122015e-28,1.0,3.9376538485834894e-23,5.189659600912905e-59,1.0,1.0,1.802123921558025e-51,3.291863474186077e-51,1.0,2.515608041329325e-19,1.0,0.13904339884821487,1.0,1.0,5.616368353374665e-77,1.0,2.2570542673551305e-09,1.0,4.233711760904296e-14,3.2398309901555997e-09,1.0,1.0,1.0,1.0,8.089571829422475e-62,1.0,0.08838997037320215,1.0,1.0,8.297955938178054e-34,2.942246428778597e-11,1.0,0.00042869075641117346,1.0,1.3824927059311236e-07,0.0009719537352440943,1.8978942148046526e-05,1.6013791875110575e-59,0.9639177788275868,3.680178838662242e-110,1.4859985997548427e-33,1.0,2.746252004290214e-07,1.0,1.0,0.0009071815994551723,1.0,1.0,1.0,1.0,1.0,0.017166373539556544,1.0,1.0,1.0,1.0,0.10075782052374024,1.0,1.5854165296267788e-28,1.0,1.0,1.0,1.0,1.0,1.0,5.513713470238436e-51,1.0,1.0,1.0,1.0,1.0,1.0,3.4842440763397645e-22,7.974333228726778e-06,1.0,1.0,1.0,1.0,1.0,1.4554352117981029e-18,1.0,1.0,1.0,7.528042335327247e-43,0.2547257436007364,1.76578129955864e-23,4.118168750693308e-56,0.6751674020324575,0.23690201594587448,1.2510320829372571e-29,2.7892902194653134e-12,5.336832317406113e-11,1.0,0.0026146191459951946,0.0028920344964038654,1.3887493194144318e-11,1.0,2.24553199142135e-05,5.34509338089144e-41,3.3821579677492885e-19,3.191987554798823e-38,1.0,5.703389438448834e-12,3.353277998324165e-60,1.0,0.21806758860642128,9.413807466046186e-30,0.09672131465820724,5.608326502136766e-16,1.0,1.0,1.0,1.0,1.0,1.0,0.06093462374496534,1.0,0.0012683643632168378,1.0,1.0,0.4854143607906355,1.0,6.67375124733045e-42,1.0,1.0,3.268558941766898e-12,0.00017266509746971133,1.0,1.0617883871324122e-24,2.1021551301828326e-15,5.544415018567613e-10,1.0,1.6738978033559384e-19,9.805431439657437e-12,0.07882512873791732,0.017912021808777042,1.0,3.1011375651341303e-05
54,1.0,1.2836994899536616e-13,1.0,0.0007577587815994664,1.2122580543619626e-174,1.0,2.352576442656596e-27,1.7271821635857823e-142,4.068912086500606e-05,3.2929091734661994e-160,9.607483516480262e-82,1.0699614603027622e-74,1.1411962605040503e-13,0.02099691614878574,4.682217183917418e-23,1.0,0.028322228594473853,7.626321521424491e-07,8.58025805116542e-07,1.0,1.3723567191718072e-15,1.0,5.761542881879743e-97,8.628747461311246e-28,2.852342938460526e-32,8.267636904489009e-58,1.9947990246659562e-08,1.0,1.3184997992799185e-73,1.0,1.8847949004961396e-09,1.0,3.3286086778140303e-07,9.415302877950963e-15,6.086605033893786e-19,1.0,3.979924412743547e-30,1.740215064114645e-176,1.0,1.0,3.479414765440394e-07,0.014024338563075188,7.315324644546134e-08,0.20493154578216138,1.0,9.374091841940944e-101,9.965807760115039e-75,1.0,1.8501666459931078e-54,1.8048510554549815e-29,1.0,1.0,1.5848596209967544e-159,0.07366134520508635,1.0,9.899219299820506e-35,1.0,1.0,2.4178129755919095e-66,2.0581772113621627e-68,0.020174021458682308,3.7388580865877276e-08,1.0,1.5168487180121907e-29,5.18312897828077e-07,1.0,1.0,1.934996919379564e-61,4.464644038978747e-25,0.012459583513072803,1.2075707258333242e-07,1.0,2.6743953432272966e-32,3.1230247319096547e-10,0.4729756429390947,2.1387344790338556e-77,1.1069547030586106e-34,4.743737971152663e-10,1.0,1.0,2.8709290330901044e-57,2.7742392746735515e-07,1.0,4.321743936024957e-66,1.2149939669978896e-10,1.0,1.0,1.0,0.6605391095590075,0.8130973962454113,1.5441997748723467e-06,1.0,2.1611949579877637e-17,1.0,0.0004492470710001238,1.0,0.00021379581203906584,1.5664923676578251e-09,1.0,6.337492995645529e-27,2.327196897193716e-09,2.892311699616284e-177,1.0,1.0,1.9491894753719914e-13,1.0,1.0,1.0,7.00697071178964e-11,1.0,5.612226371718619e-09,1.0,1.9219184362495916e-11,1.0,1.401895202055664e-44,4.652065422499105e-90,1.0,4.216392764774632e-06,2.364319455860148e-28,3.1468308072951903e-28,1.794261409652766e-05,8.771333517735966e-39,1.7941075663161667e-09,1.0,1.0,0.02718355060951069,5.2823179234521326e-49,1.0,1.0,5.33343370292911e-08,8.531060738885366e-31,8.93089632748939e-24,1.0,1.0,1.0,1.0,1.5036112250633799e-37,7.244431366342097e-09,1.0,1.0,1.0,2.741932512222103e-56,2.5513586482108555e-26,1.0,1.7632028285720202e-15,1.0,1.0122369598079328e-20,1.0,1.0,7.828779802943161e-87,1.320045622770659e-09,9.886324795047586e-146,6.61878471983816e-17,0.018988835348186198,1.0,0.5966223305962797,1.0,3.823439214409478e-14,1.0,1.9072699894120663e-05,1.0,1.0,1.0,1.0,1.0,1.0,1.2516543118200172e-05,1.0,1.3737354201222222e-10,1.0,2.91570114559153e-47,1.0,0.11567145271114447,1.0,2.810906025723776e-07,0.18872570624336824,1.0,4.125673462911706e-74,1.0,3.533796348237026e-07,1.0,0.0033693441251841775,1.0,1.0,7.152044718873215e-10,2.7091456907458167e-16,0.43405740207114235,8.162469082245871e-06,1.0,1.0,1.0,2.1469856491157212e-33,0.07993882173013757,0.322739640119812,1.0,5.719301639812074e-26,1.0,4.1360126651816444e-11,5.681124942405747e-79,1.0,1.0,4.654948300129654e-47,7.302270980330907e-25,0.01594288898458017,1.0,1.0,1.0,0.006224453704664656,1.0,3.868836671883596e-15,1.171126220173063e-60,9.697833874893673e-34,1.33843649520254e-22,0.15644532582477746,3.2393660564394562e-24,3.509937352936838e-83,1.0,5.529052114030528e-09,3.7803109507494864e-16,1.0,4.189754468849786e-06,1.0,1.0,1.0,2.2798310043123456e-05,0.7645652806766039,1.0,1.3868848627581597e-09,1.9129486622050468e-05,1.0,0.01052564789397334,0.04192113162263416,5.271304582550066e-08,1.0,1.8598967342895863e-26,0.15545820349267458,0.008363223106544457,1.88959124813713e-23,6.921874012338152e-13,0.12437583737643085,5.153325213613778e-39,2.5190804718309642e-27,0.013577703299284045,0.008279140896519151,2.308567306873118e-32,1.9769051649976784e-22,1.0,1.087810390958058e-09,1.0,1.0
55,2.4510851196514914e-59,4.0033455053509354e-13,2.2590762335973965e-38,1.570594339037008e-106,9.000231856525002e-27,1.2750423967658761e-40,0.05112303283775988,9.107158245451841e-16,9.558934536535112e-21,1.6099150496774443e-22,1.0,3.2796700882725926e-262,5.588527072314037e-131,2.208791929113625e-23,0.03121832100113306,1.8515416205322516e-52,3.0339413284084943e-22,2.9449572709238415e-104,5.487649916337748e-14,1.5836895005197497e-28,3.416898315310038e-05,4.8576721515976907e-23,5.150965785431367e-06,1.0,5.229921297079016e-160,1.0,2.652726352712159e-100,6.657500778276617e-54,1.0,2.978236682071442e-26,7.132686793402809e-07,2.18020327358066e-47,2.4897654749132483e-08,0.018127617105650744,3.4793823062256763e-121,3.1038562267247026e-37,1.0,2.089899846948332e-45,4.5854013877799073e-66,1.2714185960907315e-36,3.575469812430255e-07,5.38565427518025e-13,5.482042185479998e-89,4.964634992555946e-15,1.41264210507514e-53,5.556054839982403e-266,0.002517501500403191,1.871467333800028e-45,1.0,1.0,9.717484847647415e-17,2.014587075956009e-18,4.888156257587068e-40,9.356492416930196e-13,9.899219299820506e-35,1.0,7.754846132727701e-33,2.0115836078910446e-27,0.0278739165902013,0.007009379594981926,1.878924184853105e-10,0.0005269543127145303,1.8546777332331733e-14,1.0,9.718692465801726e-05,7.319041865877456e-39,8.837378795839378e-22,0.12654127045099864,1.2212606317538317e-119,8.722094607872244e-64,0.0013474439084327845,9.540390630036644e-26,1.0,0.11767525673596521,1.246553651355321e-57,3.9330797116935224e-07,1.0,0.2678516683128833,5.200575143086231e-35,6.414172320798804e-39,0.19774244376111927,0.007382212237789737,9.710153010656843e-40,5.433092831513497e-188,1.0,1.5417827262085236e-39,8.12636500168341e-11,4.00508742035935e-21,1.0863122974955966e-52,3.1231462368146785e-09,0.02182754499818504,3.4466442278456794e-12,1.2352355815912612e-93,1.7906664819729012e-19,1.519251898486598e-60,1.700953630096355e-41,0.0008150856820380711,1.934483317663064e-74,6.7731837296432435e-21,1.0,1.0,2.3725017187474497e-64,4.702018195242781e-21,2.8300641316916465e-13,1.0,1.2219931955327958e-26,4.873196770272125e-26,4.910608506333631e-24,1.0,4.301095455370568e-23,1.4491977027239001e-69,7.406871291707044e-25,4.2047327441808786e-75,1.1424527542970943e-09,1.0,2.1652406414110184e-18,3.730024614443328e-19,0.6307992863452799,2.1242456998444652e-107,8.622733401048966e-107,0.4757660660711909,1.0,1.0,9.046139969922736e-25,3.0521445721344362e-15,0.002034463332250368,2.2269201756379776e-140,1.6410888579196444e-11,3.302655234533249e-40,1.0,1.0,1.0,7.7505374636522e-11,4.434092656861498e-05,1.0434285384000982e-07,4.259078954377198e-08,3.968535564721403e-118,1.0,8.321682081513348e-24,4.950233981172644e-10,4.4162599295789945e-11,1.7426692565984812e-06,1.0,3.5715884565739646e-12,1.0,0.00019999987122328782,1.0,3.616553513936773e-27,1.4542085134883008e-30,2.5443814851375094e-22,1.0,2.2606416533603723e-57,3.623190095848624e-75,0.5048652909480285,8.42082733883186e-33,0.017359928328973807,2.7377032527793402e-17,1.0,0.0006411829919297376,1.0,7.134218332428829e-16,4.3025734216636817e-14,0.004447334977449338,1.201411026667795e-22,1.6387031630278246e-06,1.700006877579637e-17,1.0,4.8556312537917435e-11,1.0,0.05714027994950903,1.5805117712462077e-05,0.06520238090300776,0.6613766041443203,0.00020469823909663042,1.0,1.0,8.925786432323217e-08,2.2931362950160514e-19,2.0151572812771396e-06,1.0,0.00012303705793003438,1.0,3.1723824223844204e-10,3.17411023522268e-10,5.837704753526344e-54,1.0,1.0,1.0,5.276704527350125e-09,9.816007055630462e-15,1.4067181744616705e-15,0.22231789066151605,1.0,1.0,2.4025099130585112e-15,4.0752623901046536e-82,5.032374742282188e-18,8.148649702106556e-55,5.3817168359037e-24,4.642525494126265e-17,5.80283289775922e-18,2.0880519249964497e-07,1.0,3.000280065080223e-35,0.00012819933070360243,1.0222314756392464e-21,1.4612294128350865e-21,4.539800137491058e-36,0.9091428496043498,1.0,1.78537972308307e-14,0.05279633951803834,6.364403572592422e-75,1.0,1.0,2.0283231716159965e-27,0.005495707664667848,1.0,9.960775666034e-63,4.567382063980901e-18,3.506555660316937e-42,0.8331087933003407,2.872788244853998e-11,0.01703836714338159,1.0,1.0,5.908076339772517e-09,1.0,1.0,4.310157540850744e-21,1.0,1.0,1.0,2.391100937252979e-07,3.4048435045289188e-77,1.0,1.0,1.0,1.0,1.0,2.9747665244063937e-06,0.3166393629370343,2.0660311131158192e-30,1.0,0.001751064174807354,1.0,3.174718432198435e-16,1.0,0.026008192112008315,2.9582702313032493e-22
56,1.0,5.127271987499528e-12,1.0,0.00012419261194299375,1.3474464135508612e-167,1.0,3.59895869076436e-25,1.6949010801385922e-136,0.0004237400641738108,9.861583504707285e-154,1.266528527414518e-77,2.486967570754539e-76,9.977986254219205e-15,0.13033540332184435,3.5956435993136326e-21,1.0,0.16587280053308798,1.1003418043463542e-07,9.667676393970487e-06,1.0,4.2562836592731553e-14,1.0,7.077755822703578e-93,7.673932119119634e-26,1.4870675284787637e-33,7.114943495502262e-55,2.8488479407287483e-09,1.0,2.8041307864939687e-70,1.0,2.3500195351287236e-08,1.0,3.0685379028423937e-06,1.9383933186387952e-13,5.504831726968192e-20,1.0,2.8636610330544814e-28,4.566509680492754e-171,0.3708567741584334,1.0,2.997263689999175e-06,0.06725139168343607,1.2229066042274074e-08,0.8261267273219355,1.0,2.293428555346933e-102,1.1100282356871088e-71,1.0,5.820006370128988e-52,1.0593846509558966e-27,1.0,1.0,1.0315513019106362e-154,0.3043661814633167,1.0,7.754846132727701e-33,1.0,1.0,1.1680446789832559e-63,1.1145818994915296e-65,0.08620757856053018,3.092133104626866e-07,1.0,7.15213797573513e-28,3.7468528705459555e-06,1.0,1.0,5.89897792073272e-59,3.9882560357838406e-26,0.003492416498492468,8.947469449656514e-07,1.0,1.3557051070322455e-30,2.9432424665882165e-09,0.1558938757151972,1.370485795152912e-74,6.220060440221668e-33,4.2043952937696246e-09,1.0,1.0,5.4339240375800666e-55,1.8421043377661179e-06,1.0,1.808002026306191e-67,1.0894412378860753e-09,1.0,1.0,1.0,0.23304257318822774,1.0,8.836922932080592e-06,1.0,2.939747567793268e-18,1.0,0.00012395321989312625,1.0,0.0009608460369247867,3.0999319934842633e-10,1.0,1.552671669480087e-25,1.624375126626699e-08,3.922697056302838e-173,1.0,1.0,1.8229539759194144e-12,1.0,1.0,1.0,5.276832538979156e-10,1.0,1.2088206670415981e-09,1.0,3.675168353531106e-12,1.0,7.614165213858685e-43,1.8166455775473013e-87,1.0,2.0237193031582454e-05,2.577761548644076e-29,3.46507991755646e-29,7.935740305290426e-05,3.1615333469811025e-37,1.1032024251259377e-08,1.0,1.0,0.08572385253184905,3.846794644105523e-50,1.0,1.0,2.7875335245571353e-07,1.7794474324167964e-29,1.2690545894566195e-22,1.0,1.0,1.0,1.0,1.4474423621306305e-38,3.868932157997936e-08,1.0,1.0,1.0,1.6651201027224927e-54,3.8836224489354546e-25,1.0,1.4103237746503734e-14,1.0,1.0856421394906264e-19,1.0,1.0,1.215790244085112e-84,6.822690937583151e-09,9.23580359036381e-143,1.2407307924526065e-17,0.05401742743134698,1.0,1.0,1.0,2.4695117771525454e-13,1.0,6.813325586449115e-05,1.0,1.0,1.0,1.0,1.0,1.0,4.456985628728206e-05,1.0,6.821509845961093e-10,1.0,7.977203914963147e-46,1.0,0.2915498656653557,1.0,1.079592511230736e-06,0.4566596277326215,1.0,2.556971018443588e-72,1.0,1.336470884263659e-06,1.0,0.009345189028099825,1.0,1.0,2.0111323200958567e-10,1.6946234577134526e-15,0.9939548477101692,2.7152588561917123e-05,1.0,1.0,1.0,2.791641855751175e-32,0.1929006781454195,0.7342983961036458,1.0,9.930436274545483e-27,1.0,1.1427598414940397e-11,3.2331237825974333e-77,1.0,1.0,9.516075423332215e-46,6.383490210345731e-24,0.0067992356341445934,1.0,1.0,1.0,0.0025961762748656593,1.0,2.1067210840165988e-14,3.582787519996731e-59,1.1791087939996588e-32,2.614181419980111e-23,0.35841846566292984,2.6513918941635495e-23,2.0143937412093222e-81,1.0,2.1144096779644202e-08,9.055181989914872e-17,1.0,1.5035813606036618e-06,1.0,1.0,1.0,6.781964212835823e-05,1.0,1.0,5.269299334079527e-09,5.6549969295798495e-05,1.0,0.025429068784510154,0.0962820409066464,1.7851805460590614e-07,1.0,3.618600277319079e-27,0.3382912314367299,0.01986619770667008,1.2551820937408605e-22,2.896873471895344e-12,0.26794795131724064,5.716602544277267e-38,1.8580928863444233e-26,0.006310436566833166,0.019074331063169695,1.9847950598843357e-31,1.1842916175701148e-21,1.0,3.737509520216487e-09,1.0,1.0
57,1.0,9.535672087564072e-08,1.0,4.4533935251060683e-07,5.337677420853015e-147,1.0,3.857667785089176e-19,4.7862832664015046e-119,0.17987156422259126,8.315307823832229e-135,8.321196406825267e-66,1.0632654619276532e-80,7.15389143537895e-18,1.0,5.783375699009266e-16,1.0,1.0,2.948186610971887e-10,0.005834939660796309,1.0,5.092089084070208e-10,1.0,5.61017559362414e-81,2.2053401131203033e-20,3.0531548590007154e-37,1.8724969375347657e-46,7.650017779476862e-12,1.0,1.1991890279811268e-60,1.0,2.2076814744288766e-05,1.0,0.0012178190306764893,8.233758331352593e-10,4.526938812098938e-23,1.0,5.2164452610063065e-23,6.095594026781124e-155,0.008479429956707446,1.0,0.001014415006941122,1.0,5.183226535586097e-11,1.0,1.0,1.0337944357709893e-106,8.427194194345062e-63,1.0,9.69002687442566e-45,1.115511384956855e-22,1.0,1.0,2.176379612043242e-140,1.0,1.0,2.0115836078910446e-27,1.0,1.0,7.792794657925762e-56,1.0530042928746486e-57,1.0,0.00010087437252004972,1.0,4.25380965647678e-23,0.0008279728540431256,1.0,1.0,1.025666262681138e-51,3.2738699821153773e-29,6.39606801816351e-05,0.00021751595944872608,1.0,1.045350974013214e-25,1.4686298710508578e-06,0.0045184114745494145,2.3624823359553477e-66,6.6611646945409385e-28,1.7865188074852528e-06,1.0,1.0,2.38253144799481e-48,0.00033640721553689345,1.0,2.2833385186433247e-71,4.888099158758935e-07,1.0,1.0,1.0,0.008389549368645525,1.0,0.0010796387064574773,1.0,7.552808743915927e-21,1.0,2.2532940761054893e-06,1.0,0.05815837930321789,2.233635935637621e-12,1.0,1.5223247748637183e-21,3.6834954651832877e-06,1.0623742500672124e-160,1.0,1.0,1.0052174436113e-09,1.0,1.0,1.0,1.533719365277998e-07,1.0,1.1167080415305525e-11,1.0,2.441346107092575e-14,1.0,8.800233289724494e-38,8.902010582711745e-80,1.0,0.0015671518750144517,3.718230621802663e-32,5.136602819256896e-32,0.004875571169454779,1.0838945203828501e-32,1.817433450210061e-06,1.0,1.0,1.0,1.9267658939140093e-53,1.0,0.13420429750552426,2.87984767328168e-05,1.2035319299492997e-25,2.6877381264378164e-19,1.0,1.0,1.0,1.0,1.5132735545892581e-41,4.34463807356845e-06,1.0,1.0,1.0,2.9999509045722344e-49,1.0338788775992087e-21,1.0,5.416963170976236e-12,1.0,1.0152241028804226e-16,1.0,1.0,4.090903747882218e-78,7.180214699122751e-07,8.141645530970039e-134,8.092037925511098e-20,0.9665229915952551,0.7595855391439117,1.0,1.0,5.1993142280468134e-11,1.0,0.0024324035127341794,1.0,1.0,1.0,1.0,1.0,1.0,0.00158703408134578,1.0,6.606052338976438e-08,1.0,1.3769958794705122e-41,1.0,1.0,1.0,4.901152202919196e-05,1.0,1.0,5.550903240710024e-67,1.0,5.811280795358931e-05,1.0,0.16166441830295092,1.0,1.0,4.213929037478336e-12,3.387595126689008e-13,1.0,0.0008137404596711247,1.0,1.0,1.0,5.190045579725714e-29,1.0,1.0,1.0,5.368641956958922e-29,1.0,2.291751056740301e-13,5.6121462331957e-72,1.0,1.0,7.123964368648025e-42,3.5808304221049274e-21,0.0004759871888484173,1.0,1.0,1.0,0.00017058356223069145,1.0,2.8307735101202237e-12,9.307640531573735e-55,1.817322736705032e-29,1.9718070102062908e-25,1.0,1.2285802367890237e-20,3.652284981675837e-76,1.0,9.84070022531039e-07,1.2173980564820818e-18,1.0,6.436764511884512e-08,1.0,1.0,1.0,0.0014971305350242126,1.0,1.0,2.434969535487417e-07,0.0012298962574349085,1.0,0.30341472503544553,0.9895922998175085,5.880228286574796e-06,1.0,2.72937297565639e-29,1.0,0.22748663428603688,3.208059102812035e-20,1.8289382544870752e-10,1.0,7.021498618623867e-35,6.585913202612464e-24,0.0005821025111638556,0.20163884258972203,1.12699442547847e-28,2.2412521126337084e-19,1.0,1.3145209027793275e-07,1.0,1.0
58,4.552073778020845e-111,3.796467929654922e-44,1.301075451809861e-81,7.025329629113893e-168,0.01253273275753689,5.2690474294888546e-83,1.2222778865765538e-22,1.0,1.6244658667546033e-54,0.4364803354674088,1.0,0.0,1.1474479468769508e-194,3.009205829943174e-57,6.889005042184254e-22,2.253660180860953e-96,6.750230785958003e-55,1.180247937512308e-160,6.257820212060045e-42,2.6204951025827826e-63,8.187927002398014e-27,1.403623460041414e-54,1.0,3.8101193686945125e-13,2.6034112565808523e-223,1.0,9.694500765918205e-153,3.385238187647103e-95,1.0,1.9277447512425196e-57,6.191049671611158e-28,3.025285631363305e-85,5.671730591304686e-30,1.3625726995348055e-19,3.6890943997458245e-175,1.0068045516780285e-71,1.1399363101075659e-06,1.6265238309417282e-16,5.25966446820476e-108,3.623177013691079e-70,2.2755555332711634e-27,1.2026716983679055e-36,1.391025106902489e-135,1.0205210214709926e-39,9.301376660852461e-92,0.0,1.0,7.267632683902972e-81,1.0,2.2367250930048893e-05,1.1522919567601193e-41,4.639666890131821e-44,5.139110392167587e-14,1.6328783337480155e-35,2.4178129755919095e-66,0.0278739165902013,1.1680446789832559e-63,7.792794657925762e-56,1.0,1.0,3.1637195766373008e-31,1.5038646754064225e-20,4.044294129284537e-37,0.0037486782211360414,1.0831410353932191e-21,2.7810269178979234e-70,2.449800546294484e-47,1.0,5.555541140171939e-168,2.18601068929501e-101,2.5498042708109057e-19,1.7379617305441932e-52,0.38907058301998787,1.1067432462473397e-15,1.6079395692749394e-93,1.0,1.0,1.104793919665309e-14,5.2064952290204026e-64,4.5120558943824617e-69,1.0,2.320011587242697e-17,8.542816289286241e-70,1.529482009079732e-243,5.905371364218384e-13,3.260290227120604e-69,5.994068222859909e-30,1.148802439447447e-44,1.4213337573084254e-85,2.8368716494867865e-27,7.48269757511333e-16,2.1548373320754296e-31,5.009564137293856e-134,9.035683972011152e-42,2.6532883058290807e-94,1.4932641039222775e-70,4.3656228591439955e-18,7.750436973309703e-111,2.410591648194677e-43,1.0,8.133252834233757e-11,1.1548134465171062e-34,3.2961054198089737e-43,3.460083002791681e-32,1.6551306139421059e-06,1.6014325506835573e-50,1.1315998524997015e-49,6.347790098347494e-47,3.1890235503359495e-08,1.5278520291595948e-45,1.2960151912990604e-103,9.377677384127311e-48,4.212634699419925e-110,1.8356643876243233e-26,1.0,0.0004599841582320955,9.568745196859252e-40,4.924692975752541e-12,5.906466596802731e-147,4.101611876222514e-146,4.7593845808609035e-12,1.0,1.683394655800315e-07,1.4378465524076242e-46,1.356926480274424e-33,6.974881315675535e-16,2.391649515599567e-183,3.6454373554703374e-28,5.30300315108042e-66,7.966464316095669e-08,1.0,1.0,7.976707161184279e-27,3.612376095512521e-18,3.2942355687226543e-22,9.384934456939654e-23,4.3396822643153844e-157,5.482476785134783e-06,2.815597611801714e-44,2.464673322974664e-25,7.839893900598712e-27,1.0,1.0,3.626745942498785e-28,0.5745704303613599,1.1826245854259843e-16,1.0,5.020989669404197e-48,2.410224106703342e-52,7.631732939274574e-08,0.001065605731808379,2.8016974844244075e-33,1.2637624134938076e-105,1.9136888946445853e-10,2.647136204864316e-54,6.911906161781668e-13,3.1786367000497396e-34,1.0,5.476081446110507e-15,7.264541421054816e-06,5.442777064460403e-32,1.5203448059905347e-29,1.5964487213249606e-13,8.202287132951666e-41,9.92540792960828e-19,5.252779278075832e-34,3.021131074263829e-05,3.9954447395159246e-25,0.23835873999123147,1.436271903950561e-11,1.0,2.011672355774404e-11,1.010291883767028e-09,3.3678637883247426e-15,0.006966730388637217,3.554557204013552e-09,4.873949685601422e-20,6.803244083770691e-07,4.49159928761079e-18,0.008605333620133732,2.456976436521007e-15,3.4135575079259946e-06,2.784253549179643e-23,2.9099581028670697e-23,6.826892642759644e-78,1.0,7.652963933686081e-09,0.003519460395419062,2.2710443581955346e-21,3.8110299524363356e-29,3.1985334493589244e-30,1.0,3.685129120236622e-07,7.426735449006348e-08,9.261816011211193e-30,7.353200715291333e-110,3.0129452582162363e-33,3.2759083611486474e-78,1.3262768308449753e-10,6.064763265422584e-32,4.499974269521554e-33,1.0,1.0,1.2999554402557724e-54,1.1346729003509152e-14,8.928583457661361e-38,1.581285627555339e-37,1.6081623131025232e-55,1.330322639757217e-08,1.0,0.0002945473131349888,1.0,4.49982752074279e-101,1.4515355625066287e-06,1.0,2.410858976268258e-13,4.718421079991663e-12,1.0,9.750511819931446e-87,1.0676928717020941e-32,2.4460163017051184e-62,1.964284457205695e-08,1.253130894066259e-23,4.596180242347345e-11,0.07732578918725952,1.4585551337048223e-06,2.6537932454017497e-20,1.0,0.14781010897239857,4.1190028204872945e-36,0.0009186082235377239,0.000269049575118667,1.0,9.793951562332134e-18,5.541219955375782e-102,0.00010671969522474394,0.005530025089216616,1.0,1.0,0.0005483486018242666,1.0,1.0,1.4525438510116367e-46,0.035813438106968506,1.0,1.0,7.264304208351495e-29,1.0,6.966456701073507e-10,2.3663937701227483e-36
59,1.3876715680083153e-114,2.3089831688850212e-46,1.4465643252403687e-84,5.27324475567215e-172,0.06865069180608038,7.100655978639085e-86,3.216842638045712e-24,1.0,7.382339275887262e-57,1.0,1.0,0.0,6.348519862249178e-199,1.4278463130699574e-59,2.238780737563002e-23,2.6679982706173065e-99,3.9049252580898074e-57,2.1834414215478648e-164,7.007666705343949e-44,1.162740530649001e-65,2.166155492449357e-28,1.0115219623735195e-56,1.0,2.746814785751572e-14,1.7388596409214017e-227,1.0,3.582293424423047e-156,6.490136661184415e-98,1.0,1.5691013029204537e-59,1.967999471323718e-29,9.958107080262046e-88,1.7088195480070606e-31,7.422369896630985e-21,1.1446822281529957e-178,5.346466207297036e-74,1.689240993200747e-07,2.1726658613250814e-15,9.955435607576558e-111,2.2531686781570964e-72,8.60769807136109e-29,2.884943884074493e-38,1.3523629453865222e-138,2.134285227210027e-41,3.063968274091881e-94,0.0,1.0,3.592824710594154e-83,1.0,3.9603442648249055e-06,2.398290062283599e-43,8.80317412969529e-46,5.299316752764551e-13,4.575914597886716e-37,2.0581772113621627e-68,0.007009379594981926,1.1145818994915296e-65,1.0530042928746486e-57,1.0,1.0,1.1947159070460555e-32,9.916604424247427e-22,1.2001869472741828e-38,0.0008943669219269247,6.826793821382745e-23,2.55952062016916e-72,5.0034466168536006e-49,1.0,4.567290577975694e-171,8.575445520351677e-104,1.9272809103403262e-20,3.066149000614547e-54,0.12021928033117542,1.0477055625064504e-16,8.089273084584044e-96,1.0,1.0,1.15948607603288e-15,6.962134513813441e-66,5.155546708095404e-71,1.0,2.133511117740329e-18,9.998366344385514e-72,4.3839413227327115e-247,7.169398730286861e-14,4.061684155316089e-71,3.0666053939077514e-31,3.2931103196501867e-46,1.1458262424114338e-87,1.6948702213814031e-28,8.184570526256359e-17,1.1223860822361156e-32,1.4282992938932297e-136,3.1304931697745004e-43,1.9434884273413176e-96,2.098281554363223e-72,4.3650172634453065e-19,3.9448020399827764e-113,8.307432487740961e-45,1.0,1.277467473615212e-11,2.2108913646086208e-33,1.196946075670972e-44,1.9375358595183775e-33,3.5904673630399895e-07,4.649965963421042e-52,3.402930501987239e-51,2.1144496829566565e-48,6.192453626107475e-09,5.418248050145879e-47,9.48924308350523e-106,3.149185043634145e-49,2.7073071789765497e-112,1.38200313187342e-27,1.0,0.0016039550242795304,4.4151074555060623e-41,7.824171075117072e-13,2.0265795930641424e-149,1.459247775881374e-148,7.764420967205973e-13,1.0,3.6810985334860754e-08,5.797369936385174e-48,8.650110944611892e-35,9.568256467487822e-17,5.117296439183214e-186,2.9190237112975465e-29,1.2645891328644897e-67,1.7685888135309398e-08,1.0,1.0,7.073664000240346e-28,4.665950458865485e-19,3.5452761492205953e-23,9.914484951249503e-24,1.689166652291256e-159,1.429574004148875e-06,1.400802874781451e-45,2.421864774080278e-26,7.272295932251222e-28,1.0,1.0,3.288264192282885e-29,0.23113376444242947,1.7475826084763786e-17,1.0,2.4204083390107e-49,1.0284616170156587e-53,2.9924484597731056e-07,0.0003483380644850278,3.3236024446163643e-32,1.69016506320283e-107,4.183351093936286e-11,1.2016530808783635e-55,1.334559013169192e-13,2.6409749846871835e-35,1.0,9.798384822792559e-16,2.14341296412369e-06,5.090140260524995e-33,1.552600005035067e-30,3.114804638244076e-14,5.88713231081547e-42,1.5462380987089433e-19,4.6919006956310003e-35,9.4231604617447e-06,4.9110145591090914e-26,0.099993971006782,3.147814920188824e-12,1.0,4.4714299132010925e-12,2.4560347129227957e-10,6.41593508186995e-16,0.002647290610914802,9.17364141624606e-10,7.720706960887178e-21,2.2476806319148352e-06,7.696725782193682e-19,0.0033115836492842578,4.77444693062169e-16,1.0630872385515196e-06,4.0152041228141744e-24,4.209746945371206e-24,2.357751505038045e-79,1.0,2.0750501795001225e-09,0.00134962394389793,3.6083951764240657e-22,4.655965382090079e-30,3.797152176485747e-31,1.0,1.1165111320539915e-07,2.18083040046072e-08,1.1385055878805506e-30,1.536430243076544e-111,3.336863528476591e-34,1.2339947256377156e-79,5.0206395183463e-10,7.029466250350166e-33,5.071982564310135e-34,1.0,1.0,8.418177473706945e-56,2.4639830307619313e-15,8.927487343821558e-39,1.6027755968610467e-38,1.0317154599769568e-56,3.844207935811288e-09,1.0,0.0007751342391040091,1.0,1.1797549458003971e-102,4.707530894524181e-07,1.0,1.001407732940507e-12,1.1703177823707459e-12,1.0,3.4318039077011e-88,1.3010207200290364e-33,1.4475864799729164e-63,5.898853936843644e-09,2.0559973440678644e-24,1.2277677288385892e-11,0.03464345828403585,4.898898011305081e-07,4.990707203784178e-21,1.0,0.06813780067390787,4.835197484747991e-37,0.0003680256716851986,0.00010486166124367669,1.0,2.109699574565756e-18,1.8001053322681446e-103,4.10405612259666e-05,0.0023822346086074947,1.0,1.0,0.00022436409431402218,1.0,1.0,1.511700404562667e-47,0.016722159635029064,1.0,1.0,1.1965971444392244e-29,1.0,2.201361579003619e-10,3.236948850187561e-37
60,0.00014104200801500044,1.0,1.0,7.246668689088152e-27,4.192085857053639e-94,1.0,0.01112727950529318,9.171095327288604e-73,1.0,3.201541641808644e-85,6.314220400043908e-33,1.5268461004508696e-124,1.453576057694166e-42,1.0,0.15766817847933443,2.144129833688634e-05,1.0,3.8806600674790944e-30,1.0,1.0,1.0,1.0,1.0993617026395108e-46,0.00016891588959410593,1.831750624564127e-66,1.6628423865414436e-21,3.4378654174160507e-31,6.283222316467503e-08,4.2491619476932994e-32,1.0,1.0,3.6181146944586957e-06,1.0,1.0,4.823957231067368e-46,0.028982391227740968,5.564587401695429e-07,2.882575386695111e-109,1.383070925310187e-15,0.019749990278149124,1.0,1.0,2.125290794303773e-28,1.0,6.538069771247757e-10,9.163883655397021e-148,1.5399156619816797e-35,1.4694667226973026e-06,2.901391249980631e-22,3.7847733410141293e-07,1.0,1.0,1.280119753097253e-98,1.0,0.020174021458682308,1.878924184853105e-10,0.08620757856053018,1.0,3.1637195766373008e-31,1.1947159070460555e-32,1.0,1.0,1.0,5.479978665686704e-08,1.0,5.377570164132035e-05,1.0,1.239507935936483e-28,1.833447708072207e-51,1.2225062975725145e-17,1.0,1.0,5.058424828956034e-10,1.0,1.4954579741557083e-14,3.3448653535371795e-40,1.1679038879316844e-11,1.0,0.0004169796372238929,7.390884263743376e-06,8.401710940122184e-27,1.0,1.8354283639085071e-06,6.744360038263937e-102,1.0,1.36542707163333e-06,1.0,1.0,1.9952029820085704e-13,1.0,1.0,1.0,9.468055938997695e-39,1.0,1.2955579967521473e-18,2.2490118589204052e-08,1.0,4.0180627398891736e-27,1.0,2.7866236987457026e-08,1.0,3.184035726496443e-122,1.0,1.0,0.6608211546469085,0.05196205429558542,0.08639746227594626,0.5114276765360315,1.0,1.0,1.5926356754747176e-25,0.170045287887075,4.1930987109813024e-29,1.0,1.3879940192715314e-20,3.0646641390926353e-54,1.0,1.0,1.410291989795873e-51,2.5055550576712106e-51,1.0,3.995132085860311e-17,1.0,0.04492450311500006,1.0,1.0,1.1699309760862414e-76,1.0,5.829910157642618e-10,1.0,2.3811607399345714e-12,8.143535583305441e-08,1.0,1.0,1.0,1.0,7.388138179668484e-62,1.0,0.029117725143590116,1.0,1.0,6.367824762233936e-31,9.38784216907794e-10,1.0,0.003914235412820959,1.0,2.2849474330177427e-06,0.00029572823649561236,5.43430511903321e-06,1.7408206735381757e-55,1.0,7.238172711242694e-104,4.724087349976896e-34,1.0,7.647573975105134e-08,1.0,1.0,0.006710808975688773,1.0,1.0,1.0,1.0,1.0,0.005798758662107371,1.0,1.0,1.0,1.0,0.49237136200868065,1.0,2.833884280601152e-26,1.0,1.0,1.0,1.0,1.0,1.0,8.380788620098536e-48,1.0,1.0,1.0,1.0,1.0,1.0,8.966452953276814e-23,6.803521871360042e-05,1.0,1.0,1.0,1.0,1.0,5.887089973987486e-17,1.0,1.0,1.0,2.3430733347786335e-43,0.09813149652843219,4.5447242059033076e-24,6.15267843795452e-53,0.26831772574157053,0.0914359225572933,1.4951286263768952e-27,5.0585448835956914e-11,1.4760051488551565e-11,1.0,0.0009085305503360545,0.001009122017465822,3.813361460202079e-12,1.0,0.0001623823833513416,1.7547189651667643e-38,1.284173490221905e-17,9.119191454859187e-39,1.0,9.414990107055215e-11,5.615806064796917e-57,1.0,0.8461922969008454,2.4742690675490213e-30,0.037225657547139177,1.4793025280726347e-16,1.0,1.0,1.0,1.0,1.0,1.0,0.24695012667557364,1.0,0.00045031525424814686,1.0,1.0,1.0,1.0,1.8696470310567502e-42,1.0,1.0,4.243903764230879e-11,0.0009147551257683173,1.0,4.2850307788481427e-23,3.534374860574399e-14,1.672826014171728e-10,1.0,3.985266424444097e-18,1.1003195258277392e-10,0.03230063822518544,0.06942770973350786,1.0,1.0863733215762954e-05
61,1.5284631104283748e-13,1.0,0.00013663775421592092,6.643307442416579e-42,4.381361515217216e-70,2.1869480959657305e-06,1.0,3.779201164260422e-52,1.0,8.179029174632435e-63,1.895795840183764e-19,4.032067822773095e-152,6.472693738486161e-60,1.0,1.0,1.374906768051017e-13,1.0,1.2169478877323225e-44,1.0,0.017723736194355945,1.0,1.0,1.0007834337469042e-31,1.0,1.1658205161025254e-85,1.626035776791896e-11,5.1017150243741123e-45,2.2723928920374175e-16,4.7511772000572654e-20,0.011960495227266964,1.0,1.0336749056006687e-13,1.0,1.0,1.4722578982737244e-61,2.5734784162573673e-08,0.25662084728684575,1.494999151402613e-87,1.714439954200828e-25,2.0536192624959905e-08,1.0,1.0,9.496768811810033e-41,1.0,2.882440887748705e-18,8.077611894116105e-173,1.1083393422801757e-23,7.836909521456937e-14,6.003913328231946e-13,0.1433373070923054,1.0,1.0,8.868124111268063e-79,1.0,3.7388580865877276e-08,0.0005269543127145303,3.092133104626866e-07,0.00010087437252004972,1.5038646754064225e-20,9.916604424247427e-22,1.0,1.0,1.0,0.022422107011915993,1.0,2.407766794091626e-11,0.02517646435461495,1.2113467647869082e-18,4.856820318659306e-66,4.918126708057248e-27,1.0,0.00020407293364915044,0.0005629686797518111,1.0,3.069536882626663e-23,1.7596851916559654e-28,2.939069857188542e-05,1.0,6.576097605343684e-10,3.377504202069542e-12,1.8744433792541802e-17,1.0,6.640476244025635e-13,9.3792912534328e-121,1.0,5.36038789259192e-13,1.0,0.007933183086472048,2.0062485527301546e-21,1.0,1.0,1.0,1.2763288823632263e-50,0.026587537670025536,2.196934610640871e-27,5.5169226901614696e-15,1.0,3.128525632792017e-37,0.003336533056303353,0.004055817184222967,1.0,2.7616023601643654e-103,0.0018392843951334772,1.0,1.0,1.3180993441266002e-06,2.6852509485036004e-06,3.168892110879736e-05,1.0,8.988772695126805e-05,5.353014621938884e-35,7.875573440071854e-06,4.572208676771149e-39,1.0,4.025810745004881e-13,3.221301523312705e-42,0.006581738424812328,1.0,5.460211725370976e-64,1.1438097338573598e-63,1.0,1.9096851430670882e-10,1.0,2.1462887512406353e-06,0.283821678579216,1.0,4.882001556578333e-91,1.0,3.1045355197295507e-16,1.0,8.997354934461298e-07,0.003252168582393738,1.0,1.0,1.0,1.0,1.412583621642722e-74,1.0,1.962617522287055e-06,1.0,1.0,1.5752718129584487e-22,8.059819054937348e-05,1.0,1.0,1.0,0.029837352073856162,7.3636223618145555e-09,5.0773860645986106e-11,1.2698321520928872e-44,1.0,5.623380431654844e-89,2.7180427614878868e-43,1.0,4.4547956928775246e-13,1.0,0.0018611905868987201,1.0,1.0,1.0,0.007787393876599223,0.07238804018634545,1.0,6.3989367178695e-07,1.0,0.0007526239599031704,1.0,1.0,1.0,1.0,3.2244974035592655e-19,1.0,1.0,1.0,1.0,1.0,1.0,1.4562722881209623e-38,1.0,1.0,1.0,1.0,1.0,1.0,8.212936273010084e-30,0.1549159914853443,1.0,1.0,1.0,0.006678152425975219,0.0020062032913385685,1.5930471387213372e-11,1.0,1.0,0.0022531880927659734,2.3693454606608474e-52,5.10332498833619e-05,4.624749058527291e-31,1.1875975741219785e-43,0.00018863772128442703,4.88839281138973e-05,7.685994106431929e-21,1.3684714622117495e-06,8.921673814025603e-17,1.0,1.649439465032951e-07,1.928330230413096e-07,1.9663154958449492e-17,1.0,0.23260984104366716,1.1268096226695882e-30,3.119299024700758e-12,3.693114756407724e-47,1.0,1.982098316718589e-06,1.4807143463605934e-47,1.0,1.0,8.33582622308435e-38,2.0371594262289024e-05,2.4687971941596554e-22,1.0,0.22659752361913424,1.0,1.0,1.0,1.0,1.0,1.0,1.1221856976870787e-07,1.0,1.0,1.0,1.0,1.256942004953184e-50,1.0,1.0,4.994509253561629e-07,0.5271833992743121,1.0,1.5422322188122757e-17,9.702791085391896e-10,5.709398921568939e-15,1.0,3.199549254407247e-13,8.600296496953734e-07,3.6780996596398996e-05,1.0,1.0,2.5958278227901926e-09
62,0.5970358710749624,1.0,1.0,2.736356822144857e-19,2.2637679796889126e-105,1.0,3.3562795139141777e-06,7.200565175595414e-83,1.0,6.194557945535037e-96,2.43471817718015e-40,1.3779341735041164e-107,2.7240188607030043e-33,1.0,0.00012955109444887816,0.06359274568784921,1.0,1.090130385660672e-22,1.0,1.0,0.31930642286389427,1.0,1.506023605515573e-54,4.7515899478607196e-08,1.205991114337073e-55,2.7194481656522652e-27,4.8800525005528826e-24,0.00037257597490604515,9.706950744926284e-39,1.0,1.0,0.007462067325836787,1.0,0.11948505678342747,1.1677474891719294e-37,1.0,1.1057764599147392e-10,1.6209780429974817e-119,8.438442210433463e-11,1.0,1.0,1.0,4.7330437364617385e-22,1.0,4.796926821893557e-06,2.6100072491623553e-132,5.4124890195578426e-42,0.0025763402204320284,1.3198715563924589e-27,9.163818465632426e-11,1.0,1.0,3.6126943047789516e-108,1.0,1.0,1.8546777332331733e-14,1.0,1.0,4.044294129284537e-37,1.2001869472741828e-38,1.0,1.0,1.0,1.4833063025993368e-11,1.0,0.03373847161725998,1.0,3.396780227283067e-34,1.707526074306758e-43,5.302712373843107e-13,1.0,1.0,9.116775979360574e-14,1.0,2.453213149258612e-10,1.6891079060965686e-46,1.47287180453407e-15,1.0,0.14395960239381908,0.00523891945923638,4.8936409907084577e-32,1.0,0.0015428232307669217,7.178023863967834e-91,0.9003916461703899,0.0011307966775942588,1.0,1.0,1.4906614509973614e-09,1.0,1.0,1.0,1.988965239075392e-32,1.0,3.117446474846741e-14,2.753552541816962e-05,1.0,6.66036719873651e-22,1.0,1.7053955107510833e-11,1.0,2.7528680187977677e-131,1.0,1.0,0.005994514507692134,1.0,1.0,1.0,0.16613938188995245,1.0,1.1957855948204412e-20,1.0,6.41318066352736e-24,1.0,7.553894102296254e-25,1.5790777830927312e-60,1.0,1.0,8.513405616686245e-45,1.373042628981889e-44,1.0,5.360885671406763e-21,0.544530368759125,1.0,1.0,1.0,1.550254775021408e-68,1.0,5.96285883991855e-07,1.0,1.157043820088858e-15,1.1894150389628742e-10,1.0,1.0,1.0,1.0,8.276736548402844e-55,0.5994551631983911,1.0,1.0,1.0,1.53516784971843e-35,9.841205007473871e-13,1.0,2.7480539600471603e-05,1.0,6.260467944210371e-09,0.03732205330175044,0.0012048721583888882,3.519308901980963e-61,0.1081278609272543,3.0063301769404295e-111,3.6607268654448406e-29,1.0,2.406165408434549e-05,1.0,1.0,6.855284588353637e-05,1.0,1.0,1.0,1.0,1.0,0.35761168227937257,1.0,1.0,1.0,1.0,0.010657426528794681,1.0,3.381801312191569e-30,1.0,1.0,1.0,0.9779243450503405,1.0,1.0,1.0238264023601086e-52,1.0,1.0,1.0,1.0,1.0,1.0,3.856392443141407e-19,5.556947828246225e-07,1.0,1.0,1.0,1.0,1.0,4.591011686165443e-20,1.0,1.0,1.0,1.6557354280542644e-38,1.0,1.9273068765789383e-20,7.652707713531686e-58,1.0,1.0,2.904555568621119e-31,1.2492012718703367e-13,5.690531626803639e-09,1.0,0.04988953040860309,0.054071502485975094,1.623939750846136e-09,1.0,1.7787841118372297e-06,1.0584069879953769e-42,1.0969334499582038e-20,2.8306234255311206e-34,1.0,2.6906947438905435e-13,6.249767638468038e-62,1.0,0.029313297622764405,2.145013309478968e-26,1.0,1.2695592131635303e-13,1.0,1.0,1.0,1.0,1.0,1.0,0.007916329702863947,1.0,0.022276283315941406,1.0,1.0,0.07470940290929423,1.0,4.711217244611222e-38,1.0,1.0,1.7898884962610424e-13,1.785761517106727e-05,1.0,3.4143245411639704e-26,9.994841402659305e-17,2.7917774103610585e-08,1.0,6.708729097777484e-21,5.898556136786088e-13,0.7454530973007536,0.002472368786955462,1.0,0.0006073164741483664
63,4.413354661156029e-48,3.6100195695410635e-09,1.7339528009714956e-30,7.613735469505652e-90,2.6336918078335792e-27,8.101752493387288e-33,1.0,1.0847317044882467e-16,8.295577436280149e-16,3.017751436608927e-23,1.0,3.5063165989474445e-229,1.7860877423397944e-112,2.903338673195566e-18,1.0,9.658156569860722e-44,2.109966023499188e-17,1.106012180880153e-89,2.2050733504286252e-10,5.821684426999813e-23,0.005289783604364296,2.4026546985007096e-18,4.82942678580308e-07,1.0,5.558182538905227e-141,1.0,2.3033459327447763e-87,7.856198886471616e-46,0.15806705639589497,1.8158768253081515e-21,0.0001342042266744986,2.117991249007814e-40,6.859798322517227e-06,0.6440644121318329,3.5747034707337724e-107,2.315241068167695e-31,1.0,8.42369068703751e-46,1.858271031431129e-57,5.679052260858722e-31,5.733921219621936e-05,4.967923483047768e-10,2.190312577765733e-78,8.096828111512983e-12,2.53299994087177e-46,7.737462375674996e-241,0.00029507625440816214,4.139367033187974e-39,1.0,1.0,2.073857317387265e-13,6.547060639700696e-15,1.1429149144612818e-40,6.392458712375936e-10,1.5168487180121907e-29,1.0,7.15213797573513e-28,4.25380965647678e-23,0.0037486782211360414,0.0008943669219269247,5.479978665686704e-08,0.022422107011915993,1.4833063025993368e-11,1.0,0.0050701674288630635,1.3584985578821823e-33,3.800012538543508e-18,0.018759049120878297,7.497850419703618e-108,1.9500024451308833e-56,0.04536403979540926,8.913287402565003e-22,1.0,1.0,7.328989428035389e-51,4.0875381478099005e-08,1.0,1.0,2.4122406632492094e-30,6.459304830739356e-34,0.03137620967330559,0.17339528337860918,9.775351976469905e-35,2.746706320607147e-172,1.0,1.2767920675669303e-34,1.5531997292373604e-08,7.737277924664891e-18,9.121787805436079e-47,3.7547569936909724e-07,0.390505804222358,7.666543151261988e-10,5.862552420207617e-85,1.9572364652639052e-16,2.9400267905931513e-54,1.1555227893487032e-36,0.021051802649914936,3.1681608816877505e-67,8.638620071309876e-18,1.0,1.0,7.610376888829332e-65,5.446807915634487e-18,6.328271900216327e-11,1.0,3.8494815757408785e-23,1.343759711656116e-22,9.011443387086826e-21,1.0,6.316588741531793e-20,4.651983035070631e-63,1.4311988457137937e-21,2.9096896234047856e-68,1.0220813755993376e-07,0.5682864812880697,1.9999212541165552e-19,2.1932005730676292e-16,1.0,8.14871082110219e-99,2.7455726791597168e-98,1.0,1.0,1.0,1.140914311229831e-21,6.615487470822496e-13,0.03435575288236558,2.5703941075681754e-130,1.6383750972379397e-09,4.505680175526322e-36,1.0,1.0,1.0,6.087884995285436e-09,0.0010245650962155412,4.302746075468223e-06,1.8882527468232926e-06,1.2522218720243565e-109,1.0,6.0605853763059454e-21,3.028430240195547e-08,3.3002287307608873e-09,2.365341353305263e-07,1.0,3.0804094354340936e-10,1.0,0.0035739211677438213,1.0,3.551975034436319e-24,2.3695910837179883e-27,2.3860922082560285e-23,1.0,3.0245812518522866e-58,1.6030452560283827e-69,1.0,1.3306745697068693e-29,0.17394149552494215,4.216863294889255e-15,1.0,0.00847704151311245,1.0,7.873039832179314e-14,3.5263828009032043e-12,0.047682229823122535,3.5798126774151026e-20,3.478968700525118e-05,2.300083563227121e-15,1.0,2.2543218399402176e-09,1.0,0.46380656642884577,2.5691414280177335e-06,0.5171737780973547,1.0,0.002649667561831883,1.0,1.0,2.086484189689939e-06,2.3592826133307673e-20,3.701679015037947e-05,1.0,0.0015896215067412206,1.0,1.0557909956014498e-08,1.0508299844460538e-08,4.911512440181866e-50,1.0,1.0,1.0,1.3620486316940336e-07,6.025371216455308e-13,9.61909218876729e-14,0.05468335695058573,1.0,1.0,1.5146703816210968e-13,4.300196880171415e-77,4.564540809496213e-16,5.379615351823572e-51,5.36880400079002e-25,3.636259234717912e-15,5.061761324677373e-16,3.34618788701281e-08,1.0,2.1140225823763172e-32,0.001427909720636863,1.4000843656231192e-19,1.9279672248406323e-19,3.3843656960567746e-33,1.0,1.0,2.189000850423271e-15,0.012595143567144005,2.4708551219116998e-70,1.0,1.0,1.9794214395205449e-28,0.04381999228527965,1.0,1.0310330837047638e-58,3.42030969606643e-16,4.049595178476236e-39,1.0,8.273864122007888e-10,0.11796638502994396,1.0,1.0,1.1591240638927186e-07,1.0,1.0,4.050564828716354e-19,1.0,1.0,1.0,3.3808763805984444e-06,6.568997459385957e-73,1.0,1.0,1.0,1.0,1.0,5.824371462759858e-07,0.09144990708113086,3.684879936404182e-28,1.0,0.00041945608818508664,1.0,1.1883368469140036e-14,1.0,0.14469657432510383,2.095592919617279e-20
64,1.3475821918858448e-11,1.0,0.00220755056339569,1.8784671458427802e-38,9.29217897898043e-72,4.453650339774042e-05,1.0,8.872125744157805e-54,1.0,1.784701791956118e-64,9.244765999792859e-21,1.5774106009706549e-144,7.991517068186474e-56,1.0,1.0,7.178862884503574e-12,1.0,2.241791139921326e-41,1.0,0.1437654600015932,1.0,1.0,3.833929801936177e-33,1.0,4.7488809483841505e-81,1.4114943452406218e-12,5.830616458021835e-42,1.265544970252369e-14,2.7908329260109613e-21,0.08616971853320425,1.0,3.5580261148808113e-12,1.0,1.0,4.648018090125384e-58,4.3062971848352767e-07,0.059266540616908586,3.291288244721161e-89,1.957998805630058e-23,3.2800536265952753e-07,1.0,1.0,4.215741343702369e-38,1.0,1.4499531632109737e-16,2.9022732313929844e-166,6.54824820658563e-25,2.278153240811218e-12,5.743195032860191e-14,0.03338299118434281,1.0,1.0,2.1123182069243334e-80,1.0,5.18312897828077e-07,9.718692465801726e-05,3.7468528705459555e-06,0.0008279728540431256,1.0831410353932191e-21,6.826793821382745e-23,1.0,1.0,1.0,0.0050701674288630635,1.0,4.3275703149948713e-10,0.13672091610862094,9.880275999065515e-20,7.757281846455844e-63,4.0052453556107954e-25,1.0,0.0014880832316558348,0.0001125003824452809,1.0,1.723887619241724e-21,1.0379343320485931e-29,5.343060142716113e-06,1.0,8.957235055254142e-09,5.907689706707322e-11,1.7205156819188996e-18,1.0,1.2112269014973609e-11,2.5136570865183678e-116,1.0,9.56144508247229e-12,1.0,0.04167997519461282,7.711356722104104e-20,1.0,1.0,1.0,3.8390779042499735e-48,0.12441570809963122,1.2298414932393254e-25,1.0626458498779336e-13,1.0,3.5225159907021e-35,0.017290625529462225,0.0009899433013794323,1.0,6.831936605763945e-105,0.009632878346317946,1.0,1.0,9.9912324246556e-06,1.9565030966759552e-05,0.00020241426827913251,1.0,0.0005388755849134727,4.213455874443597e-33,5.2891943008642994e-05,4.654910524025112e-37,1.0,5.426395314674053e-14,1.7467574887660057e-43,0.030193585366800037,1.0,2.1507371137212468e-61,4.3144583277379176e-61,1.0,3.083865727767103e-11,1.0,1.4071844809192662e-05,0.9934188915025726,1.0,6.163686067261964e-88,1.0,4.871332445602192e-15,1.0,1.9045500037890089e-07,0.0008960151461326801,1.0,1.0,1.0,1.0,6.477532689461135e-72,1.0,1.1861773528088988e-05,1.0,1.0,1.6817079356970005e-23,2.0138197711349394e-05,1.0,1.0,1.0,0.009326693033760216,5.314979899269106e-08,4.4188421271341495e-10,8.217050056829038e-46,1.0,1.9851791498093975e-90,1.7797830434279808e-41,1.0,4.193719149619005e-12,1.0,0.007357161307284,1.0,1.0,1.0,0.02806203209918839,0.23311398847734313,1.0,3.4221244431895855e-06,1.0,0.002985907617519579,1.0,1.0,1.0,1.0,4.574453468776632e-20,1.0,1.0,1.0,1.0,1.0,1.0,1.267503297887746e-39,1.0,1.0,1.0,1.0,1.0,1.0,1.7320246262490422e-28,0.05857089672841344,1.0,1.0,1.0,0.02195913293585529,0.006922655656964952,3.3581125903053297e-12,1.0,1.0,0.007643904305423964,1.3088033365573756e-50,0.00020105472988797763,9.464628575818416e-30,1.0162047288198011e-44,0.0007036975728470444,0.00019136928843326142,1.1678404538153776e-21,3.773353018956528e-07,8.033920558710085e-16,1.0,7.835044772736448e-07,9.06814927757421e-07,1.8239190382513808e-16,1.0,0.0926090034678048,1.3208929070659e-31,6.622591072796746e-13,1.4929926231124524e-45,1.0,5.617770865903505e-07,1.2285581710905035e-48,1.0,1.0,2.1322937613106102e-36,7.882796367555076e-05,2.8371241671433423e-21,1.0,0.5972115507849939,1.0,1.0,1.0,1.0,1.0,1.0,4.971397674872266e-07,1.0,1.0,1.0,1.0,4.473610451881869e-49,1.0,1.0,1.4994454456915542e-07,0.23276837279846813,1.0,3.0797241775490515e-18,2.6181969914998133e-10,3.599161033511756e-14,1.0,7.583400062628656e-14,2.70331994132288e-07,0.00012241735730599823,1.0,1.0,1.1403030954839943e-08
65,1.0,1.1574910837560794e-17,0.04621055277055552,1.0,8.4483645639144e-170,1.0,1.6653373685848715e-31,1.4163941301404852e-140,1.4714389303413705e-08,5.539380505564972e-157,6.213761071213385e-84,2.0087974963956652e-53,1.6334638135345856e-06,1.945516630610915e-05,3.379069995080693e-27,1.0,3.0148321957032262e-05,0.05808478421438249,2.8987512646374095e-10,0.10653188218414854,1.5248935156926405e-19,0.0035479542256543883,3.467694526497391e-99,6.132164650163847e-32,1.971628714147465e-21,1.4761205569459199e-61,0.0023207039908766324,1.0,6.072397045896853e-77,1.0,5.807894445583732e-13,1.0,1.66425874139527e-10,1.5681921557940782e-18,1.4921616366105274e-11,1.0,2.982000541927435e-34,6.974064240720577e-176,1.0,1.0,1.9953630689476012e-10,2.676776376378013e-05,0.0026754213752625674,0.0005982496330172518,1.0,9.163647473369204e-80,2.279663396973988e-78,1.0,1.6654264274741223e-58,1.4509507042976274e-33,0.026501452936374976,0.200110721445165,2.6477554871722322e-160,0.00020778361908700552,1.0,7.319041865877456e-39,1.0,1.0,2.7810269178979234e-70,2.55952062016916e-72,5.377570164132035e-05,2.407766794091626e-11,0.03373847161725998,1.3584985578821823e-33,4.3275703149948713e-10,1.0,1.0,1.720234269438053e-65,2.311158423475463e-17,1.0,9.73263532587142e-11,1.0,2.3205636107204898e-36,1.6244818853258736e-13,1.0,3.0179252761893577e-81,9.185729609928593e-39,2.7773968415595693e-13,1.0,1.0,2.1632383523496244e-61,2.8496652864624034e-10,1.0,1.302580462010508e-52,7.036466129133849e-14,1.0,0.029290892690887853,1.0,1.0,0.005946905708886268,2.2378755247984413e-09,0.8457349737669708,1.1466286072919511e-11,1.0,0.4321084800399658,1.0,5.53096233593885e-07,2.327959686003544e-05,1.0,9.513952053219925e-31,2.249426034095272e-12,2.333032851575331e-179,1.0,1.0,1.0894969225039711e-16,1.0,1.0,1.0,5.890745483435761e-14,1.0,4.4525444709020115e-05,1.0,4.3676079163618814e-07,0.7662684310470181,1.2024635207049578e-48,4.7190863535642226e-94,1.0,9.673295493979521e-09,1.960384805553666e-21,2.346997037923761e-21,5.0921867897300744e-08,9.620685148275373e-43,2.351050939000793e-12,1.0,1.0,0.0001968804473867003,1.1072823513677905e-39,1.0,1.0,1.0243473023536118e-10,1.558789969456254e-34,2.6584025766829695e-27,1.0,0.0303878432419136,1.0,1.0,7.008901517935655e-30,1.341293372677002e-11,1.0,1.0,1.0,2.2650921400826086e-60,6.946266078045813e-30,1.0,1.3916827751475229e-18,0.04868771252108165,4.716645468317431e-24,1.0,1.0,5.745381251968523e-91,2.7075170572919195e-12,1.9462194240773795e-149,2.5235191345230768e-12,0.00020145243068952904,1.0,0.01026796450752598,1.0,4.8007950415567274e-17,0.38799545792550016,1.0448685416403092e-07,1.0,1.0,0.12736857878378963,1.0,1.0,1.0,6.967718907442352e-08,1.0,3.194426042068762e-13,0.02157055577544106,4.133214969595262e-51,0.023443341615551266,0.0018574424581480741,1.0,1.287824582466061e-09,0.0035154652974938405,1.0,3.4199927490863196e-78,1.0,1.6942850623834277e-09,1.0,4.066609958515317e-05,1.0,1.0,1.0467667395776193e-06,3.757905410812805e-19,0.009880349473921003,5.708455133136789e-08,1.0,1.0,1.0,7.666669762696632e-37,0.0015376368991077238,0.0076039420373979665,1.0,5.7939388562889916e-21,1.0,7.240004435359322e-08,4.901602291551506e-83,1.0,1.0,9.079207920972208e-51,5.156583714818685e-28,1.0,1.0,1.0,1.0,0.5654673344107085,0.07795754822521227,7.484096424382371e-18,1.5204540558609632e-64,3.871381172582165e-37,4.617319347287729e-18,0.0036481807851876345,2.608121630006684e-27,3.0222368088612e-87,1.0,2.6577388019474683e-11,2.204600654132465e-12,1.0,0.0010972507290776111,0.23488362337423133,1.0,1.0,2.3033728227759776e-07,0.02446038715402307,1.0,6.869689555697971e-12,1.9793943507823114e-07,1.0,0.00020985178166851425,0.0009952160397425007,3.65193324181287e-10,1.0,7.342144254213563e-22,0.004475648016551309,0.0001787912794496669,2.3952487937646245e-26,2.6845645270287238e-15,0.003749689455551298,2.444512781587921e-42,2.5704936377345335e-30,0.6819792533559501,0.0001996221510429329,1.7392218799556437e-35,3.18279486044408e-25,1.0,7.39439721772929e-12,1.0,1.0
66,1.0,0.0007251195144533808,1.0,9.871677923739518e-10,3.0500258178366123e-124,1.0,2.9848236478912466e-13,6.126954984854583e-100,1.0,6.222793817530594e-114,2.7164532926335785e-53,8.698130218107027e-84,5.235030113594054e-21,1.0,6.947189374384135e-11,1.0,1.0,5.483154940744005e-13,1.0,1.0,3.966332259941235e-06,1.0,4.9371129795546955e-68,6.553865200516837e-15,1.194700316201127e-40,1.4306162496331785e-37,1.468629115857948e-14,1.0,2.6550782316912303e-50,1.0,0.01347577416314225,1.0,0.30466014202267133,2.7716205575403916e-06,3.7702759961006976e-26,1.0,1.2740780762850951e-17,1.414344719908406e-136,0.00010338008181942095,1.0,0.22847471020925147,1.0,1.4806322132181508e-13,1.0,0.25764961595692487,6.680386797359555e-110,3.8185830979433543e-53,1.0,5.026112275326828e-37,1.6337330557427744e-17,1.0,1.0,4.2669161420699175e-124,1.0,1.0,8.837378795839378e-22,1.0,1.0,2.449800546294484e-47,5.0034466168536006e-49,1.0,0.02517646435461495,1.0,3.800012538543508e-18,0.13672091610862094,1.0,1.0,7.320646414979609e-44,2.796254087327491e-32,6.79168074718487e-07,0.04146017424791141,1.0,1.3609252355867733e-20,0.0006260072074884545,7.357665709465304e-05,2.7339667473103626e-57,1.3111762314223585e-22,0.0006619310110141471,1.0,1.0,3.841685674174357e-41,0.05004492061206382,1.0,7.90275893497021e-75,0.0001992850315273856,1.0,1.0,1.0,0.00017311240543976006,1.0,0.1103254688130029,1.0,1.5354363568310642e-23,1.0,2.49411865730194e-08,0.22829446547528492,1.0,1.0815967181075058e-14,1.0,2.3423777112043295e-17,0.0007852945450457751,2.7470280588306245e-146,1.0,1.0,5.965282336407063e-07,1.0,1.0,1.0,4.486253188638502e-05,1.0,6.840794813021548e-14,1.0,1.1198880284876348e-16,1.0,2.668044658400882e-32,3.828091061030351e-71,1.0,0.10866528962887086,4.922137369547703e-35,6.947136074914104e-35,0.2670452102129943,8.373308088081944e-28,0.0003009392826932333,1.0,1.0,1.0,1.2330604860303043e-56,1.0,0.005584274909966351,0.0029249119887147295,1.4976780749999433e-21,8.71373762270658e-16,1.0,1.0,1.0,1.0,1.5955837822003052e-44,0.0005011361583859776,1.0,1.0,1.0,1.884289223185706e-43,4.54016867452766e-18,1.0,2.596309894861947e-09,1.0,1.3629340508758068e-13,1.0,1.0,9.487956814192552e-71,8.173079915901829e-05,1.8006134696246556e-123,3.8238517906664946e-22,1.0,0.04973235643871357,1.0,1.0,1.357378336493949e-08,1.0,0.08597449246314383,1.0,1.0,1.0,1.0,1.0,1.0,0.056628910922994304,1.0,7.320577654805632e-06,1.0,6.389337242180434e-37,1.0,1.0,1.0,0.0023651192726358394,1.0,1.0,5.585836880191368e-61,1.0,0.002686455900509215,1.0,1.0,1.0,1.0,6.006906048032002e-14,9.055523919639498e-11,1.0,0.025316538321942195,1.0,1.0,1.0,1.8837243049148656e-25,1.0,1.0,1.0,2.2212759737906097e-31,1.0,3.1609682148061576e-15,4.664229074668481e-66,1.0,1.0,1.368776980235434e-37,3.262877172105074e-18,2.2398250617616213e-05,1.0,1.0,1.0,7.544464721827264e-06,1.0,4.993425279750621e-10,8.020407978033552e-50,5.469296807052861e-26,1.102851260181719e-27,1.0,9.114648350993917e-18,3.316023139640999e-70,1.0,5.230477796515608e-05,1.1609965080383002e-20,1.0,1.875725577616079e-09,1.0,1.0,1.0,0.034824037328990136,1.0,1.0,1.3133069077625602e-05,0.02833167568786129,1.0,1.0,1.0,0.00021903855303729105,1.0,1.5482779365817172e-31,1.0,1.0,1.2837341731086747e-17,1.4619744778667379e-08,1.0,1.7918444788391331e-31,3.9201797104861e-21,3.768224334942624e-05,1.0,1.1744194950700221e-25,6.487639206433133e-17,1.0,5.492278112539333e-06,1.0,0.1514522839063546
67,5.621986519778547e-99,7.339239268370751e-39,9.1475574695074e-73,1.6371204362034395e-151,0.01153894269575883,1.5203407034286733e-74,1.1177327915361235e-19,1.0,1.2433425637450207e-48,0.3515309688815015,1.0,0.0,3.4965621055271865e-177,2.0580471100519407e-51,3.4610180278754397e-19,1.5777939259853048e-87,2.0215081627357953e-49,7.409693607966943e-147,1.2929153969155335e-37,2.6373870219464775e-57,8.180344623927092e-24,1.8012532491029067e-49,1.0,2.182456704509493e-11,3.275781761686622e-206,1.0,8.415875119888527e-141,2.2610976691020536e-87,1.0,1.6349495055963918e-52,3.747530405346936e-25,1.5015534751086924e-78,4.137032024773611e-27,1.7183164713618127e-17,1.1809486085600974e-162,5.532046226938529e-66,1.3361883553915509e-05,3.5077172322945703e-16,4.382288687150836e-100,1.0322144691711611e-64,8.418355700795562e-25,1.9055921568260494e-33,4.52039885304865e-126,2.58287992187412e-36,4.9687512410167214e-85,0.0,1.0,5.979257390948741e-75,1.0,0.00018766218215336933,3.037946720574521e-38,1.6963569028615456e-40,8.189995931152806e-14,1.594326937918179e-32,1.934996919379564e-61,0.12654127045099864,5.89897792073272e-59,1.025666262681138e-51,1.0,1.0,1.239507935936483e-28,1.2113467647869082e-18,3.396780227283067e-34,0.018759049120878297,9.880275999065515e-20,1.720234269438053e-65,7.320646414979609e-44,1.0,5.9561527392649985e-158,5.9044121691173654e-95,1.465339021877485e-17,8.856557877059337e-49,1.0,3.664791466915385e-14,1.3855526634289424e-87,1.0,1.0,2.899688397754526e-13,7.682106282942969e-60,1.2285937342415632e-64,1.0,8.361649839222826e-16,2.1418593381597603e-65,1.3973221966755924e-230,1.1249543889947117e-11,6.475087670390522e-65,1.0176976619532284e-27,1.1535154333353845e-41,1.6649896491348837e-80,3.14748676810435e-25,1.8273115822316005e-14,3.537113987552226e-29,7.3173012987737936e-127,5.028822351217755e-39,4.8386791674675124e-89,1.938642335173276e-66,1.3219192165627383e-16,7.178417953814373e-105,1.3796334617804657e-40,1.0,9.204598456270761e-10,4.210151916566291e-34,1.6168173198705337e-40,4.73068599887765e-30,1.0171189762661149e-05,1.616439175437257e-47,1.0198791413347792e-46,4.123126879393825e-44,2.4050407465210523e-07,8.166008595314252e-43,2.4999129116522073e-98,5.978444658574338e-45,1.442059494179321e-104,1.144703751923954e-24,1.0,0.00035039623741643764,2.322204773745723e-37,5.529300407744018e-11,3.873045174261562e-140,2.2643006554162144e-139,5.089162990449216e-11,1.0,1.0336601130473563e-06,5.324246488414016e-44,1.3422435919057061e-31,1.074452637149575e-14,1.796578237112288e-175,1.9861299030441368e-26,1.0942234702090628e-62,4.789495506947665e-07,1.0,1.0,3.390555208786781e-25,6.391558410925543e-17,8.801571715785312e-21,2.6204478275983756e-21,1.6538302052300687e-150,2.512583625826992e-05,5.7014758345543993e-42,8.213800522277442e-24,3.004649595928307e-25,1.0,1.0,1.4763037502110096e-26,1.0,1.5832599901585317e-15,1.0,1.1297199012836555e-45,7.807439607568435e-50,6.056545625751198e-08,0.0034459521601105524,5.321586990582963e-33,2.3243467690295708e-101,1.2070102822155782e-09,7.24279836082049e-52,5.488510053806442e-12,1.6387896956202928e-32,1.0,5.0524066214522654e-14,2.7687647369652877e-05,2.101729382150025e-30,4.74948830991879e-28,1.2494868073104124e-12,6.230494265110872e-39,1.2140539377911792e-17,2.2777837003985445e-32,0.00010579109897628743,8.15749738755544e-24,0.5471330980372776,9.0874894156211e-11,1.0,1.2419246069185664e-10,5.326721607422731e-09,2.7766002464707362e-14,0.01833857305732809,1.6983500368758117e-08,5.808841536550675e-19,5.131802751971869e-07,4.5647350664805295e-17,0.02227350839469935,1.956210247038245e-14,1.2065767302499115e-05,4.052286096290503e-22,4.208062178649256e-22,4.531145869716706e-75,1.0,3.3795543659626514e-08,0.00918114626884253,2.7063597362470306e-20,8.012105714525165e-28,7.181281212457441e-29,1.0,1.3639613372248924e-06,2.8903741078776687e-07,1.9257650870567395e-28,2.7362032156014286e-106,7.960829115795228e-32,1.6683847843873225e-75,1.0417975314102208e-10,1.4430540586238454e-30,1.1429301925755962e-31,1.0,1.0,1.3452976888542452e-52,7.411618979625181e-14,3.0164380586647586e-36,5.173521975486682e-36,1.7097979598043876e-53,5.3253702177587795e-08,1.0,0.00021477866743076503,1.0,7.612142202126422e-98,4.854753181296671e-06,1.0,1.9621439396511464e-13,2.43925400361236e-11,1.0,6.232577027920851e-84,2.28354331614107e-31,3.2807846899538294e-60,7.418236643385059e-08,1.4146597358622539e-22,2.1012734170051854e-10,0.1650668587723888,4.643946602394411e-06,2.288607231038562e-19,1.0,0.304606211363895,9.648648449662596e-35,0.0022766689263193133,0.0006928598002989898,1.0,6.563727513270896e-17,4.686021794945914e-99,0.00028026866025594765,0.012468921615386881,1.0,1.0,0.001325252934319672,1.0,1.0,4.5704102851408154e-45,0.07304206181161482,1.0,1.0,8.256038810410925e-28,1.0,2.4562412508853585e-09,3.9898909254475417e-35
68,1.5886016495649416e-48,1.3840333877021944e-105,9.824436783764443e-64,8.388104698546576e-15,0.0,1.6847219869629352e-53,6.353923983428298e-130,9.137767663109809e-306,2.6399190447274714e-79,0.0,7.945239832790937e-219,1.0,0.0008870613503976328,4.339047905729559e-68,1.941594198424341e-116,1.2903231334160785e-33,4.766288942121375e-66,1.3931711809638428e-07,4.328736447376195e-78,5.838319474164429e-54,7.044693221698785e-98,7.658313247218859e-57,9.443234974761299e-230,1.0679154268660071e-119,1.0,5.6228367913017496e-170,0.0003982423344679339,3.9893492220473536e-23,2.27923022740223e-192,3.5338492637982577e-44,1.722376757042025e-77,6.501363777749116e-23,1.1250853493308228e-70,6.260538594405307e-88,1.0,4.4118979128112075e-30,3.0659339407090065e-116,0.0,1.4382068411608005e-10,5.368848165534903e-28,1.881637478818904e-68,5.4801579771387e-56,0.018904653070224986,2.4189802333824827e-52,2.628640841108062e-15,3.5954212817695035e-15,3.2776565156144197e-185,8.682547213829284e-19,1.388552970178589e-153,4.200640417502808e-112,2.3057618734933346e-46,1.3564854058074902e-43,2.8341943463254717e-299,8.842593784842513e-52,4.464644038978747e-25,1.2212606317538317e-119,3.9882560357838406e-26,3.2738699821153773e-29,5.555541140171939e-168,4.567290577975694e-171,1.833447708072207e-51,4.856820318659306e-66,1.707526074306758e-43,7.497850419703618e-108,7.757281846455844e-63,2.311158423475463e-17,2.796254087327491e-32,5.9561527392649985e-158,1.0,0.00010711856855657965,5.414593712986578e-63,9.20314361861595e-27,2.0131209012844044e-110,1.5786034911390082e-68,1.8519257730235797e-06,3.35687621072737e-180,1.6399755801606598e-113,8.201870097206374e-67,2.1273596300207643e-16,7.849246051559292e-14,6.089363498125739e-148,9.331773036586877e-60,1.704133749116172e-12,7.33976940684118e-07,7.04994174654654e-67,8.227567507896623e-12,9.083293182527115e-40,1.1641211590539383e-25,3.336978260508276e-05,5.288552203152396e-41,1.677269407626208e-55,2.8636897879031715e-34,1.0,6.057392568547059e-25,0.2443530407009827,3.8681683057452653e-08,2.0822195918986046e-49,1.0,5.8990660742522425e-22,1.6491343477473565e-93,5.291818954516323e-60,1.408520989318392e-301,1.7611919182461162e-20,9.572365511849862e-29,1.758684713937237e-67,4.327241481939941e-15,2.184079850796793e-15,9.747174319507267e-17,9.021619264822816e-62,3.8653231268065e-17,1.0,3.1973230427083937e-15,1.0,8.538629799202265e-32,6.799288245548367e-119,3.3198135013963184e-184,4.3015430858484235e-19,6.189994243626693e-50,1.0,1.0,1.2195004808922968e-47,1.0650857325534132e-107,3.612819359199299e-56,4.6483962673976105e-12,3.3545362040406536e-20,7.760926543293186e-39,0.00011481907331746369,4.9133848817477986e-24,0.0035417128796151453,1.1646477218613322e-51,3.240562108052292e-92,2.187127583632042e-80,3.46536937768327e-23,1.85390746776398e-32,1.0123161352284112e-27,6.837294430559048e-27,0.34638822230976407,4.433402928285015e-52,7.539703353523162e-10,1.0297599621022051e-22,2.863875243758702e-21,1.9950836404788797e-129,3.638364436317509e-83,5.597896392452175e-19,1.1668378099270096e-63,1.1441234737540553e-30,1.2168771855499435e-72,2.93392787873516e-06,0.00017055180481985818,5.093085037995485e-169,5.1291115361438254e-51,7.796332847906846e-245,1.0,2.025857178438363e-34,0.05335142647257212,1.7520044613865304e-30,1.7348602669447283e-10,8.626291993017468e-58,4.0449010136363314e-26,2.369523000181852e-40,1.3882499841274818e-10,5.137368278693373e-12,5.849757289945124e-27,1.3021696926248609e-05,1.6959707960901835e-20,7.828047587501305e-09,3.5971221437873097e-40,2.9621985481547537e-14,6.53977873915297e-50,2.418724379352979e-28,7.3907985374929535e-109,4.196394160299906e-28,1.4623864645603055e-30,7.896881039760372e-22,3.163437686519422e-42,3.6357612715814813e-29,4.1610309390317044e-16,1.3981356039282895e-144,5.8856007443176405e-18,9.326961955432682e-42,2.6031628811557805e-20,1.0067720900929643e-32,2.4556861529169444e-12,2.9048299189435203e-12,1.0,9.128887629218712e-58,2.296754653709721e-27,7.063996413098605e-38,7.716261418509255e-13,2.0468002490097056e-07,1.137943400054434e-06,1.936232577072319e-84,1.336894544620031e-28,6.435922109099478e-27,2.096735985618177e-06,1.0,0.00013471652146148042,1.0,1.470328001070333e-147,4.460748142618677e-05,0.00020744984554731854,1.6694199877979747e-103,2.6159212479165495e-70,1.0,7.382601146051508e-17,0.03584791714066656,0.037960305931591755,1.0,4.3713448483046566e-24,8.896396710982243e-54,8.885755979322591e-122,2.375268767440189e-83,1.0,7.850360218226263e-27,1.900611858922324e-68,1.926787425386656e-151,9.27502257309167e-19,3.473170651844509e-42,1.0,0.0034972968607793575,1.0,2.8060513273067397e-22,1.6755631921697256e-07,2.7859165913336492e-18,2.5830191962863216e-34,4.180547302363757e-24,5.119642026295959e-09,3.928062508932041e-42,4.200749691724384e-34,0.7234344924080506,5.888707118210666e-28,1.9530447995312902e-26,1.8809160975726252e-38,2.2365200651602148e-09,0.12208098808714497,8.764423445329748e-25,2.715967934918074e-27,2.574567477023928e-63,5.475993351809952e-46,2.5662644128376793e-24,1.2117731256474479e-85,2.4564850501984874e-68,1.0,3.4122727875920436e-26,2.5012487663222734e-75,2.611074496443477e-60,0.4350163539175291,2.453368826524388e-39,2.409610119978973e-13,1.0
69,1.431971724847391e-08,3.573105825766822e-42,4.340093224153833e-17,1.0,1.3237657737439339e-226,1.3123877595216049e-12,2.6959141415756465e-60,2.1722586759819217e-192,1.905236061965474e-27,3.789417722325116e-211,1.3326442953937688e-125,6.078433733939249e-25,1.0,8.888828609053455e-22,2.7792908731489815e-53,0.0005642661158312279,3.901952837003452e-21,1.0,7.432059000831765e-29,1.1477800469289721e-14,4.573892240495798e-42,6.172381959948045e-17,2.3374438831270507e-140,3.9749970847858925e-58,1.7606162025661412e-05,3.8650362765163855e-95,1.0,1.0,3.816061948047618e-113,5.3094484206500494e-11,2.9887497626929864e-31,0.6597784494276273,2.280742119475416e-27,9.393377777599929e-39,1.0,0.000384260748576576,3.6699305719967036e-59,1.6133932562612204e-224,1.0,0.0018217023158255165,9.021319295522356e-27,5.765085027390475e-19,1.0,8.831505347246536e-17,1.0,6.5298903474344426e-49,2.6351955323129312e-112,1.0,2.275980548192022e-88,1.5826980029261144e-57,9.732396534943922e-14,3.481385597506e-12,1.7796550897373586e-205,4.0020770292041944e-17,0.012459583513072803,8.722094607872244e-64,0.003492416498492468,6.39606801816351e-05,2.18601068929501e-101,8.575445520351677e-104,1.2225062975725145e-17,4.918126708057248e-27,5.302712373843107e-13,1.9500024451308833e-56,4.0052453556107954e-25,1.0,6.79168074718487e-07,5.9044121691173654e-95,0.00010711856855657965,1.0,9.489007618539665e-26,0.0003310941717409094,2.4450660817547927e-59,1.4166044879438586e-29,1.0,4.183683669654788e-113,4.491466041402025e-62,6.0322711934003e-29,1.0,1.0,4.7450317238141506e-89,1.5278868331020784e-24,1.0,1.851849042130106e-30,1.7558837927833802e-29,1.0,3.0393279011924024e-12,0.00021875609982816452,1.0,3.165724279106927e-13,1.0618924067801827e-22,1.7080876189444919e-09,0.06597933603858981,0.000244132134200118,1.0,1.0,4.738307396472313e-19,1.0,0.005264878470833722,2.470928829022504e-50,1.874503408363324e-26,4.827973960133973e-220,0.019527776420522433,6.602450790823024e-07,5.009006342602577e-32,1.0,1.0,0.8873833621411646,2.949898019280948e-28,0.5206025912440256,1.0,1.0,1.0,5.360175934097786e-09,3.2223647407704187e-71,9.149495480741208e-124,0.03762968046329112,9.200109199586657e-21,6.025802332084716e-09,6.289715073051542e-09,1.4837027248034614e-19,1.4271766051027013e-63,1.8329462474369037e-25,1.0,0.00426406425916691,3.7407307823897746e-14,7.563920400004015e-23,2.8589688842858378e-05,1.0,6.499313245519152e-23,6.1368683048138295e-53,4.845320272638559e-44,4.815225614495023e-05,1.449481324431945e-10,1.1103651685737099e-07,3.2057278176638423e-07,1.0472824938711445e-15,9.013016750922733e-24,1.0,5.30659421678412e-05,0.00033508667809071727,5.019019431374231e-83,7.998554425208144e-47,0.004405108687474451,1.4315717494964415e-32,5.984439536295315e-10,2.315972621445689e-39,1.0,1.0,4.822171952716897e-117,4.466969574455588e-24,1.0703381798846824e-181,0.0012024426736152488,4.484426572157856e-13,1.0,1.5004223056167643e-10,1.0,9.438844769254733e-30,5.177527272189593e-08,1.8972130747476025e-17,1.0,1.0,1.1197673174500692e-08,1.0,8.469525970950167e-05,1.0,1.493979183774892e-17,0.2185230961280461,1.5158408750996846e-24,9.784751480537162e-10,3.549118051028706e-70,1.2071438886854146e-09,2.964767685700675e-11,6.505667466277283e-06,1.5200361368598147e-19,1.1629869165888308e-10,0.011400433433125636,1.6687348828814957e-100,0.0010119348078536702,2.5370998764633194e-19,3.5688784327422726e-05,2.8674453581088527e-13,0.9277444035899638,0.9897839474051969,1.0,2.078524264375635e-31,8.217750551385516e-10,4.964761898887827e-17,0.3906720980938152,1.0,1.0,1.8235455506044422e-52,7.625981705554283e-11,8.34711401560417e-10,1.0,7.325005711814091e-11,1.0,0.18932220550428483,7.136240112226982e-105,1.0,1.0,2.4389540656942194e-68,9.335963048786314e-42,1.0,0.0011872806539328716,1.0,1.0,1.0,3.436156424336517e-08,2.773186601257457e-29,8.446768187632838e-84,2.2901477863825832e-52,7.866062281460216e-09,4.5404423251961524e-10,1.0903019446885313e-40,4.697148693120678e-109,6.291704253819747e-05,6.52934906872699e-21,9.938540895771159e-05,1.0,1.0,2.6113983599611096e-07,1.0,7.445851608474513e-05,1.3720416549613778e-15,1.1845471543958878e-08,1.0,2.2849471842724853e-21,1.3763890638841853e-15,1.0,1.946200928573633e-11,1.825616733431973e-10,5.544503446543908e-19,1.0,2.8081334304637134e-12,1.7770159979547832e-09,2.517245964554358e-11,1.7792097880559922e-38,4.0975765552798724e-25,2.0000414903266626e-09,7.460912347237534e-57,6.751095818437754e-43,1.0,5.334311436273469e-11,9.020435910091051e-49,9.291695015311102e-37,1.0,1.4333562976832813e-20,0.011358356814296708,1.0
70,3.1344174942332167e-12,1.0,0.0004999326071937614,1.618814025734593e-38,3.138888798454888e-64,9.827937086902949e-06,1.0,7.733378500028331e-48,1.0,1.0795977547957848e-57,1.1063618188759965e-17,5.656130102524408e-141,1.7625700385893407e-55,1.0,1.0,1.584752202582791e-12,1.0,1.5817581740615948e-41,1.0,0.0378509100941461,1.0,1.0,2.086132997769944e-29,1.0,2.658094353173258e-80,1.5650562834944844e-10,3.2919208477694054e-42,2.8231994069406234e-15,1.4639131668752522e-18,0.02355425909003185,1.0,7.74137895331573e-13,1.0,1.0,4.6029619753390185e-58,9.748830963125385e-08,0.5002661371433271,2.0947361085165708e-82,4.9061623619517e-24,7.474338803254183e-08,1.0,1.0,1.5974755199122906e-38,1.0,3.2195219603865924e-17,1.0576014533007594e-163,3.4980655575555717e-22,4.96613857470743e-13,4.7926948205612465e-12,0.2786626863387572,1.0,1.0,1.9689993240544682e-74,1.0,1.2075707258333242e-07,0.0013474439084327845,8.947469449656514e-07,0.00021751595944872608,2.5498042708109057e-19,1.9272809103403262e-20,1.0,1.0,1.0,0.04536403979540926,1.0,9.73263532587142e-11,0.04146017424791141,1.465339021877485e-17,5.414593712986578e-63,9.489007618539665e-26,1.0,0.00040551896451403575,0.0013172184330701561,1.0,3.885620052516393e-22,5.8267867707003234e-27,7.765440302924163e-05,1.0,2.095344789393642e-09,1.3336142761410692e-11,1.706786733561807e-16,1.0,2.7220771588650913e-12,1.1427417230208042e-115,1.0,2.154385805225665e-12,1.0,0.012815580228111531,1.6943147439256335e-20,1.0,1.0,1.0,1.2899346938269137e-48,0.04021346494292801,2.781689092152605e-26,2.3771231807677117e-14,1.0,8.937072346275532e-36,0.005347915183220079,0.0077193885986819874,1.0,3.926052933384849e-99,0.002966541575598218,1.0,1.0,2.691121847900883e-06,5.3364450402653875e-06,5.7739823751854906e-05,1.0,0.0001573409912300514,1.0005274705966845e-33,1.4824993023055056e-05,1.1593850938944595e-37,1.0,1.7184757589410144e-12,1.5573505966983585e-40,0.009850141240241982,1.0,8.059338275910244e-62,1.590533476456255e-61,1.0,6.127310024641674e-10,1.0,3.9780841405090055e-06,0.37064685343041687,1.0,3.9493504904258896e-88,1.0,1.1171978436317816e-15,1.0,2.0286710286772038e-06,0.005582558763680164,1.0,1.0,1.0,1.0,2.5956173764472774e-72,1.0,3.4542679158937907e-06,1.0,1.0,1.0734909128459486e-21,0.0001522526051876299,1.0,1.0,1.0,0.04616122490001742,1.454961751326669e-08,1.1436019851603986e-10,3.35428343597045e-43,1.0,2.6453855945431654e-86,4.135674789513639e-42,1.0,1.0631238525625759e-12,1.0,0.0025784161989608396,1.0,1.0,1.0,0.01031576859388805,0.09114684424245016,1.0,1.045724891362522e-06,1.0,0.0010446754396836759,1.0,1.0,1.0,1.0,1.3028401165200578e-18,1.0,1.0,1.0,1.0,1.0,1.0,1.6442203531791711e-37,1.0,1.0,1.0,1.0,1.0,1.0,3.861456676692378e-29,0.21076014777262733,1.0,1.0,1.0,0.00848890707651015,0.0026057911893035937,3.685015210105985e-11,1.0,1.0,0.002904307823276061,2.988697196180375e-51,7.061319459126931e-05,2.1153814599631124e-30,1.4141410734645899e-42,0.0002541349198927661,6.742769970244657e-05,2.803227067865827e-20,2.3889662881721336e-06,2.0615132671931346e-16,1.0,2.519061893975481e-07,2.9286347959284737e-07,4.6440051366326316e-17,1.0,0.3069666450889692,6.543402480692609e-30,7.172970371123987e-12,3.3208015015870462e-46,1.0,3.3784927235863313e-06,1.921478491002473e-46,1.0,1.0,4.711638929227631e-37,2.7941607391824044e-05,6.87433821293486e-22,1.0,0.2636732274730253,1.0,1.0,1.0,1.0,1.0,1.0,1.6501072956874566e-07,1.0,1.0,1.0,1.0,9.902877147370877e-50,1.0,1.0,8.136625690844102e-07,0.6579975369180957,1.0,3.854428986270642e-17,1.7418510499126483e-09,1.0330033758289015e-14,1.0,6.553787657857338e-13,1.3509312042893985e-06,4.703405073983532e-05,1.0,1.0,3.8006817011974216e-09
71,1.0,7.407073946198008e-07,1.0,1.1004992039067496e-05,3.599168394569344e-132,1.0,2.8028666232559545e-17,1.898789853331176e-107,0.34328394893162295,1.1489920941593434e-121,1.4462089510733372e-59,1.8315885071000457e-71,2.2631047710032255e-15,1.0,1.547196889850885e-14,1.0,1.0,1.0810847946641521e-08,0.012982282434006873,1.0,3.779599459881887e-09,1.0,1.9217508678590864e-74,9.071036882708521e-19,2.8437708499017237e-33,8.082172560214989e-43,2.8483045119675e-10,1.0,5.032717074401709e-56,1.0,6.056189900719355e-05,1.0,0.0025103921587637814,4.192257825534239e-09,1.1972549480911687e-20,1.0,1.8660457495828777e-21,4.9243893922642595e-144,0.03713701918313341,1.0,0.0020158635627081293,1.0,1.10029198937768e-09,1.0,1.0,6.587411003317833e-98,1.125946909110318e-58,1.0,7.093536102827647e-42,3.039356230470263e-21,1.0,1.0,3.1287200012621333e-131,1.0,1.0,9.540390630036644e-26,1.0,1.0,1.7379617305441932e-52,3.066149000614547e-54,1.0,0.00020407293364915044,1.0,8.913287402565003e-22,0.0014880832316558348,1.0,1.0,8.856557877059337e-49,9.20314361861595e-27,0.0003310941717409094,0.00040551896451403575,1.0,2.6097692978076513e-24,3.4749971255869716e-06,0.01678267024374199,1.2078646325460696e-62,2.0358940816569962e-26,4.032921450340111e-06,1.0,1.0,8.199207260819158e-46,0.0005829062745877343,1.0,1.9722207660050316e-66,1.1329804060613829e-06,1.0,1.0,1.0,0.027051059777344393,1.0,0.0016895263533798525,1.0,3.16970209305467e-19,1.0,1.1753049291633017e-05,1.0,0.07655562399651439,2.689082737668224e-11,1.0,1.3658714632020875e-20,6.976975467870994e-06,4.241468434020192e-153,1.0,1.0,2.5898735312465708e-09,1.0,1.0,1.0,3.1714285293856313e-07,1.0,1.0517664565871788e-10,1.0,3.212640973821879e-13,1.0,3.212382286988367e-36,2.2427524506176287e-76,1.0,0.0022192100118664524,3.891561718739165e-30,5.1373013506887824e-30,0.00654718555754817,1.995395874476336e-31,3.1847220477579037e-06,1.0,1.0,1.0,1.7837701922762892e-50,1.0,0.29962347459068206,4.442199927178471e-05,9.609236596063958e-25,1.2435330643977741e-18,1.0,1.0,1.0,1.0,2.8715023774122433e-39,6.898182784256146e-06,1.0,1.0,1.0,1.5594641565769108e-47,5.359117844822768e-21,1.0,1.2802944658113938e-11,1.0,3.37435391762038e-16,1.0,1.0,1.6092801480085032e-75,1.131351830632371e-06,2.7756041533685638e-129,1.0977465332113915e-18,1.0,1.0,1.0,1.0,1.0181441151355728e-10,1.0,0.002966132177663602,1.0,1.0,1.0,1.0,1.0,1.0,0.001937474078613365,1.0,1.0290351288100751e-07,1.0,1.9241900536338806e-40,1.0,1.0,1.0,6.332821324639922e-05,1.0,1.0,3.594956567997513e-65,1.0,7.44235307296848e-05,1.0,0.17409330915089355,1.0,1.0,1.9781171142925128e-11,6.631562290751815e-13,1.0,0.0009665374952793732,1.0,1.0,1.0,2.4364431080569475e-28,1.0,1.0,1.0,9.059015482813469e-28,1.0,1.1128225851505065e-12,3.249927580619784e-70,1.0,1.0,6.612923563386175e-41,1.0210732115421633e-20,0.0010475975738791833,1.0,1.0,1.0,0.0003878231354784876,1.0,4.928669205820753e-12,1.7119011236714899e-53,7.916207731743264e-29,2.3119682255745153e-24,1.0,3.2685253074574586e-20,2.207070931903329e-74,1.0,1.2916216520236424e-06,8.21579773918834e-18,1.0,1.8598879233315807e-07,1.0,1.0,1.0,0.0016903609950609801,1.0,1.0,3.2013440413288114e-07,0.0013861497405899216,1.0,0.3123528853210136,1.0,7.188998418246374e-06,1.0,3.209501237427816e-28,1.0,0.23334328664146287,6.990047102527069e-20,2.61015917780898e-10,1.0,2.8444021587452563e-34,1.6186000445432214e-23,0.0011200619182290838,0.20521012733641114,3.3218402255178027e-28,4.433604038070004e-19,1.0,1.6385287406422018e-07,1.0,1.0
72,8.150296286365687e-51,1.1518823943686766e-11,2.1323197128244473e-33,1.0851396306102841e-91,2.722442612655566e-20,9.990569968143708e-36,0.06362592396870242,1.6457283264034474e-11,1.6626908497191215e-18,5.382216605159118e-17,1.0,3.673817712445409e-226,7.109597923694838e-114,5.419359057607223e-21,0.03700669526676152,1.242024148747062e-46,4.32963717294282e-20,6.978289535953283e-92,8.41515666902214e-13,9.43849964652627e-26,6.732537644532847e-05,5.1755282764225935e-21,0.000588772442938768,1.0,3.669202033689227e-142,1.0,8.200509133628697e-90,9.824691095856435e-49,1.0,3.733296507965714e-24,1.5366908403053366e-06,2.69812074034409e-43,6.587368790537815e-08,0.018231218169003378,2.0252505023383141e-109,3.4401763852386545e-34,1.0,5.354397627200098e-38,2.4245564547853576e-60,8.851692401747807e-34,7.03344930939963e-07,2.9344968036722464e-12,4.02244525424192e-81,3.935572637155357e-14,3.1800028946786184e-49,3.988566187217468e-240,0.06006451707944627,5.632838181598253e-42,1.0,1.0,9.21423568623636e-16,2.5629942140060692e-17,9.771484121223735e-34,4.194195786703099e-12,2.6743953432272966e-32,1.0,1.3557051070322455e-30,1.045350974013214e-25,0.38907058301998787,0.12021928033117542,5.058424828956034e-10,0.0005629686797518111,9.116775979360574e-14,1.0,0.0001125003824452809,2.3205636107204898e-36,1.3609252355867733e-20,1.0,2.0131209012844044e-110,2.4450660817547927e-59,0.0013172184330701561,2.6097692978076513e-24,1.0,0.09355814238452041,9.468138467544626e-54,2.2038186320160785e-05,1.0,0.20344292307136,5.054346048300709e-33,1.1944204278365853e-36,1.0,0.006389093048407518,1.8052011299154385e-37,4.07471760609526e-174,1.0,2.4250559665419644e-37,1.7184683398414543e-10,3.472567166829578e-20,1.3191184515487621e-49,5.212889827060865e-09,0.017439103228086093,7.875849598270853e-12,7.921995062881387e-88,1.0582341615214852e-18,3.996550369557531e-57,2.253337640437012e-39,0.0007251194274589166,3.992530679135825e-70,4.4181275485439754e-20,1.0,1.0,3.4398243506136984e-57,2.87368993122454e-20,6.457776915854328e-13,1.0,1.4755760665381692e-25,5.355318471463444e-25,4.071132624650133e-23,1.0,3.0670504267279654e-22,6.14217201641746e-66,6.3511023831907926e-24,3.731302554497291e-71,1.6470289411099993e-09,1.0,8.21453350198124e-16,1.4783688550009664e-18,0.437785744185791,1.1009564512229523e-101,3.6774890677941454e-101,0.3303034525309917,1.0,1.0,5.79475276016607e-24,6.801637120685085e-15,0.0015976543789739356,4.548751400258286e-133,2.4780584211580728e-11,1.1770085220239935e-38,1.0,1.0,1.0,1.0480511523541812e-10,3.795556648310324e-05,1.0849658986942526e-07,4.550342013549159e-08,1.6864826923809494e-112,1.0,3.7308318325385497e-23,6.006525569431413e-10,5.834978262877051e-11,2.9430797272256445e-05,1.0,5.024548521326492e-12,1.0,0.0001592205137500162,1.0,1.9532673911851327e-26,1.0954488054314147e-29,7.530950632541165e-20,1.0,2.4291029154764504e-52,2.420453831848872e-72,0.3389711110924545,6.190251002047385e-32,0.01220939242265467,5.061295923405185e-17,1.0,0.00047515157496624073,1.0,1.1193416203760408e-15,5.889506304362592e-14,0.003164838922366442,3.1478599013427606e-22,1.3651924069247311e-06,2.9409750461264544e-17,1.0,5.2513191621410196e-11,1.0,0.03900309482306446,0.00015444654869285984,0.04438498728734612,0.44004607281136865,0.00015102127148354204,1.0,0.6633855371215874,7.639686878054907e-08,2.0692513506942092e-17,1.6132321630009031e-06,1.0,9.073871535687549e-05,1.0,3.0367832778810383e-10,3.032894695577474e-10,1.4091478204009253e-52,1.0,0.7449482916172375,1.0,4.650209613155797e-09,1.1827723047879272e-14,1.7729128100547185e-15,0.8604756723293281,1.0,1.0,2.925430081540066e-15,7.632897494190443e-80,7.173359606908454e-18,1.6353504312375895e-53,6.920805209423179e-22,6.198963057532422e-17,8.125238350525834e-18,2.2082228806434006e-06,1.0,1.2954912677618692e-34,9.190894044324895e-05,1.76859456003984e-21,2.481932746965395e-21,2.0294655567343674e-35,0.6009594540985247,1.0,5.312384379220073e-13,0.21813403931302366,5.133450620918127e-73,1.0,1.0,3.5101766014812247e-25,0.003750352310898928,1.0,2.8035218853737472e-61,5.971555238742611e-18,2.067864810438421e-41,0.5507675845632698,2.616608835375967e-11,0.011465251200816567,1.0,1.0,4.806402240440964e-09,1.0,1.0,6.224201866605845e-21,1.0,1.0,1.0,1.7969974968053355e-07,1.5530917675079949e-75,1.0,1.0,1.0,1.0,1.0,1.9208206274548088e-05,0.9703770605436498,4.0570869713761726e-30,1.0,0.0074187805323449475,1.0,3.151011720810925e-16,1.0,0.017300005550965187,3.761552460695753e-22
73,4.0475514859949917e-16,1.0,8.918563186152823e-07,2.744816788652163e-44,1.044806558311576e-55,1.2125307455367961e-08,1.0,1.1208149667585984e-40,1.0,8.746718525830288e-50,2.2347053895206752e-13,2.869436461340288e-150,6.190154238160326e-62,0.13083710668463144,1.0,4.489507601369775e-16,0.21668778341565434,4.185843010651669e-47,1.0,0.00024013115328143703,1.0,0.029111423938623,2.6303071745939406e-24,1.0,2.7449680785072137e-87,2.1571451044247312e-07,1.4897544101612113e-47,7.338314959811288e-19,1.4077151041206129e-14,0.00019393045254536333,1.0,4.2845218365081474e-16,1.0,1.0,6.36121901326888e-64,1.7811271714704666e-10,1.0,2.755552700833155e-74,4.445887860126748e-28,1.4901493825157125e-10,1.0,1.0,2.292148848173693e-43,1.0,9.891728513702412e-21,2.3513401466513683e-172,3.8704319038719365e-18,3.6503511674144383e-16,5.247693022973229e-09,1.0,0.6858130289041162,0.11396472233773504,4.975975433828184e-67,1.0,3.1230247319096547e-10,0.11767525673596521,2.9432424665882165e-09,1.4686298710508578e-06,1.1067432462473397e-15,1.0477055625064504e-16,1.0,1.0,1.0,1.0,1.0,1.6244818853258736e-13,0.0006260072074884545,3.664791466915385e-14,1.5786034911390082e-68,1.4166044879438586e-29,1.0,3.4749971255869716e-06,0.09355814238452041,1.0,1.0192437883569828e-25,7.653093799996473e-23,0.00779004502628675,1.0,5.745940790467108e-12,2.3586332478050574e-14,2.643060090543056e-13,1.0,4.490402519311584e-15,1.5697675789213092e-122,1.0,3.703609671392481e-15,1.0,0.0002127441859459424,8.12374289467622e-24,1.0,1.0,1.0,3.033386314854358e-53,0.0008511439531142703,7.39803699856718e-30,3.612236273908147e-17,1.0,8.313544021081908e-40,9.276920679330105e-05,0.30918944655832964,1.0,8.35821485289833e-92,5.0671755691969236e-05,0.6129806659268947,1.0,2.2369486455806573e-08,4.788564469336501e-08,6.693301604244154e-07,1.0,2.0690338544350224e-06,1.58575839776789e-37,1.5645436096505387e-07,1.251838538389194e-41,1.0,6.134801345387339e-10,4.1431763503280924e-36,0.00022305235270618357,1.0,1.314496288894318e-66,2.746577335053038e-66,1.0,1.1257405125666277e-07,1.0,4.465251237735251e-08,0.014931515797274345,1.0,1.4661021322863402e-93,1.0,2.4851780622049896e-18,1.0,0.00014558070994664517,0.16556700840135669,1.0,1.0,1.0,1.0,3.4482225366494205e-77,1.0,4.615016844758649e-08,1.0,1.0,1.1009218044305998e-18,0.006344080464848931,0.2217229815988033,1.0,1.0,0.9411632204734626,1.3841901840757403e-10,7.601081086455921e-13,3.903893106865473e-39,1.0,1.6091071226428103e-80,8.761353425583897e-46,1.0,6.1474111900110275e-15,1.0,8.357272243833355e-05,1.0,1.0,1.0,0.00040881464377299506,0.0045982861439665896,1.0,1.8332753096556657e-08,1.0,3.388203830791971e-05,1.0,0.21439914016688477,1.0,1.0,4.561505868053922e-16,1.0,1.0,1.0,1.0,1.0,1.0,4.776423772499828e-34,1.0,1.0,1.0,1.0,0.29827168403648585,0.29250969641200036,5.283184320482655e-32,1.0,1.0,1.0,1.0,0.0004189180056878059,0.00011601390397939427,3.089037167037952e-09,1.0,1.0,0.0001344628160921152,8.328554153304662e-55,2.379166958150828e-06,3.0607435682003037e-33,4.640139816664816e-39,9.617008842707604e-06,2.3057979440895206e-06,7.958751398938821e-18,8.099845063537152e-05,1.3315169342836594e-18,1.0,5.768611983847768e-09,6.85162223615034e-09,2.8375184845321967e-19,1.0,1.0,5.336538860319729e-27,5.96776092395577e-10,1.5295976757864453e-49,1.0,0.00010558895634258842,7.443344143990671e-43,1.0,1.0,4.657952443940735e-40,9.87032844986425e-07,2.8225663466224928e-24,1.0,0.021487160042824756,1.0,1.0,1.0,0.448139637274725,1.0,1.0,4.417902536523114e-09,1.0,1.0,1.0,1.0,5.651341543319356e-53,1.0,1.0,2.1953973758678835e-05,1.0,1.0,4.220671691065298e-15,6.736946356476823e-08,1.3656844475477238e-16,1.0,3.9529357830793604e-11,3.187147926739808e-05,2.346120884757787e-06,1.0,1.0,1.0525623894837402e-10
74,1.365276287850123e-05,8.352658593465224e-36,4.0580392438809127e-13,1.0,1.328802757179786e-209,2.798725380483172e-09,8.310870457318769e-53,2.3657783447870927e-177,1.3573435320298436e-22,3.2634603110593216e-195,3.5790599345897825e-114,1.1580859006218684e-28,1.0,1.364268550273684e-17,1.3127838968922686e-46,0.06287054032105537,4.419234132394585e-17,1.0,3.708447135300481e-24,2.5446259199123265e-11,2.2132000420412853e-36,1.9572618692673078e-13,3.303064897331357e-129,1.7075470987903227e-51,1.3262915702185356e-07,2.148543368916276e-86,1.0,1.0,1.2818132245342284e-103,2.9743952182141518e-08,1.0092405319583421e-26,1.0,3.320538647156795e-23,9.265004880191748e-34,0.06527269222474062,0.029110972623266274,5.819464646971199e-53,7.152270946744557e-211,1.0,0.10308239075228004,9.24128141282455e-23,1.3740271653383808e-15,1.0,1.3475227804244235e-13,1.0,4.600111831948258e-53,1.47983103017585e-103,1.0,7.955233348816339e-81,1.30277194841845e-51,6.824768085539399e-11,1.7132727799081002e-09,4.2387142307441596e-193,5.404915567405237e-14,0.4729756429390947,1.246553651355321e-57,0.1558938757151972,0.0045184114745494145,1.6079395692749394e-93,8.089273084584044e-96,1.4954579741557083e-14,3.069536882626663e-23,2.453213149258612e-10,7.328989428035389e-51,1.723887619241724e-21,1.0,7.357665709465304e-05,1.3855526634289424e-87,1.8519257730235797e-06,1.0,3.885620052516393e-22,0.01678267024374199,9.468138467544626e-54,1.0192437883569828e-25,1.0,4.717460819251965e-105,2.0822091608063985e-56,3.371794106253495e-25,1.0,1.0,3.2029058125640574e-82,3.9292974729317946e-21,1.0,1.280550075691153e-33,9.196908686847296e-26,1.0,8.096470121178535e-10,0.009657953158859945,1.0,9.573739794565628e-11,1.5395806388254238e-19,2.2694735039961275e-07,0.0028939135114414752,0.009803244682662275,1.0,1.0,3.4623828159778545e-16,1.0,0.14078937501767744,1.0916929983024264e-45,3.873341910455329e-23,2.507100667115328e-209,0.4272601889593374,4.3074914672049616e-05,1.993854166028486e-28,1.0,1.0,1.0,6.618317788716955e-25,1.0,1.0,1.0,1.0,4.983456268641832e-07,7.684678388830224e-66,1.9231761098965156e-116,0.6876207113451459,5.96871268698483e-18,8.778929325744546e-11,9.318156242237834e-11,7.318934960485762e-17,1.1627542067737213e-58,2.0418296778741136e-22,1.0,0.0910675719128225,7.120855250371499e-12,2.36766912102873e-25,0.0009966148788807278,1.0,4.340181484751533e-20,1.1742617299787885e-48,3.6375879851816078e-40,0.0014967817557813487,1.324582861390779e-08,5.938757961718374e-06,1.553040516204015e-05,7.868910545030356e-18,5.741765580869535e-21,1.0,0.0015422298696857986,0.008142981723388645,1.1072513381402198e-77,6.503662307535329e-43,0.07985567409535937,2.305508268423516e-29,4.289638815788219e-08,7.536118038136398e-36,1.0,1.0,8.264829218081381e-111,2.1879027072528787e-21,1.0334484445353172e-173,6.245812214665532e-05,4.3973741744464334e-11,1.0,9.808597606526446e-09,1.0,7.173538637571538e-27,2.0836551218265045e-06,3.1264428950148817e-15,1.0,1.0,4.8669353691681e-07,1.0,0.0017880744531132524,1.0,2.3416044916822057e-15,1.0,5.47470398031435e-22,4.825545104997748e-08,8.469090008675634e-66,5.769223274738869e-08,1.8146085925328797e-09,0.00015626015446453662,2.6285637831474968e-17,5.962992550128593e-09,0.14016471122732507,2.571909392488132e-95,0.015518432280218996,4.139552601141876e-17,0.00071400081892756,2.0109097689800777e-11,1.0,1.0,0.18173278138388946,1.1547223886460371e-28,3.3892292767048325e-08,5.391385502582369e-15,1.0,1.0,1.0,5.988501579877608e-49,3.4560060948945754e-09,3.183678871087067e-08,1.0,1.981271785869005e-12,1.0,0.020791626601450425,7.895927903686982e-100,1.0,1.0,2.3074398331110102e-64,1.0977508616950996e-38,1.0,0.015504919022028177,1.0,1.0,1.0,9.636327520447771e-07,9.666560076736498e-27,2.0487422124637416e-79,5.906067996913337e-49,2.8961199247622717e-10,1.6506718758498972e-08,1.042175498685106e-37,4.998144201461649e-104,0.001004443985142972,8.93630310648093e-19,6.6061512113104745e-06,1.0,1.0,5.918500678442359e-06,1.0,0.0011081055717507818,9.28216964486066e-14,3.1577686539395486e-07,1.0,2.8573711866086714e-19,8.936207241675574e-14,1.0,7.24316728261621e-10,5.865044475989587e-09,4.9185074476011917e-17,1.0,8.6346525313879e-14,4.8192695863026384e-08,8.407775373595262e-10,8.266823900189218e-36,5.83499565346214e-23,5.017102928180568e-08,1.2045995843747118e-53,3.908435705293782e-40,1.0,1.519264499510427e-09,7.497490079133997e-46,3.1021391192605062e-34,1.0,1.1540804914941812e-18,0.09278460142776007,1.0
75,4.675702231255178e-123,1.4828360443292494e-55,7.820485458523071e-94,9.154843782440139e-179,1.0,3.388347676823448e-95,2.648865834196344e-32,1.0,3.773517856711664e-66,1.0,0.006185730519291562,0.0,3.562371387476617e-205,7.578561636996402e-69,3.352815359898322e-31,1.3883293012322517e-108,2.4584188641647787e-66,2.5111814922301913e-172,1.0383848822167506e-52,5.931864988280915e-75,1.9432232867393055e-36,8.144887291010138e-66,1.0,5.521374774377836e-21,5.262106494818196e-234,0.00018327191050114097,8.684525210467204e-165,2.729284443409017e-107,1.0,1.4962615089273238e-68,3.063874099067509e-37,4.4054134767109796e-97,2.328888487187279e-39,6.110939011088898e-28,4.0001297265746584e-187,3.196909639791942e-83,6.99870766018915e-13,1.8829812890851255e-07,4.215214431981841e-120,1.5770087917781768e-81,2.298580991913409e-36,2.2178497114611687e-46,8.340677659171449e-148,1.177933923067344e-49,1.3616555771585332e-103,0.0,1.0,2.0391180254067127e-92,0.7903216083735318,3.9035011024412844e-11,1.3262843463975612e-51,3.939542248052175e-54,5.653597689850208e-06,5.366599502514391e-45,2.1387344790338556e-77,3.9330797116935224e-07,1.370485795152912e-74,2.3624823359553477e-66,1.0,1.0,3.3448653535371795e-40,1.7596851916559654e-28,1.6891079060965686e-46,4.0875381478099005e-08,1.0379343320485931e-29,3.0179252761893577e-81,2.7339667473103626e-57,1.0,3.35687621072737e-180,4.183683669654788e-113,5.8267867707003234e-27,1.2078646325460696e-62,2.2038186320160785e-05,7.653093799996473e-23,4.717460819251965e-105,1.0,0.000787853548548741,1.3204200408727388e-21,1.5710122977292053e-74,8.733754037421635e-80,1.0,1.4393955318092643e-24,1.7728984799830626e-80,1.8919469100563556e-255,1.5451387758702094e-19,8.089262055243924e-80,2.4209329069723687e-38,4.4361945733324406e-54,1.137988379639822e-96,2.3130424321685607e-35,1.1790310408877872e-22,9.6406438823114e-40,6.158468975105655e-146,7.353386290223695e-51,1.7113856538935901e-105,5.329246881569526e-81,4.400960810264071e-25,2.3538456840735044e-122,1.9409775925874728e-52,0.0010405261109307405,9.445658958907246e-17,2.0676642855102548e-23,3.301437614122375e-52,2.2022832478688457e-40,1.2805667235614284e-11,6.733477882329778e-60,5.4421411946016505e-59,4.546355451948892e-56,1.2936520377694706e-13,1.4071346222438025e-54,8.428593947061815e-115,6.979862901164762e-57,2.0556323451623086e-121,4.734785314203259e-34,1.0,1.0,2.6618999883581767e-48,6.482674120382796e-18,9.373838485307653e-159,6.8681329522600886e-158,7.418302644206921e-18,1.0,1.4710201041643039e-12,2.307281886819218e-55,1.6496742786580339e-41,4.2039038531413264e-22,2.1636649676696795e-195,1.33052140396582e-35,1.1194751943988203e-75,7.880196106214904e-13,1.0,0.2900497410610392,4.925616038822025e-34,1.6084888886214823e-24,5.516741105982156e-29,1.42887130026888e-29,8.384926062086428e-169,1.5098737574231677e-10,1.1439541837115195e-52,2.6111226835418475e-32,6.183406546793922e-34,1.0,1.0,2.5730322602833297e-35,0.00027491385518986673,1.1472733180402147e-22,0.22583681855363605,1.8064593200253873e-56,5.125284854261638e-61,0.0030642654559249584,1.3272890340561363e-07,6.249854049091749e-24,4.118366218081806e-116,1.928094955246476e-15,7.493213196761409e-63,3.308419846620099e-18,1.512810026506343e-41,0.00558447472323069,1.6983982126522723e-20,4.902549022061025e-10,4.7841158884065544e-39,2.112881569173561e-36,8.347604808849631e-19,1.930448241871264e-48,1.4004087635540056e-24,3.673191206305978e-41,2.964723533672866e-09,1.5104804674949405e-31,0.00017055166548393856,1.5346830371891402e-16,1.0,2.3534255132520904e-16,2.0562440967202722e-14,1.5766796354401578e-20,2.6221842808838706e-06,1.0765657547006174e-13,7.825549358918647e-26,0.007149193205049432,1.1366026837382388e-23,3.5531908075666844e-06,1.3138641796568401e-20,3.5055142603223474e-10,2.651906798763483e-29,2.8243785564461867e-29,6.406892339680566e-87,1.0,3.246556952226259e-13,1.4607859409446978e-06,3.802867169042001e-27,1.4639213137679467e-35,1.0529155141684573e-36,1.0,3.243629035514338e-11,5.367738399985095e-12,3.7124889681854244e-36,1.04779990780828e-119,6.871972137332408e-40,4.4381760431840905e-87,5.406462806662967e-06,1.7706681751927389e-38,1.132114422512946e-39,1.0,1.0,1.977223075205906e-62,1.2454550958071468e-19,1.194383253023585e-44,2.276518435243082e-44,2.3449990479940613e-63,8.828150066055914e-13,1.0,0.458021439024344,1.0,1.4666781121192906e-110,2.0548902409021145e-10,1.0,2.458320599907694e-08,1.194745890961512e-16,0.019247134645036346,1.0101977250945406e-95,4.189423522988877e-39,2.4708432780433638e-70,1.7114678537161099e-12,2.6504796418881886e-29,1.896630465198959e-15,0.00010050933710903749,2.6826628856285993e-10,1.2667615914228225e-25,0.24737208476070296,0.00023695075108098315,1.3419783804714431e-42,5.624906456185803e-07,1.3717026497999304e-07,0.07095535374233118,1.0860954192880039e-22,4.2303595925291315e-111,5.0166084443929175e-08,5.728004450335657e-06,1.0,1.0,4.0208823115503785e-07,1.0,1.0,2.566858894637645e-53,6.73026142516544e-05,1.0,1.0,1.673576461180538e-34,1.0,9.231769834840613e-14,1.8840398039366858e-42
76,7.613600950466962e-54,9.282670561860226e-14,3.694180717014768e-36,7.565828991110732e-95,1.4153944980110418e-16,1.744506915571796e-38,0.0026781819240071034,9.365491610563134e-09,8.021321193852335e-21,1.1523121858136158e-13,1.0,1.8124887376253246e-228,5.236456354625425e-117,2.3912113942675144e-23,0.0016518949901715913,1.708864241245986e-49,2.1655098317078244e-22,4.957600590460475e-95,8.308061466580269e-15,3.4048804362222336e-28,1.9244206361792394e-06,2.764310839463948e-23,0.027198084870582517,1.0,2.8491899373364363e-145,1.0,6.242764439045693e-93,1.5399193945616905e-51,1.0,1.8919916784686516e-26,4.128873816771808e-08,5.682434535902332e-46,1.5355877638270421e-09,0.0010107196422789039,1.4529250042535052e-112,1.0733600907092284e-36,1.0,1.1434207668859361e-33,3.2932173731441823e-63,3.0103084167143814e-36,2.0279884279167835e-08,4.504513664284703e-14,3.8152744265986836e-84,5.043996764187476e-16,6.118268856520933e-52,6.364344265423744e-243,1.0,1.4567657464674785e-44,1.0,1.0,1.0887377659653505e-17,2.676628676316499e-19,7.573521260721028e-30,7.127675662470418e-14,1.1069547030586106e-34,1.0,6.220060440221668e-33,6.6611646945409385e-28,1.0,1.0,1.1679038879316844e-11,2.939069857188542e-05,1.47287180453407e-15,1.0,5.343060142716113e-06,9.185729609928593e-39,1.3111762314223585e-22,1.0,1.6399755801606598e-113,4.491466041402025e-62,7.765440302924163e-05,2.0358940816569962e-26,1.0,0.00779004502628675,2.0822091608063985e-56,0.000787853548548741,1.0,0.01882292220744713,2.6667467969524096e-35,5.3253510549070334e-39,1.0,0.0004576199952908626,8.038959434591426e-40,2.870082427570705e-177,0.11688906264944157,1.124178062832953e-39,4.722605829612019e-12,4.235536631773647e-22,3.911058453095783e-52,1.7370419933861443e-10,0.0014642340005683696,2.0452446639859277e-13,1.0204466805908938e-90,1.5488311031807096e-20,1.0266075787199394e-59,1.0859566275375357e-41,5.015515571214181e-05,7.503238844241718e-73,6.151664793587303e-22,1.0,0.5760191464641333,8.736361516437855e-53,4.130966843701803e-22,1.6808316170256404e-14,1.0,1.5527596343989264e-27,5.8636246481872975e-27,5.050723364937267e-25,1.0,4.084052735964892e-24,1.446885805838883e-68,7.754392729941201e-26,7.838906443294014e-74,6.316157742382194e-11,1.0,1.1066650844716909e-13,2.6844648532927877e-20,0.05519173677419553,1.42850251685319e-104,4.856830640672756e-104,0.04182303780062098,1.0,1.0,8.118151682489375e-26,1.805689929638446e-16,0.00014292130066855164,4.453673143372438e-136,9.12572882906025e-13,8.244084139763591e-41,1.0,1.0,1.0,4.311613104085188e-12,2.8710882496276476e-06,6.071922729007517e-09,2.4576530351262725e-09,2.212084417900081e-115,1.0,6.307773182002541e-25,2.7837945070767638e-11,2.463227021461329e-12,0.0005188821083984841,1.0,1.9901155963861285e-13,1.0,1.3992917884363579e-05,1.0,2.981888139918799e-28,1.4143832205837736e-31,9.575918428964984e-18,1.0,7.794634921178248e-49,7.839472835909373e-75,0.053307059572653324,8.077525263739837e-34,0.0015323553646889416,1.564954733463481e-18,1.0,5.050158545487839e-05,1.0,4.0063297515323225e-17,2.4112432145079696e-15,0.00038316667552749413,7.454556857755965e-24,1.1073791386541197e-07,9.63866123689962e-19,1.0,2.826227523650341e-12,1.0,0.00565541736285796,0.0018375035245735822,0.006540985128770635,0.07608178424314836,1.641250708178407e-05,1.0,0.1223959301354608,5.9171772258911415e-09,1.2950393222482946e-15,1.4303198870210806e-07,1.0,9.90543758666382e-06,1.0,1.950758709172439e-11,1.9540204093243614e-11,1.115513817006848e-54,1.0,0.14379194420191882,1.0,3.42881728514336e-10,5.601844637135538e-16,7.977351059215666e-17,1.0,1.0,0.4535197616475318,1.3699402523301415e-16,3.260957070906779e-82,2.8330991184374464e-19,1.3842119584724613e-55,5.61882569047948e-20,2.6208211708427967e-18,3.2690459362767744e-19,2.886985562572228e-05,1.0,2.233933447662144e-36,1.1107806068244627e-05,5.819547612849116e-23,8.302965813030287e-23,3.4303546191526614e-37,0.12138514767271938,1.0,1.5679277694510775e-11,1.0,2.7456372754603837e-75,1.0,1.0,3.4995244068782394e-23,0.0005631400554024335,1.0,2.0946069154551756e-63,2.5880271695356207e-19,3.0038130269008577e-43,0.11465003079166816,1.8356939491127495e-12,0.0019010641853736542,1.0,1.0,4.179183446524953e-10,1.0,1.0,2.4343361636002974e-22,1.0,1.0,1.0,1.901606730400541e-08,9.839502464429748e-78,1.0,1.0,1.0,1.0,1.0,0.0001691889193073698,1.0,1.2022954703992134e-31,1.0,0.04408883752536363,1.0,1.946623303870492e-17,1.0,0.003402692524147828,1.691190122380367e-23
77,1.9089484335432625e-15,1.0,1.5342321085484118e-06,2.2569055422427414e-42,9.142002418553849e-52,2.3234106431881307e-08,1.0,9.959396423917251e-38,1.0,2.693977819298668e-46,3.946593408380292e-12,1.5209854815626149e-143,2.246340194055521e-59,0.13889806187550446,1.0,1.4674484130970422e-15,0.2248290384069579,2.3654808034977648e-45,1.0,0.00029870960235455857,1.0,0.031143674967126004,1.3164322244693953e-22,1.0,3.8750112954801664e-84,1.2273670214552089e-06,5.4886111798328124e-46,2.4702047252564985e-18,1.8936623802680187e-13,0.00022816472082052373,1.0,1.0638178932837925e-15,1.0,1.0,6.2483499730725746e-62,2.988114582114396e-10,1.0,1.6307181454648005e-70,2.4339777144486515e-27,2.435197721614036e-10,1.0,1.0,3.6830891722508423e-42,1.0,3.083438868878233e-20,8.77006031155644e-167,5.850013000655343e-17,8.15025930305131e-16,2.8610946516081733e-08,1.0,0.6544527389866389,0.11210874345906482,8.894450014846903e-64,1.0,4.743737971152663e-10,0.2678516683128833,4.2043952937696246e-09,1.7865188074852528e-06,1.104793919665309e-14,1.15948607603288e-15,1.0,1.0,1.0,1.0,1.0,2.7773968415595693e-13,0.0006619310110141471,2.899688397754526e-13,8.201870097206374e-67,6.0322711934003e-29,1.0,4.032921450340111e-06,0.20344292307136,1.0,3.371794106253495e-25,1.3204200408727388e-21,0.01882292220744713,1.0,8.553337325003514e-12,3.9558946310749386e-14,1.7324805954444498e-12,1.0,7.679837153945195e-15,1.6269847740624883e-119,1.0,6.255024236019283e-15,1.0,0.00022149784230081912,2.1005757751922992e-23,1.0,1.0,1.0,3.5141114045908e-52,0.0008575988844414727,2.4200451752052108e-29,6.31181172144328e-17,1.0,4.4312290334595415e-39,9.590633771709146e-05,0.5849392643937459,1.0,1.5738838547037144e-88,5.247914932520492e-05,0.5634585837831344,1.0,2.5994791955392306e-08,5.487913628745103e-08,7.343609358791511e-07,1.0,2.225077450907005e-06,6.5100546498260675e-37,1.742749945508104e-07,6.176861539453539e-41,1.0,2.346900035891667e-09,1.1038800977229989e-34,0.0002226234265734113,1.0,1.917176687129893e-65,3.858594148429486e-65,1.0,3.433367322758909e-07,1.0,4.9174558894156983e-08,0.014049391442419647,1.0,6.247731887412215e-92,1.0,3.8784733358005305e-18,1.0,0.0003316270449570587,0.2948078734785446,1.0,1.0,1.0,1.0,5.753032449382871e-76,1.0,4.939920903335474e-08,1.0,0.9396840805092259,6.502666444465885e-18,0.012415723499690473,0.20184081934627823,1.0,1.0,1.0,1.5643862427054675e-10,9.176969864449738e-13,7.125452963492685e-38,1.0,2.8792057654429255e-78,3.1306030341193156e-45,1.0,7.623679216190107e-15,1.0,8.012262156752858e-05,1.0,1.0,1.0,0.0003849313600386002,0.0042512577622158074,1.0,1.884796438586365e-08,1.0,3.247496852799031e-05,1.0,0.19343127311232097,1.0,1.0,1.812543013735037e-15,1.0,1.0,1.0,1.0,1.0,1.0,4.5938295820724164e-33,1.0,1.0,1.0,1.0,0.26778615774091236,0.2626106179107756,9.408068194995785e-32,1.0,1.0,1.0,1.0,0.0003878575636087247,0.00010820851933793644,7.60824483119578e-09,1.0,1.0,0.0001250530033486266,2.6303267218288643e-54,2.2710856364413645e-06,5.3546451386275883e-33,4.778680105566824e-38,9.086560053139379e-06,2.19800819408812e-06,2.970718998379425e-17,0.00015350841259722747,1.6100714969058087e-18,1.0,5.7303658903823345e-09,6.789336991047679e-09,3.468731929703255e-19,1.0,1.0,3.0034603330548333e-26,1.472189687685347e-09,3.945952181044337e-49,1.0,0.000196115452947618,8.331035542726176e-42,1.0,1.0,9.168702230949041e-40,9.380191569776397e-07,3.753007536923807e-24,1.0,0.019370481493841817,1.0,1.0,1.0,0.4002728039174458,1.0,1.0,4.311863886797559e-09,1.0,1.0,1.0,1.0,1.3428198626205238e-52,1.0,1.0,3.953514170122656e-05,1.0,1.0,1.1514683350016612e-14,1.340439383246017e-07,1.4567673901568486e-16,1.0,8.957970948066129e-11,5.5577958063251806e-05,2.170384085849448e-06,1.0,1.0,1.0232027372337488e-10
78,1.0,1.235948031954293e-14,0.3830693255919785,1.0,1.760849873723565e-148,1.0,5.9861875452219524e-27,3.46252510125752e-123,7.545283933261924e-07,1.0073015770643381e-137,2.672813204156353e-73,2.9102770766414586e-48,7.223340682045321e-06,0.0003504019289582571,1.9850648479534744e-23,1.0,0.0004793253431386218,0.10116978294026736,1.682835317179566e-08,0.601826614859645,8.935987390863491e-17,0.02810914406317788,2.3215502617780216e-88,5.621183950209514e-28,9.790095200577586e-20,1.2205386948608701e-54,0.004591645060692583,1.0,1.0572535289754285e-68,1.0,4.013443143662891e-11,1.0,5.981677397822568e-09,3.3878710927794393e-16,9.5707215080997e-11,1.0,1.6189241913357927e-30,1.1648904426726634e-159,1.0,1.0,6.134747950197941e-09,0.00026486241850999287,0.004641694493769748,0.004359855189063759,1.0,3.932731341683891e-74,6.035178671063086e-71,1.0,7.335228358701979e-53,4.583727560958116e-30,0.12666259290112405,0.781908194361043,2.4697192891427667e-146,0.0015495045567095725,1.0,5.200575143086231e-35,1.0,1.0,5.2064952290204026e-64,6.962134513813441e-66,0.0004169796372238929,6.576097605343684e-10,0.14395960239381908,2.4122406632492094e-30,8.957235055254142e-09,1.0,1.0,7.682106282942969e-60,2.1273596300207643e-16,1.0,2.095344789393642e-09,1.0,5.054346048300709e-33,5.745940790467108e-12,1.0,1.5710122977292053e-74,2.6667467969524096e-35,8.553337325003514e-12,1.0,1.0,2.2759128883576614e-56,4.8392598518527345e-09,1.0,9.560521259775443e-50,2.2032561487600836e-12,1.0,0.11013805840071232,1.0,1.0,0.024826164470135723,2.79120669775014e-08,1.0,3.807987897189461e-11,1.0,0.49152677361681435,1.0,4.381911644460859e-06,3.8932033872272215e-05,1.0,3.0630991212825775e-28,4.0838151175268286e-11,1.3115858316117971e-167,1.0,1.0,3.616273566311365e-15,1.0,1.0,1.0,1.2356134209431987e-12,1.0,6.855462897736009e-05,1.0,8.033515712458554e-07,1.0,3.311303170311068e-45,6.06815960542319e-88,1.0,8.374250075648181e-08,1.360784583048435e-20,1.5904940890676438e-20,3.778721426936227e-07,8.545565703864548e-40,3.2235497759369834e-11,1.0,1.0,0.0008207887601848421,4.0130157028218844e-38,1.0,1.0,1.0181404072658688e-09,3.3061528340029334e-32,2.2071702325082236e-25,1.0,0.08766995314900726,1.0,1.0,8.279764453170185e-29,1.373988137439484e-10,1.0,1.0,1.0,8.829525794145071e-57,6.760229442016691e-28,1.0,3.166709716719426e-17,0.13028323310984175,2.0272796940414608e-22,1.0,1.0,4.053537476090419e-86,2.5602324631904484e-11,6.594228013216142e-142,5.4759827482237365e-12,0.0006876163299057419,1.0,0.028134133975167442,1.0,6.903156439681249e-16,0.8513903921548025,5.070803616044616e-07,1.0,1.0,0.2938314403853298,1.0,1.0,1.0,3.348785485587964e-07,1.0,2.7453311931573227e-12,0.05387452423401027,1.7591303577247873e-48,0.057962328815044505,0.005229896813181893,1.0,6.953583876063108e-09,0.009283243578474185,1.0,1.4681890011510224e-74,1.0,8.895155941222675e-09,1.0,0.0001299999985259491,1.0,1.0,1.3561255124080065e-06,4.954658219473466e-18,0.024029123554242467,2.4068133865650987e-07,1.0,1.0,1.0,4.970800715741343e-35,0.003998655635939538,0.018224951734752148,1.0,1.6327664130691455e-20,1.0,9.681596830060258e-08,1.6526975503121751e-79,1.0,1.0,1.7944138022986793e-48,1.3531919082492894e-26,1.0,1.0,1.0,1.0,0.5495810788430325,0.16419285745700404,7.441997965322232e-17,8.755632352666834e-62,2.1327758541235478e-35,1.0446053197143223e-17,0.008768419884029368,5.91656243607706e-26,1.0498749755737266e-83,1.0,1.3913558586188653e-10,3.588925033510056e-12,1.0,0.0011704904924538064,0.45924582961728444,1.0,1.0,7.997874292633308e-07,0.05215607577448554,1.0,3.52937674205488e-11,6.790052506693312e-07,1.0,0.0005358599943438603,0.0023697249093874587,1.5437621849349064e-09,1.0,1.7468607217834126e-21,0.009901600941425868,0.0004433201086657955,3.4503052268270014e-25,1.608902357535593e-14,0.008148875588056161,1.069708847088165e-40,4.5767494457006646e-29,0.644324472897453,0.0004713561489419256,4.286714224904803e-34,3.7017915946131704e-24,1.0,3.154681132395206e-11,1.0,1.0
79,1.0,4.821091001883315e-18,0.0060913675865532715,1.0,7.772754871718524e-158,0.6332210186851543,3.4976218012524136e-31,1.233009303583628e-131,2.2986062834932323e-09,1.2714754446393562e-146,7.094991716068056e-80,4.901753958341227e-43,0.0009455699248800396,2.604794207230768e-06,2.8731070446544104e-27,1.0,4.0072976974541166e-06,1.0,4.633148321525026e-11,0.014964452454019547,4.884704940984046e-20,0.00047773197275579113,4.918055346509545e-95,6.293577417603174e-32,1.533818667583712e-16,6.184478370494066e-60,0.1928838324333855,1.0,1.6573029620147047e-74,0.4442464611663849,9.600691178471885e-14,1.0,2.424306435101627e-11,3.5205034173937436e-19,2.1888123157028407e-08,1.0,2.3434279539253984e-34,6.529816573214568e-168,1.0,1.0,2.840217502129274e-11,3.5872514221757997e-06,0.1574902008384556,8.227459381568531e-05,1.0,1.4286323299337753e-68,1.8301332697998532e-76,1.0,1.2113824786978524e-57,8.89427004710041e-34,0.0039562042183497485,0.03174908726971214,5.4094676919949644e-154,2.859166786692547e-05,1.0,6.414172320798804e-39,1.0,1.0,4.5120558943824617e-69,5.155546708095404e-71,7.390884263743376e-06,3.377504202069542e-12,0.00523891945923638,6.459304830739356e-34,5.907689706707322e-11,1.0,1.0,1.2285937342415632e-64,7.849246051559292e-14,1.0,1.3336142761410692e-11,1.0,1.1944204278365853e-36,2.3586332478050574e-14,1.0,8.733754037421635e-80,5.3253510549070334e-39,3.9558946310749386e-14,1.0,1.0,6.994702343670425e-61,3.850558602317041e-11,1.0,1.2674537699326493e-45,1.0044632017606443e-14,1.0,0.0048051685395969265,1.0,1.0,0.0009422643610570235,3.0147717568553483e-10,0.16126565001110657,4.136211062658475e-09,1.0,1.0,1.0,7.672468464350811e-08,0.0013113742794078477,1.0,2.364140373883354e-31,3.0572392545007463e-13,1.144568601180639e-174,1.0,1.0,1.5676566485395e-17,1.0,1.0,1.0,8.083207075871036e-15,1.0,0.0019538815281042853,1.0,3.326504296882869e-05,0.1537905373800186,6.655879253446419e-49,5.763596959481282e-93,1.0,1.3361773406357786e-09,3.982878221381992e-18,4.533252182810959e-18,7.171462044309225e-09,3.380864722220482e-43,3.181702520499522e-13,1.0,1.0,3.1726404110673677e-05,6.244456293843468e-35,1.0,1.0,1.4033070754115321e-11,3.373644027950985e-35,4.507533569437423e-28,1.0,0.005760982363013946,0.4272600370777777,0.8107364857869662,4.477904953390628e-26,1.8368568929654668e-12,1.0,1.0,1.0,1.432984193204818e-60,1.2204596221024884e-30,1.0,1.926491059321838e-19,0.009678715146528604,7.044063308830556e-25,1.0,1.0,1.4197398256129071e-90,3.740730826734769e-13,1.5586025210961936e-147,3.221991397824635e-10,3.554336242152319e-05,1.0,0.002026755872235197,1.0,6.5348219894809644e-18,0.08908632463811718,1.6283318113204448e-08,1.0,1.0,0.0282149402062121,1.0,1.0,1.0,1.0901862824882417e-08,1.0,4.470768212393594e-14,0.00453223513800348,1.1022861494778931e-51,0.004961757328791275,0.00036304965659158915,1.0,1.958350542374563e-10,0.0007155972911209288,1.0,2.2150710684027837e-78,1.0,2.596080592596918e-10,1.0,7.4694916688954494e-06,1.0,1.0,2.6541221680653183e-05,5.133911920776934e-20,0.0021276849111948838,9.364093825363404e-09,1.0,1.0,1.0,1.2286828849821192e-37,0.00031754280896889245,0.0016585066433922034,1.0,1.5425601275878206e-18,1.0,2.0755670300850172e-06,2.8478721555929767e-83,1.0,1.0,1.9027246291937732e-51,7.243259810331392e-29,1.0,1.0,1.0,1.0,1.0,0.01879680536939912,1.0382399553870942e-18,4.462301956675247e-65,6.016811706583076e-38,6.873404850089327e-16,0.0007965333712607171,3.621572494219174e-28,1.7736407520951203e-87,1.0,4.098487004585626e-12,1.2432465644626176e-10,1.0,0.012135791976346547,0.06059871814874355,1.0,1.0,4.104146412523932e-08,0.0058660529533584435,1.0,1.0669091681233506e-12,3.549325429725512e-08,1.0,4.422495003738831e-05,0.00022001968468201587,6.033010115689113e-11,1.0,1.2724792859719028e-19,0.0010461219204194385,3.8525762539111926e-05,3.282381439194472e-27,4.027978903977344e-16,0.0008910229604759246,3.655624680894953e-43,3.53291430642749e-31,1.0,4.466054127777987e-05,2.4336201056154368e-36,4.3917789086412496e-26,1.0,1.2229490738034213e-12,1.0,1.0
80,8.406575630070186e-88,1.1484852946554716e-34,6.316854527637839e-65,1.8674395500450653e-135,0.08077781463637004,5.3086443797243336e-67,1.158554747951965e-17,1.0,9.260174803587606e-44,1.0,1.0,2.8007714293605853e-283,1.2823866773912608e-159,1.5580335564079774e-46,2.2442183834529126e-17,2.0095167430668437e-79,7.031952258536845e-45,2.9895887866272638e-133,3.112223510865095e-34,3.441799844455159e-52,1.0576821806047477e-21,3.023453069721965e-45,1.0,2.210638639407586e-10,1.4202359790582252e-188,1.0,4.706960196362166e-129,3.3260181821255305e-80,1.0,2.0800101689512524e-48,3.375015965740355e-23,1.5422565946779425e-72,4.559033888845001e-25,3.681374483228821e-16,4.286949771081043e-150,5.393433134271219e-61,3.962553835776716e-05,2.4396207201140324e-14,1.1048566418159022e-92,5.328864452358635e-60,5.0338243038933336e-23,4.67069922287738e-31,7.389541391345404e-117,1.0092487816887285e-33,6.378403945263949e-79,2.771237733266093e-292,1.0,1.0433236542233229e-69,1.0,0.0004407283076208727,1.2822960514636943e-35,9.996404435500034e-38,2.8537625478168507e-12,2.5330713650524167e-30,2.8709290330901044e-57,0.19774244376111927,5.4339240375800666e-55,2.38253144799481e-48,1.0,1.0,8.401710940122184e-27,1.8744433792541802e-17,4.8936409907084577e-32,0.03137620967330559,1.7205156819188996e-18,2.1632383523496244e-61,3.841685674174357e-41,1.0,6.089363498125739e-148,4.7450317238141506e-89,1.706786733561807e-16,8.199207260819158e-46,1.0,2.643060090543056e-13,3.2029058125640574e-82,1.0,1.0,1.7324805954444498e-12,2.2759128883576614e-56,6.994702343670425e-61,1.0,6.597370152548765e-15,1.1398983067223505e-61,5.524186446235493e-217,5.1859305384683926e-11,2.7391994996767784e-61,3.348609534590244e-26,2.1886151847864644e-39,4.8856564188048996e-76,6.996717971422578e-24,1.0518117205357608e-13,1.152922362213262e-27,5.162683519519433e-120,5.4193552918687155e-37,2.46041101322901e-84,5.562963158466612e-63,9.215277023170435e-16,2.2790929826255973e-99,1.5541494269569887e-38,1.0,2.855425109479946e-09,1.1340612994812806e-31,1.583260621812505e-38,1.3315055834420223e-28,2.0102258120088978e-05,3.312498183338613e-45,1.86572474023419e-44,5.424579080529611e-42,5.515912205896764e-07,8.865631046748675e-41,1.4967943005225659e-93,7.801330637482043e-43,1.6543642979459052e-99,1.5626592391250974e-23,1.0,0.0012273730863203785,1.1681740390125968e-35,1.7282571057897825e-10,1.3715752711047342e-133,6.635977314898642e-133,1.5371050971978758e-10,1.0,2.062840366192227e-06,4.180229175557952e-42,2.8987414587739013e-30,4.380004112652072e-14,1.1974244908504748e-167,2.4617482593386703e-25,5.110309034369134e-60,9.458963376645398e-07,1.0,1.0,3.379094305200182e-24,2.949219350609687e-16,5.792049115476287e-20,1.7941308836212453e-20,3.598309349728722e-144,4.137240405706215e-05,2.5355485486491847e-40,6.621467827745788e-23,2.748317614366702e-24,1.0,1.0,1.4336688689724172e-25,1.0,5.846494814718868e-15,1.0,5.683115341985104e-44,5.668334459332911e-48,2.6488032437966355e-07,0.004593378132589879,3.426242598085039e-31,1.2854179184870096e-97,2.5064661623317094e-09,4.547734656570165e-50,1.3535740455781748e-11,2.0231385564961753e-31,1.0,1.403452837439171e-13,4.09266838772751e-05,1.9995506277330202e-29,3.7279753738540156e-27,3.0616668445247954e-12,1.121478166635029e-37,4.2424147618238854e-17,2.419358977867115e-31,0.00014859499708302625,4.406477532383035e-23,0.6117845873945297,1.9032780931669907e-10,1.0,2.5565365277299207e-10,9.798003845808083e-09,7.12108081634143e-14,0.021971819116931975,2.926283341329538e-08,2.003263978296119e-18,1.6825350231619399e-06,1.3831188578025286e-16,0.026465243005065375,4.896584587525148e-14,1.7120829407542804e-05,1.6560169424893946e-21,1.7108394915018326e-21,7.524758307056859e-73,1.0,5.535834437075089e-08,0.010970765408114773,9.387836779706685e-20,4.516218925467554e-27,4.293082552959495e-28,1.0,1.9956328719178025e-06,4.3678888033290946e-07,1.0783328520854681e-27,2.9681615237632193e-103,5.52128774930194e-31,2.1363907726929332e-73,4.347202285079242e-10,9.117277249314958e-30,7.661637839605359e-31,1.0,1.0,3.4133693838382727e-51,1.6089023940076128e-13,2.626846914282799e-35,4.377989827022072e-35,4.463477433693059e-52,8.208887314471365e-08,1.0,0.0004985545472558874,1.0,3.549233284725616e-95,6.6900708353120926e-06,1.0,9.765831371980135e-13,4.4756326509866085e-11,1.0,1.0319463409932176e-81,1.3232385504920049e-30,1.0909611306671524e-58,1.1037917543023859e-07,4.7464304949625225e-22,3.5484954183950714e-10,0.17973940172870362,6.228394105698015e-06,6.189770567314939e-19,1.0,0.3268247716868324,6.1036924215419184e-34,0.0026629455139927202,0.0008267194314166285,1.0,1.4658160035318483e-16,1.0797125760590104e-96,0.0003380600973400824,0.013946201260461305,1.0,1.0,0.0015334789446127643,1.0,1.0,3.840778209456277e-44,0.07824254991605663,1.0,1.0,2.8262476177059378e-27,1.0,3.5253048321676243e-09,1.9153386674225325e-34
81,4.085126625472315e-11,1.0,0.0011975979884654986,3.624770287704357e-35,1.9169686888417586e-56,2.9157448678601e-05,1.0,5.629688083762189e-42,1.0,8.510061490675763e-51,4.093484956394119e-15,8.534336927896487e-129,6.435146840341527e-51,1.0,1.0,1.258653461347781e-11,1.0,2.1529760441570703e-38,1.0,0.05635636535940036,1.0,1.0,5.007417505519329e-26,1.0,1.4854721534599728e-74,5.603375532688056e-09,2.3092299327609525e-39,2.5431996915314222e-14,2.7084304285644584e-16,0.032959765894018216,1.0,4.1642011437345384e-12,1.0,1.0,2.1417513494721866e-54,2.5911210428258237e-07,1.0,3.862559957889393e-75,1.1434782786192382e-22,1.9191088533007538e-07,1.0,1.0,2.742830006625209e-36,1.0,2.706301772598965e-16,2.421703765401957e-153,7.360017417488129e-20,2.28849162506467e-12,1.424782300175374e-10,0.9873641415678901,1.0,1.0,3.495666755225488e-68,1.0,2.7742392746735515e-07,0.007382212237789737,1.8421043377661179e-06,0.00033640721553689345,2.320011587242697e-17,2.133511117740329e-18,1.0,1.0,1.0,0.17339528337860918,1.0,2.8496652864624034e-10,0.05004492061206382,8.361649839222826e-16,9.331773036586877e-60,1.5278868331020784e-24,1.0,0.0005829062745877343,0.006389093048407518,1.0,3.9292974729317946e-21,1.4393955318092643e-24,0.0004576199952908626,1.0,4.8392598518527345e-09,3.850558602317041e-11,6.597370152548765e-15,1.0,8.19799029257421e-12,5.871223584530949e-110,1.0,6.3712508585121954e-12,1.0,0.0152901148616943,1.121557756983896e-19,1.0,1.0,1.0,1.4743580289167149e-46,0.04534354059153371,2.926064620254654e-25,7.641802317267188e-14,1.0,2.3808236748542997e-34,0.006355180611717568,0.027414715951075228,1.0,5.958223524977068e-93,0.0035489465933064325,1.0,1.0,4.0246038451483915e-06,7.77549991502805e-06,7.742836257013505e-05,1.0,0.0002032453629165981,1.675071267119612e-32,2.0527493670169812e-05,2.761635105420666e-36,1.0,2.2345576853988368e-11,7.642585320145481e-38,0.011050821395100547,1.0,1.543711716296478e-59,2.846843243345319e-59,1.0,5.1417874854615066e-09,1.0,5.448477280350528e-06,0.37173372232914037,1.0,6.017166555739487e-85,1.0,3.0278660165132253e-15,1.0,9.730580826286383e-06,0.016961482919153767,1.0,1.0,1.0,1.0,6.776768525634378e-70,1.0,4.518461063164179e-06,1.0,1.0,2.9798826306219466e-20,0.0005462703113462726,1.0,1.0,1.0,0.11762446624901643,2.134056289332863e-08,1.91306521232213e-10,7.409688611955947e-41,1.0,4.09692696570425e-82,5.809838321661219e-41,1.0,1.894327060567069e-12,1.0,0.00272535898026319,1.0,1.0,1.0,0.010513525979304203,0.08927241294612182,1.0,1.2828265670285284e-06,1.0,0.001107143931587057,1.0,1.0,1.0,1.0,1.652773866195659e-17,1.0,1.0,1.0,1.0,1.0,1.0,1.0501537475679607e-35,1.0,1.0,1.0,1.0,1.0,1.0,1.4503956890133514e-28,0.42981397727214316,1.0,1.0,1.0,0.008392612084122404,0.002620490599849902,1.9066427922440028e-10,1.0,1.0,0.0029037746927361822,3.516160418569197e-50,7.484958013449485e-05,7.739793263955782e-30,1.000671712074658e-40,0.00026340580182345245,7.129507465916787e-05,3.075737471831078e-19,7.65583230035353e-06,3.5933350784598855e-16,1.0,2.915709235804436e-07,3.3729449041502476e-07,8.284642198241626e-17,1.0,0.5923546618935863,1.5150650943567245e-28,3.690332248524325e-11,2.64323297491848e-45,1.0,1.0398837145319304e-05,1.5678282325830014e-44,1.0,1.0,2.2009211308797823e-36,2.9430951087874473e-05,1.4637712065483202e-21,1.0,0.24507647442670852,1.0,1.0,1.0,1.0,1.0,1.0,1.8488379061717238e-07,1.0,1.0,1.0,1.0,6.851506340387555e-49,1.0,1.0,2.3271856098651753e-06,1.0,1.0,2.313674068716241e-16,5.928014293317128e-09,1.4130839728908082e-14,1.0,2.8087759330048854e-12,3.6264788520587763e-06,4.688122896384535e-05,1.0,1.0,4.252120570682003e-09
82,1.0,7.292070828375628e-19,0.0014238241019623738,1.0,7.407828259266767e-157,0.18007356080212542,5.451451313912657e-32,3.426224702535007e-131,4.099556624287556e-10,6.334880919388321e-146,3.0941006102896404e-80,1.24947253991701e-39,0.009315895794757306,5.327516853482141e-07,4.326872221158744e-28,1.0,8.383915304068751e-07,1.0,8.204276135322517e-12,0.003918662326862428,7.523612861195727e-21,0.00011538364062288635,2.293221333827379e-95,9.537040202132938e-33,8.480933787781816e-15,1.283974640489487e-60,1.0,1.0,4.374818857237868e-75,0.1392384159858571,1.6821185371748154e-14,1.0,4.56252258490314e-12,5.677323650092924e-20,3.295902564280149e-07,1.0,3.5360748111711576e-35,1.4074777107302925e-167,1.0,1.0,5.465485172269073e-12,8.361912589845859e-07,0.7547226924303678,2.0577867707368966e-05,1.0,8.941396505204006e-65,4.169712526506349e-77,1.0,2.1064839624586703e-58,1.340471772979259e-34,0.0011153688159946783,0.00956365501685072,6.04428468434506e-154,7.13943758300934e-06,1.0,9.710153010656843e-40,1.0,1.0,8.542816289286241e-70,9.998366344385514e-72,1.8354283639085071e-06,6.640476244025635e-13,0.0015428232307669217,9.775351976469905e-35,1.2112269014973609e-11,1.0,1.0,2.1418593381597603e-65,1.704133749116172e-12,1.0,2.7220771588650913e-12,1.0,1.8052011299154385e-37,4.490402519311584e-15,1.0,1.7728984799830626e-80,8.038959434591426e-40,7.679837153945195e-15,1.0,1.0,1.1398983067223505e-61,8.19799029257421e-12,1.0,4.244342311611614e-43,1.9481773285984345e-15,1.0,0.0014959416509247802,1.0,1.0,0.00028329348106215826,6.822877235119064e-11,0.057253825913341876,4.184772430344762e-08,1.0,1.0,1.0,1.9229792710213827e-08,0.006621545445921029,1.0,3.7635146699581756e-32,6.472533917807702e-14,7.173459295077786e-175,1.0,1.0,3.0327233567627226e-18,1.0,1.0,1.0,1.6737779982236914e-15,1.0,0.00907057016487271,1.0,0.00019138121164087303,0.056918855559903926,1.0068481260128992e-49,1.0722663393517713e-93,1.0,3.299445434936536e-10,7.856924642459898e-17,8.795125126274576e-17,1.8424772711904106e-09,5.197653241243988e-44,7.128945279844455e-14,1.0,1.0,9.703083271264633e-06,4.0751683561988305e-33,1.0,1.0,3.3703341186841143e-12,5.5105655348506286e-36,7.906768866864461e-29,1.0,0.002041636289175626,0.17254512878875838,0.33530002208347964,1.3709057110945438e-24,4.3917612845397937e-13,1.0,1.0,1.0,2.1693090431886285e-61,2.11240781955271e-31,1.0,3.9691143124006665e-20,0.003565072035181145,1.3281708666640177e-25,1.0,1.0,2.2852814813171447e-91,9.145178516137038e-14,3.6940914789311764e-148,2.3620765409166485e-09,1.18598859036771e-05,1.0,0.0007431319577834387,1.0,1.4653157003647215e-18,0.03659528225265504,4.7997926743156235e-09,1.0,1.0,0.011298345202234801,1.0,1.0,1.0,3.2277744569018657e-09,1.0,1.1235963003993442e-14,0.0017456165418012156,1.742230384293637e-52,0.0019217924322868882,0.00013218784302273503,0.6389809663139332,5.603922111532637e-11,0.000269162518956454,1.0,3.3583888208621194e-79,1.0,7.497935172789278e-11,1.0,2.584335707907977e-06,1.0,1.0,0.00010520254052570726,1.1768291857250783e-20,0.0008357898876989705,2.9162050783183602e-09,1.0,1.0,1.0,2.2239370323032025e-38,0.00012087764872506709,0.0006580322626892372,1.0,1.5546460689907762e-17,1.0,8.694738423523567e-06,4.318766985902512e-84,1.0,1.0,3.1379364128240073e-52,1.472645255771577e-29,1.0,1.0,1.0,1.0,1.0,0.008019223554691713,2.5366707043757866e-19,6.980119692820561e-66,1.1096747148237537e-38,5.5602420784648414e-15,0.00031645214037310816,7.539813666920725e-29,2.6901789479457666e-88,1.0,1.1920355018076918e-12,6.876850908764806e-10,1.0,0.03453040968915651,0.02710286742739492,1.0,1.0,1.3836177661375826e-08,0.0024956464739222914,1.0,3.1286715038589185e-13,1.2034942477837156e-08,1.0,1.712415737162706e-05,8.832006587217417e-05,1.8924744335332364e-11,1.0,1.108115820860712e-18,0.00043736401028552654,1.5178461689999695e-05,7.443327426153691e-28,1.1304298406339722e-16,0.00037711296469738337,6.952618000255475e-44,7.70251703376353e-32,1.0,1.8106283471071604e-05,5.022668011554558e-37,1.0428114868265605e-26,1.0,3.84082272982242e-13,1.0,1.0
83,1.0821756182865341e-112,3.698332150250992e-185,5.708303650589268e-132,1.7550836823514392e-59,0.0,2.2670724405645406e-116,2.208318844310273e-212,0.0,4.6963735133662775e-150,0.0,0.0,0.09423047381069928,1.107212167081598e-36,5.499333790379603e-134,9.226838390851088e-194,6.80165579390884e-86,2.1204675880838545e-130,3.5268264379540173e-43,2.576571525789771e-145,1.6043449331184223e-113,1.588258466694448e-169,3.2857435976899165e-116,0.0,1.0354794283479654e-194,2.801318252425413e-12,2.4350349521694458e-253,3.971500826911784e-34,3.844983024657338e-67,4.73957747879294e-278,1.001525620131264e-96,2.0120967669060743e-140,2.7444221857016064e-65,6.036736985519776e-131,1.0538817280285342e-152,7.735211587329776e-18,7.662723223967104e-76,1.7919396375822822e-186,0.0,2.6788183921696437e-44,6.256336526645823e-72,8.81945638335459e-127,1.6339421509881798e-110,3.053272056561741e-28,1.2178446181030434e-105,7.527767068632849e-52,1.0,1.1163454027292653e-265,5.758756536946198e-57,7.340787486700586e-229,7.068774437090404e-180,1.1756666930476783e-96,8.688862065093305e-93,0.0,1.261626881539058e-103,4.321743936024957e-66,5.433092831513497e-188,1.808002026306191e-67,2.2833385186433247e-71,1.529482009079732e-243,4.3839413227327115e-247,6.744360038263937e-102,9.3792912534328e-121,7.178023863967834e-91,2.746706320607147e-172,2.5136570865183678e-116,1.302580462010508e-52,7.90275893497021e-75,1.3973221966755924e-230,7.33976940684118e-07,1.851849042130106e-30,1.1427417230208042e-115,1.9722207660050316e-66,4.07471760609526e-174,1.5697675789213092e-122,1.280550075691153e-33,1.8919469100563556e-255,2.870082427570705e-177,1.6269847740624883e-119,9.560521259775443e-50,1.2674537699326493e-45,5.524186446235493e-217,5.871223584530949e-110,4.244342311611614e-43,1.0,8.03347861233796e-119,1.2088266811251455e-41,7.778984211047282e-83,7.612158179084604e-63,8.33285435148695e-30,4.9292032354290925e-84,8.417126436709972e-103,3.271141302658459e-74,1.4173109901156322e-07,6.068486222726359e-61,2.6584436193023947e-21,2.7529489936825815e-34,3.1149678368438534e-94,1.3064068470783986e-13,5.161673939399081e-56,3.728624972186414e-149,2.211426449966845e-107,0.0,2.4299923242674245e-53,3.8086471792991675e-65,2.9823941447331437e-116,7.214067947280332e-45,2.8645758831219884e-45,2.896806506281997e-47,1.1070139769304953e-108,9.8593600387848e-48,4.4733098292371684e-12,1.3681741806165175e-44,1.46748915148779e-09,1.1436810384237498e-68,1.72919987264257e-177,1.3459658093486937e-252,4.421155594443732e-50,1.7534497364074987e-92,1.0,1.0,6.582853317874288e-89,6.087666199850883e-163,9.477693900493638e-100,2.5442094584700344e-38,1.2004280232143622e-50,1.3926637842799114e-76,1.0,5.6023169236425155e-56,1.2114687942440286e-22,5.1979955726110826e-93,9.388593150076088e-143,2.461469128274142e-128,3.8719200045657274e-54,4.623167436112269e-67,1.5904699459710646e-60,2.71255132815364e-59,1.0,1.403307320730477e-92,1.4559572188224528e-33,6.715819765576174e-53,8.471299493611484e-51,1.2456816953077466e-185,9.62428719751392e-131,4.1467593897108114e-47,2.3880955384528036e-106,1.4779930109460113e-63,3.1628255558289708e-117,6.948133802807011e-27,9.397601643660419e-24,2.956368789728706e-229,1.954552743028617e-89,0.0,0.49334247504024825,3.778106521855654e-67,2.5799962809952182e-18,8.597004986226796e-62,7.583362235395769e-33,1.0891731643654186e-96,2.2775190473844413e-55,3.003893900889453e-74,1.4702225589069883e-32,9.85071391517992e-35,3.2374532633814846e-56,2.5683677565986496e-24,4.478810135781524e-47,1.3979209640525274e-29,1.3580699326371726e-73,8.250406076942491e-38,6.60974923697615e-86,1.0138913152333322e-57,4.6989222175511554e-157,2.901966371918388e-57,1.4953616619723605e-60,3.463094428522283e-48,2.9765824084304374e-75,5.099926748470025e-58,9.156193696453104e-40,3.8995289818097287e-197,1.926953565098905e-42,1.8730714190521425e-74,1.240771875854689e-45,2.7188119997003904e-62,8.154113533848408e-34,1.1246149019650194e-33,0.043946173761043365,5.320136975767302e-94,6.553425843670404e-55,1.195787473328471e-68,3.0730590114806506e-34,8.648216840627e-26,1.5855929206684416e-24,8.909904331818896e-126,4.014855222346786e-56,1.0385917327980819e-53,6.694421508212721e-24,1.0,7.43324956091262e-21,1.0,2.366717376631122e-198,1.2899372300154787e-21,1.9792611222690083e-20,1.4457154726405584e-147,3.155438757996464e-108,1.7827120393727874e-07,2.0241341852694663e-39,2.4118912171130573e-16,3.000509912662294e-16,8.166620061466896e-07,2.237545451438611e-49,1.147378279804736e-87,3.039514211735014e-168,2.0436895238804557e-123,1.0,6.24772145450499e-53,2.072097972548777e-105,1.0230114943047373e-201,8.616936927031988e-42,9.382630839199922e-73,1.0,9.50753683735823e-18,0.00618351532235836,2.7541765103643512e-46,9.245776821808566e-25,1.3413963833039478e-40,4.5778692164574e-62,1.904678596676823e-48,7.280676076784999e-27,7.818390797503631e-72,1.6143113471589263e-61,4.429026318549114e-13,3.303852435069251e-53,4.6643581582811535e-51,1.2652419110174133e-66,7.147167241249174e-27,1.0,1.3724895233814193e-48,1.1927287616577493e-51,1.6293241503040842e-96,3.262653165149386e-75,2.0007853080936274e-47,1.6787823481211495e-122,6.522842597139481e-102,0.0006328405449542347,2.4096455754429767e-49,6.891788219481928e-110,6.698905324155732e-92,1.7825270891006825e-12,4.015101386861413e-66,1.356507984168823e-31,1.2878899861802022e-07
84,5.584510742397813e-16,1.0,3.8459852680623263e-07,2.270105843955507e-42,1.5265133541502645e-46,5.822134031264906e-09,1.0,1.2371752122285732e-33,1.0,1.4175841318894582e-41,3.961892790146053e-10,1.6580059501421355e-140,5.168594452404449e-59,0.04106934432255697,1.0,3.94640555751835e-16,0.06799732788185843,2.0129763999732165e-45,1.0,8.033893199679752e-05,1.0,0.009184685009381206,5.519474129432462e-20,1.0,2.0858257371764756e-83,2.7296444720323858e-05,3.826151963397776e-46,6.712269658363441e-19,1.4308292336028305e-11,6.323375488141146e-05,1.0,2.738000139077146e-16,1.0,1.0,7.340508556324213e-62,7.556556094461789e-11,1.0,2.466241175065477e-65,7.606898812474686e-28,6.175071438639221e-11,1.0,1.0,1.7591521252384006e-42,1.0,8.269597042965459e-21,1.950037018382348e-164,5.440431147851949e-15,2.0757272156790196e-16,6.256346394089739e-07,1.0,0.22458364035434192,0.036597103725788206,3.4581052348553045e-59,1.0,1.2149939669978896e-10,1.0,1.0894412378860753e-09,4.888099158758935e-07,5.905371364218384e-13,7.169398730286861e-14,1.0,1.0,0.9003916461703899,1.0,1.0,7.036466129133849e-14,0.0001992850315273856,1.1249543889947117e-11,7.04994174654654e-67,1.7558837927833802e-29,1.0,1.1329804060613829e-06,1.0,1.0,9.196908686847296e-26,1.5451387758702094e-19,0.11688906264944157,1.0,2.2032561487600836e-12,1.0044632017606443e-14,5.1859305384683926e-11,1.0,1.9481773285984345e-15,8.03347861233796e-119,1.0,1.5883387358866995e-15,1.0,6.794712672675128e-05,5.471874679090614e-24,1.0,1.0,1.0,1.483488965211642e-52,0.00027355987991579207,6.604651935713067e-30,1.6013862934732054e-17,1.0,1.3896821431537898e-39,2.9703371270682377e-05,1.0,1.0,7.925446035308496e-84,1.623350031673372e-05,0.2154301442719181,1.0,7.328186606761969e-09,1.5605908871104424e-08,2.1545503503120937e-07,1.0,6.639609237192317e-07,1.88719812490039e-37,5.056244924735521e-08,1.8933199805941929e-41,1.0,3.1952503013191445e-08,2.5200760371281447e-32,7.218663991646892e-05,1.0,9.026026252655245e-66,1.7867786040119357e-65,1.0,3.2613544232581305e-06,1.0,1.4414531391766223e-08,0.005071577063658337,1.0,5.004625132246493e-92,0.4502232431701724,9.955278391003915e-19,1.0,0.001931826391179294,1.0,0.7239227592947031,1.0,1.0,1.0,2.8967806634168213e-76,1.0,1.4857958725631132e-08,1.0,0.3917098396602548,1.7791744760915368e-16,0.055279542958864225,0.0809882636119092,1.0,1.0,1.0,4.509210929941638e-11,2.542699659233736e-13,1.0172151511686027e-35,1.0,8.728007790106898e-75,8.784712096075933e-46,1.0,2.08704291322434e-15,1.0,2.7985032504883002e-05,1.0,1.0,1.0,0.00013998623362953267,0.0016252036395492477,1.0,5.931019838638949e-09,1.0,1.1365509578591023e-05,1.0,0.08179709858917185,1.0,1.0,2.7396905212647997e-14,1.0,1.0,1.0,1.0,1.0,1.0,2.697070908644367e-31,1.0,1.0,1.0,1.0,0.11755582548406103,0.11531216202258303,2.3984573624760694e-32,1.0,1.0,1.0,0.4920695192205383,0.0001484316505885543,4.053035517897698e-05,5.229327526737344e-08,1.0,1.0,4.7255272541758897e-05,7.186578460095804e-55,8.049862759520106e-07,1.3664109440884278e-33,3.142022873486749e-36,3.2955876744340568e-06,7.815944777508597e-07,4.1185265490615483e-16,0.0006580723521925572,4.47360023160897e-19,1.0,1.894045028272874e-09,2.2527336798231477e-09,9.586015094621741e-20,1.0,1.0,7.993175306590538e-25,1.0184959778319322e-08,1.0364758461790617e-49,1.0,0.0008106585527915259,6.2240263324089356e-40,1.0,1.0,2.3411801814425036e-40,3.3630111088128777e-07,1.0027705174158303e-24,1.0,0.008344371705675075,1.0,1.0,1.0,0.18737222238831788,1.0,1.0,1.4691025753439006e-09,1.0,1.0,1.0,1.0,3.488316469088491e-53,1.0,1.0,0.0001552033640766546,1.0,1.0,9.606286935312721e-14,6.364941199962352e-07,4.435685618199191e-17,1.0,5.40102814298159e-10,0.00020553776954340846,8.404100499585002e-07,1.0,1.0,3.520821521260546e-11
85,1.0,8.916549206247422e-19,0.0010661419418569371,1.0,1.3008229406884466e-153,0.1314900529416563,1.0852295819687203e-31,1.1295799751922081e-128,3.533074382948679e-10,4.691816031252114e-143,6.122043611877643e-79,1.2688735833847272e-37,0.027183400260109975,4.186750448580298e-07,6.656346740475987e-28,1.0,6.524860860746402e-07,1.0,7.139820919984346e-12,0.0028838406800046215,8.511629817088465e-21,8.603466574170896e-05,5.181751433645739e-94,1.5653973388687763e-32,7.033095604616517e-14,6.10989151156571e-60,1.0,1.0,3.5041556767321057e-74,0.10189537600549786,1.4853509643962427e-14,1.0,3.781515907162549e-12,5.677927429724693e-20,1.2565750508637046e-06,1.0,5.396048613184766e-35,3.473163533790347e-165,1.0,1.0,4.4641777969427425e-12,6.29715193829701e-07,1.0,1.527508402678209e-05,1.0,1.8770832250678656e-62,2.4700251891523004e-76,1.0,6.3081836968059e-58,1.8958099027913942e-34,0.0008180774400972418,0.007003642849254005,5.691722249356687e-152,5.303680516674696e-06,1.0,1.5417827262085236e-39,1.0,1.0,3.260290227120604e-69,4.061684155316089e-71,1.36542707163333e-06,5.36038789259192e-13,0.0011307966775942588,1.2767920675669303e-34,9.56144508247229e-12,1.0,1.0,6.475087670390522e-65,8.227567507896623e-12,1.0,2.154385805225665e-12,1.0,2.4250559665419644e-37,3.703609671392481e-15,1.0,8.089262055243924e-80,1.124178062832953e-39,6.255024236019283e-15,1.0,1.0,2.7391994996767784e-61,6.3712508585121954e-12,1.0,1.2088266811251455e-41,1.5883387358866995e-15,1.0,0.0010978600728790728,1.0,1.0,0.00020786177536471294,5.194338977854382e-11,0.04238190735101867,1.3015003589029992e-07,1.0,1.0,1.0,1.4309311854584088e-08,0.013982669872798094,1.0,3.928861592034897e-32,5.0479703253201416e-14,2.805356572611405e-173,1.0,1.0,2.480782841968559e-18,1.0,1.0,1.0,1.3187557023390577e-15,1.0,0.018367841468485458,1.0,0.00043547793429621773,0.042361929844624474,1.3982172897723672e-49,3.9309472229362016e-93,1.0,2.463492185569345e-10,3.6646068718518234e-16,4.0628496809193205e-16,1.3673574274301507e-09,6.174577363567323e-44,5.451842144203623e-14,1.0,1.0,7.1311879446045315e-06,4.0479617826737074e-32,1.0,1.0,2.53165027042337e-12,5.459002313947252e-36,7.051415129224691e-29,1.0,0.0015136958962839696,0.1301314196603738,0.2538830480422689,8.445650835595418e-24,3.303179340906383e-13,1.0,1.0,1.0,3.1681126548949226e-61,1.915047540190882e-31,1.0,3.140574526640353e-20,0.002655384504357263,1.1090303656526497e-25,1.0,1.0,5.218651840783817e-91,6.85057831342812e-14,2.4453599392940812e-147,6.2235867033596385e-09,8.756742601167604e-06,1.0,0.0005535137330867471,1.0,1.1222481478768883e-18,0.027709845583725398,3.5325400304331467e-09,1.0,1.0,0.008520637878950337,1.0,1.0,1.0,2.3757250036774007e-09,1.0,8.380986452678098e-15,0.0013090280929098066,1.876758980313289e-52,0.001442356677063695,9.842542014950847e-05,0.4948726049731104,4.1292495253777215e-11,0.00020125655212914438,1.0,4.9781054321395e-79,1.0,5.5234137227511895e-11,1.0,1.9150973286245544e-06,1.0,1.0,0.00019886740191869926,8.960967767211027e-21,0.0006288869613980048,2.1483547171456006e-09,1.0,1.0,1.0,1.9273442763229043e-38,9.05612613954246e-05,0.0004959928098067219,1.0,4.9694126206416664e-17,1.0,1.695305176058141e-05,6.179831028364358e-84,1.0,1.0,3.0727698779588583e-52,1.1756056076190467e-29,1.0,1.0,1.0,1.0,1.0,0.006120432798411904,1.9032597530503848e-19,7.811179727557002e-66,9.459555181055344e-39,1.566197439250406e-14,0.00023863146342594253,5.950384661441622e-29,3.866541851196693e-88,1.0,8.784912825531893e-13,1.5630581464387608e-09,1.0,0.05508927789571059,0.02088020207242104,1.0,1.0,1.0238932804033594e-08,0.0019044455705679532,1.0,2.305833145046907e-13,8.910567022340375e-09,1.0,1.2868924291553249e-05,6.67406416366854e-05,1.3955143918284302e-11,1.0,3.270336959789165e-18,0.00033280318333463166,1.1438608511001402e-05,5.692139995613531e-28,8.347437076701194e-17,0.00028764316381322207,5.791808256783383e-44,5.969251473057196e-32,1.0,1.3710841561471156e-05,3.984626477186305e-37,7.879511598676465e-27,1.0,2.8335222114427344e-13,1.0,1.0
86,0.6946464401924649,1.0,1.0,1.364079492559968e-16,3.542960417114503e-80,1.0,0.002542519977452792,5.228418476664667e-63,1.0,2.455888768797415e-73,8.906556278753675e-30,1.741334866030717e-90,1.177324994100236e-28,1.0,0.02946565735089947,0.07517229606166324,1.0,6.120454746033135e-20,1.0,1.0,1.0,1.0,1.896137978301383e-42,4.250886215265978e-05,1.1824325283353359e-48,1.634215806364801e-20,1.850062217164529e-21,0.0006197163183713062,5.7651134458093334e-30,1.0,1.0,0.008639139254244378,1.0,1.0,1.1182352280468923e-33,1.0,1.6815019563712733e-07,4.4459227406840684e-98,5.100689040834362e-10,1.0,1.0,1.0,4.261216044157851e-20,1.0,9.55018964715442e-06,8.110687617504396e-117,1.460748335956999e-33,0.002940120060475404,1.2285397064820151e-21,1.0837229471949895e-07,1.0,1.0,1.229015097696268e-89,1.0,1.0,8.12636500168341e-11,1.0,1.0,5.994068222859909e-30,3.0666053939077514e-31,1.0,1.0,1.0,1.5531997292373604e-08,1.0,0.029290892690887853,1.0,1.0176976619532284e-27,9.083293182527115e-40,3.0393279011924024e-12,1.0,1.0,1.7184683398414543e-10,1.0,8.096470121178535e-10,2.4209329069723687e-38,4.722605829612019e-12,1.0,0.11013805840071232,0.0048051685395969265,3.348609534590244e-26,1.0,0.0014959416509247802,7.778984211047282e-83,1.0,0.0010978600728790728,1.0,1.0,3.4744794119663157e-09,1.0,1.0,1.0,2.674318979470933e-30,1.0,1.407641218330947e-13,3.0974111765009545e-05,1.0,1.0999241652383533e-20,1.0,6.423442876918468e-09,1.0,3.362973063150309e-114,1.0,1.0,0.11891905683487927,1.0,1.0,1.0,1.0,1.0,1.1886636904368262e-19,1.0,1.0686029259537959e-22,1.0,1.0061687222966951e-20,3.0660853616879262e-52,1.0,1.0,3.885212384506303e-42,5.7277385240674264e-42,1.0,1.7414273168606678e-17,1.0,1.0,1.0,1.0,2.5589776732832097e-64,1.0,6.668817283261435e-07,1.0,6.132234661962572e-13,1.5947095778191523e-08,1.0,1.0,1.0,1.0,8.3168475764514e-52,1.0,1.0,1.0,1.0,9.048090683501253e-31,1.9723237961621914e-10,1.0,0.0006971384494473289,1.0,4.1562409850143604e-07,0.025232903180696396,0.0009030500025536402,3.3303207651007945e-54,0.9007936740814756,8.83429243547939e-100,4.452352980303757e-28,1.0,1.9738907302188935e-05,1.0,1.0,0.0012279759969581348,1.0,1.0,1.0,1.0,1.0,0.22369139538402794,1.0,1.0,1.0,1.0,0.09986344167562212,1.0,1.4431772133669398e-26,1.0,1.0,1.0,1.0,1.0,1.0,2.436624427199224e-47,1.0,1.0,1.0,1.0,1.0,1.0,8.691660018768266e-19,1.228724288348326e-05,1.0,1.0,1.0,1.0,1.0,1.3863564694812826e-17,1.0,1.0,1.0,2.1493575512549206e-37,1.0,4.379854587260155e-20,1.832869459912701e-52,1.0,1.0,6.0834889978051755e-28,9.500511933536074e-12,5.099417961081056e-09,1.0,0.031246720383435893,0.03380476626731327,1.498621849152781e-09,1.0,2.9991655018175656e-05,1.4378861322786325e-38,2.9673526351991776e-18,2.0914171318369002e-33,1.0,1.744292581920102e-11,1.900068933507276e-56,1.0,0.18941310796217417,7.246473566534178e-26,0.691054878006809,1.4803778963487895e-13,1.0,1.0,1.0,1.0,1.0,1.0,0.05423784634629422,1.0,0.01390153045739818,1.0,1.0,0.39759593232592777,1.0,3.1729800975463202e-37,1.0,1.0,7.702506632269228e-12,0.0001820229780813966,1.0,1.0303704236761034e-23,6.621840079879638e-15,2.091001033738394e-08,1.0,8.049333832109235e-19,1.9865455535415727e-11,0.45239556696092065,0.015609699571133577,1.0,0.00038582996383605385
87,1.0,0.00038950578306174913,1.0,1.5717875936491616e-05,1.1845310014374608e-107,1.0,1.134919232656629e-12,1.6990347814285383e-87,1.0,1.9897168816938585e-99,1.0720093228053323e-47,4.4394090343345646e-64,2.1891221222731633e-14,1.0,1.1734230136642722e-10,1.0,1.0,2.1413832436114678e-08,0.5296433363119971,1.0,2.41185343718713e-06,1.0,1.1223655124603212e-61,1.9006129233969978e-14,6.510013712883941e-31,7.690337485316535e-35,5.989101853917335e-10,1.0,2.6144943149263084e-46,1.0,0.004626507553930874,1.0,0.09402844413285809,1.4064784231215723e-06,1.2455767420705003e-19,1.0,3.845381824593446e-17,8.611956433158922e-124,0.022398362480680396,1.0,0.07031881504747015,1.0,1.636500221350296e-09,1.0,1.0,2.2369658532832765e-90,1.4133970315688876e-49,1.0,5.093082888092696e-35,3.981504442815444e-17,1.0,1.0,1.387877121086835e-113,1.0,1.0,4.00508742035935e-21,1.0,1.0,1.148802439447447e-44,3.2931103196501867e-46,1.0,0.007933183086472048,1.0,7.737277924664891e-18,0.04167997519461282,1.0,1.0,1.1535154333353845e-41,1.1641211590539383e-25,0.00021875609982816452,0.012815580228111531,1.0,3.472567166829578e-20,0.0002127441859459424,0.009657953158859945,4.4361945733324406e-54,4.235536631773647e-22,0.00022149784230081912,1.0,1.0,2.1886151847864644e-39,0.0152901148616943,1.0,7.612158179084604e-63,6.794712672675128e-05,1.0,1.0,1.0,0.01493150307487176,1.0,0.033312393916387247,1.0,8.62068113243381e-19,1.0,7.91842914441969e-06,1.0,0.8561380425805161,2.946386106618647e-11,1.0,2.3998380971528388e-17,0.00024991807858497426,2.5305546869332215e-137,1.0,1.0,2.2181161364996634e-07,1.0,1.0,1.0,1.488609791438027e-05,1.0,9.960315260977759e-11,1.0,3.787217971561275e-13,1.0,1.310862945820145e-31,4.226696489608746e-68,1.0,0.03289010990431466,2.3992684130471052e-29,3.051795650371627e-29,0.08123812270165781,1.9711409447738988e-27,9.455836192033846e-05,1.0,1.0,1.0,8.705613012885585e-49,1.0,0.15413548404320895,0.0008943720369777931,1.5161889688851798e-21,5.278032712459341e-16,1.0,1.0,1.0,1.0,3.160270222462306e-38,0.0001545407716526758,1.0,1.0,1.0,1.6301187900545643e-42,3.0913900963125093e-18,1.0,9.575542042110997e-10,1.0,6.401384593095459e-14,1.0,1.0,1.200149580070454e-68,2.5313172931056613e-05,1.2523899507322683e-118,1.3765059120901447e-18,1.0,0.7202580984200333,1.0,1.0,4.58286072189227e-09,1.0,0.026891609336406944,1.0,1.0,1.0,1.0,1.0,1.0,0.01770706442098976,1.0,2.2770186484539163e-06,1.0,1.322450467558812e-36,1.0,1.0,1.0,0.000728977785106277,1.0,1.0,7.734917072205094e-60,1.0,0.0008294700784285722,1.0,0.9207580322763859,1.0,1.0,1.3165729801887547e-11,3.103113686876227e-11,1.0,0.008011646978602861,1.0,1.0,1.0,1.2831132222216238e-25,1.0,1.0,1.0,1.3774310452710928e-27,1.0,7.553958653263506e-13,5.966590776305999e-65,1.0,1.0,1.9085847924397207e-37,1.4464540380934417e-18,0.0005445606859778362,1.0,1.0,1.0,0.00020242533121504923,1.0,1.630032969166692e-10,2.4870402209110603e-49,3.516988111181963e-26,2.7059241312910655e-24,1.0,3.850471809869725e-18,4.6170855493070183e-69,1.0,1.6134991235139767e-05,6.711793894938843e-18,1.0,1.024128681059804e-07,1.0,1.0,1.0,0.011358577537786217,1.0,1.0,4.055174250965552e-06,0.009252422187967698,1.0,1.0,1.0,6.858835728728152e-05,1.0,3.8091506973691726e-28,1.0,0.9585394337045917,4.803419540479796e-18,4.540787425466302e-09,1.0,1.120711944160799e-31,1.6014004151046224e-21,0.0005811772309616531,0.8048748629320442,5.549241306258248e-26,2.2992021087847747e-17,1.0,1.7126791170215444e-06,1.0,1.0
88,0.00010075674415493896,5.169551813035125e-31,2.3615901682238188e-11,1.0,2.4093243740108749e-181,4.3611049478708305e-08,3.969255393878998e-46,3.66267437657184e-154,8.513654479986097e-20,1.158861843992619e-169,1.223636269799711e-99,1.643627613792642e-23,1.0,1.5722389217914292e-15,3.6433681715879693e-41,0.13209890243338132,3.820996975262929e-15,1.0,1.792772169782541e-21,4.579370910687177e-10,2.2317669498334657e-32,5.079868921156483e-12,6.995703297008272e-115,5.265688246267988e-46,7.111473489973598e-06,4.128156979794907e-77,1.0,1.0,1.0372893814487876e-92,1.8850145181624475e-07,3.714418314231356e-24,1.0,4.724626320423596e-21,1.3763156594759588e-30,0.47804099307936565,0.05381858556053852,5.027366189346924e-48,4.3010917653875003e-190,1.0,0.16785664294922104,9.340976685285345e-21,3.1345688825786355e-14,1.0,2.047020890288855e-12,1.0,2.630201538783567e-46,5.339948482916126e-94,1.0,1.4854239176548122e-73,4.546263487567867e-47,5.50721524796757e-10,1.0525874944589011e-08,2.478117927813474e-175,7.615725490975571e-13,0.6605391095590075,1.0863122974955966e-52,0.23304257318822774,0.008389549368645525,1.4213337573084254e-85,1.1458262424114338e-87,1.9952029820085704e-13,2.0062485527301546e-21,1.4906614509973614e-09,9.121787805436079e-47,7.711356722104104e-20,1.0,0.00017311240543976006,1.6649896491348837e-80,3.336978260508276e-05,1.0,1.6943147439256335e-20,0.027051059777344393,1.3191184515487621e-49,8.12374289467622e-24,1.0,1.137988379639822e-96,3.911058453095783e-52,2.1005757751922992e-23,1.0,1.0,4.8856564188048996e-76,1.121557756983896e-19,1.0,8.33285435148695e-30,5.471874679090614e-24,1.0,3.4744794119663157e-09,0.01493150307487176,1.0,4.5291364795193494e-10,2.6545049925788957e-18,6.291983595620048e-07,0.01854676451901105,0.014665578524527875,1.0,1.0,3.311757656068283e-15,1.0,0.18023843875415455,8.954984358684845e-43,9.604398305180358e-22,5.8430749293498036e-195,0.5119219516834163,8.175849932970973e-05,9.738435174011546e-27,1.0,1.0,1.0,1.819342246584516e-23,1.0,1.0,1.0,1.0,1.1519542115549529e-06,7.209900325597499e-62,3.3772607404057225e-109,0.7839690029585193,5.415840865152286e-17,2.0335022857715132e-09,2.1123190408918486e-09,5.3646810478005095e-16,2.458219897048554e-55,3.0099902171478723e-21,1.0,0.10993300359459689,2.6156438308490313e-11,6.406964500299516e-23,0.001449426235177729,1.0,4.1612728527053805e-19,3.891333637157393e-46,3.94961135063084e-38,0.0020874887370105396,3.119482810602835e-08,1.0541053273891408e-05,2.6306510513254668e-05,4.792089247345282e-16,5.38095452632863e-20,1.0,0.0021032196591690205,0.010382283774915499,1.0985551191055354e-73,7.939737459847596e-41,0.09240954849995092,5.082547764012463e-28,8.932646951142725e-08,3.3971741730027875e-34,1.0,1.0,2.3388454889491947e-105,1.697687059811355e-20,5.340728530356249e-165,0.00034349822724874816,1.1087925844928286e-10,1.0,1.9735281798832876e-08,1.0,8.247006527913944e-26,3.3185151548079104e-06,1.1014475937422148e-14,1.0,1.0,8.049761521532855e-07,1.0,0.0022061149010922216,1.0,8.017908685021339e-15,1.0,3.435719294988134e-21,8.503098435132258e-08,4.3324160939089613e-63,1.0023262517462162e-07,3.570590412990395e-09,0.00020292555634592353,9.72578557929878e-17,1.0782675922966717e-08,0.1476149954472978,1.8372861055071175e-91,0.017373842916428326,1.4758144610056463e-16,0.0008709150425891271,4.2985908047373075e-11,1.0,1.0,0.47889075396278774,1.0547724001146291e-27,5.550726542863737e-08,1.4912555858819388e-14,1.0,1.0,1.0,3.0647904619139393e-47,5.937535544564186e-09,5.0529325098273924e-08,1.0,2.1892349332286084e-11,1.0,0.06039621926202677,3.685597328329526e-96,1.0,1.0,4.007549305168137e-62,2.001444034896093e-37,1.0,0.016704887735146626,1.0,1.0,1.0,1.3453535473252776e-06,6.14312966704873e-26,1.1772708901682411e-76,2.3823509661537333e-47,2.274308905290636e-09,2.576061181125649e-08,1.5780694585642875e-36,2.267605484814036e-100,0.0011489357277345976,2.9036358433416527e-18,2.908322946062297e-05,1.0,1.0,7.639269101647853e-06,1.0,0.001244113804696197,1.9843292105022617e-13,4.346040475453954e-07,1.0,8.829400268228717e-19,1.87211815335236e-13,1.0,1.1519953794408102e-09,8.748348174966295e-09,1.2351348730649947e-16,1.0,8.290955816513896e-13,6.709766423614029e-08,1.2799065231119666e-09,6.867171609968988e-35,1.9903780819501904e-22,6.793768197876746e-08,3.1789351784376442e-52,3.94676432144524e-39,1.0,2.1722821211622473e-09,1.0507160940070021e-44,1.9899252589792412e-33,1.0,2.7744065220954023e-18,0.09061875940245558,1.0
89,0.11705317133067578,1.0,1.0,8.901884196386287e-18,1.3554070628224341e-73,1.0,0.04296127162045759,1.5943796435647842e-57,1.0,2.926103921255461e-67,2.0446441307343144e-26,2.705938535105726e-91,6.647211442481405e-30,1.0,0.3445162427900901,0.012635693416523716,1.0,3.9388093924018535e-21,1.0,1.0,1.0,1.0,1.319441888755799e-38,0.0008436600278958188,6.857025721485747e-50,4.779304310822277e-18,1.2116062828096475e-22,9.062855038953778e-05,6.058889917004061e-27,1.0,1.0,0.0014729603561502535,1.0,1.0,6.445913157185101e-35,1.0,4.311212906705891e-06,6.361177336626692e-92,5.280602324787832e-11,0.9501257105596617,1.0,1.0,3.080509979369869e-21,1.0,1.311551310721685e-06,1.1568730866525185e-117,1.4425208726487796e-30,0.0005058791025603002,2.46787155246389e-19,2.622376271055892e-06,1.0,1.0,4.291579380808975e-84,1.0,0.8130973962454113,3.1231462368146785e-09,1.0,1.0,2.8368716494867865e-27,1.6948702213814031e-28,1.0,1.0,1.0,3.7547569936909724e-07,1.0,0.005946905708886268,1.0,3.14748676810435e-25,5.288552203152396e-41,3.165724279106927e-13,1.0,1.0,5.212889827060865e-09,1.0,9.573739794565628e-11,2.3130424321685607e-35,1.7370419933861443e-10,1.0,0.024826164470135723,0.0009422643610570235,6.996717971422578e-24,1.0,0.00028329348106215826,4.9292032354290925e-84,1.0,0.00020786177536471294,1.0,1.0,4.5291364795193494e-10,1.0,1.0,1.0,1.8498499866530305e-31,1.0,1.5386166847228958e-14,5.401433490269681e-06,1.0,9.510109114288587e-22,1.0,1.1665479751104298e-07,1.0,8.474941802829186e-109,1.0,1.0,0.6517202192700852,0.8762750690168968,1.0,1.0,1.0,1.0,1.1104375643313953e-20,1.0,9.207678923710035e-24,1.0,6.678544849118491e-19,3.914580312125096e-49,1.0,1.0,2.4704349732863917e-43,3.659568803209252e-43,1.0,7.260082786648642e-16,1.0,0.631699036725079,1.0,1.0,1.4540937550829529e-65,1.0,1.1706634206091974e-07,1.0,1.3513531963560966e-11,2.056661371388647e-07,1.0,1.0,1.0,1.0,5.079894974991822e-53,1.0,0.37773108095407615,1.0,1.0,1.0589095660104545e-28,3.0217633251926735e-09,1.0,0.004478190552357931,1.0,4.079076560143147e-06,0.006706168843190247,0.00021219653598523696,2.0022202902592774e-51,1.0,1.045354955094459e-95,4.000359860145711e-29,1.0,4.2793534726349645e-06,1.0,1.0,0.006850152994841253,1.0,1.0,1.0,1.0,1.0,0.06944458699047783,1.0,1.0,1.0,1.0,0.4083956736698465,1.0,7.353520830706168e-25,1.0,1.0,1.0,1.0,1.0,1.0,4.968596548397695e-45,1.0,1.0,1.0,1.0,1.0,1.0,1.1421123826650967e-19,7.735056122757011e-05,1.0,1.0,1.0,1.0,1.0,2.6871088579860425e-16,1.0,1.0,1.0,1.9032680918350652e-38,0.6509376360116373,5.738854003352614e-21,3.871789801850944e-50,1.0,0.6031895208901333,2.4922982677349966e-26,1.0491311501694868e-10,1.0380714535547365e-09,1.0,0.00985458594110946,0.01072175766571997,2.987026597675106e-10,1.0,0.00016781202518873528,1.1602766202241434e-36,5.565486446045015e-17,2.0417285450189166e-34,1.0,1.807224089085405e-10,4.407022399165178e-54,1.0,0.652235111153155,8.443295172124624e-27,0.2515613260863903,2.557891264023445e-14,1.0,1.0,1.0,1.0,1.0,1.0,0.193790425226766,1.0,0.004473285979422682,1.0,1.0,1.0,1.0,3.1498321768744693e-38,1.0,1.0,6.812966417469641e-11,0.0008087695677515861,1.0,2.0920862706749502e-22,7.129399919574984e-14,5.0192605741131425e-09,1.0,1.1219331375125398e-17,1.5839786930984471e-10,0.17578873224398212,0.054069811026558424,1.0,0.00011957902194429732
90,1.5453953491951829e-09,1.0,0.006315164504950856,4.025739213087329e-31,4.971676483808901e-50,0.00020467910968775872,1.0,3.1466490881715547e-37,1.0,3.9234047152085705e-45,3.3205774270762647e-13,1.8287319702016578e-115,1.6167128170654746e-45,1.0,1.0,3.0285835994365185e-10,1.0,1.7538866936529024e-34,1.0,0.16457582721281852,1.0,1.0,2.37720109586277e-23,1.0,1.0156398742078522e-67,7.193829972922696e-08,1.0470421561842643e-35,7.570113287206279e-13,1.4269299203495713e-14,0.0894610233800623,1.0,6.771848808417542e-11,1.0,1.0,9.132419985762986e-50,1.7134684363115028e-06,1.0,8.30951852201413e-69,1.1329895892056809e-20,1.2227821073915011e-06,1.0,1.0,2.8888597963007973e-33,1.0,7.870752966036891e-15,2.815628767579268e-141,4.757449933510657e-18,3.1570859944407174e-11,1.6893115185170752e-09,1.0,1.0,1.0,9.585872468448142e-63,1.0,1.5441997748723467e-06,0.02182754499818504,8.836922932080592e-06,0.0010796387064574773,7.48269757511333e-16,8.184570526256359e-17,1.0,1.0,1.0,0.390505804222358,1.0,2.2378755247984413e-09,0.1103254688130029,1.8273115822316005e-14,1.677269407626208e-55,1.0618924067801827e-22,1.0,0.0016895263533798525,0.017439103228086093,1.0,1.5395806388254238e-19,1.1790310408877872e-22,0.0014642340005683696,1.0,2.79120669775014e-08,3.0147717568553483e-10,1.0518117205357608e-13,1.0,6.822877235119064e-11,8.417126436709972e-103,1.0,5.194338977854382e-11,1.0,0.033312393916387247,2.6545049925788957e-18,1.0,1.0,1.0,1.2270848602526132e-43,0.09001682520465876,1.2763045348925301e-23,7.078167246322232e-13,1.0,3.3614782698254e-32,0.013810185405035617,0.05980434413993143,1.0,2.3159463909469613e-87,0.007809654138768321,1.0,1.0,1.2638586710847276e-05,2.3468782759784205e-05,0.00020537657725189524,1.0,0.0005081287060105975,1.3639591830964576e-30,5.7355444337764894e-05,3.519227493696271e-34,1.0,1.4529187598813367e-10,1.3674207795317022e-35,0.021857721148794633,1.0,2.66417196923956e-56,4.54286822071125e-56,1.0,2.314071697648113e-08,1.0,1.5052482096647988e-05,0.5976285763762902,1.0,1.3435293633602818e-80,1.0,2.294654235940324e-14,1.0,2.761917185968089e-05,0.033343655465230874,1.0,1.0,1.0,1.0,1.834678358448124e-66,1.0,1.1654672163350635e-05,1.0,1.0,3.9485693274844294e-19,0.0012294724776216728,1.0,1.0,1.0,0.20285956908543631,6.632611375569048e-08,7.286190098831561e-10,6.930657529343573e-39,1.0,2.4030576868691103e-78,4.15381417952635e-39,1.0,7.9888437255151e-12,1.0,0.004873338002243295,1.0,1.0,1.0,0.017517592626811126,0.13692897221199998,1.0,2.999187800916178e-06,1.0,0.00199189172197008,1.0,1.0,1.0,1.0,1.1226543135948784e-16,1.0,1.0,1.0,1.0,1.0,1.0,3.2034227316071683e-34,1.0,1.0,1.0,1.0,1.0,1.0,1.8336890959746377e-27,0.6345858398623676,1.0,1.0,1.0,0.013148765647719059,0.004256412822217709,5.974268176411683e-10,1.0,1.0,0.0046603021440345775,2.1279854206260784e-48,0.00013512402569064598,9.504296192924507e-29,3.443308014765502e-39,0.00045509808596234274,0.00012811176622011338,1.8733695613949252e-18,1.6111214795586495e-05,1.4935977430177585e-15,1.0,6.19986253210707e-07,7.109510131367537e-07,3.570761320382699e-16,1.0,0.8422206236974695,1.833375833678299e-27,1.156072245253331e-10,9.541026136975277e-44,1.0,2.121642509021374e-05,6.249229947075469e-43,1.0,1.0,3.83647363601094e-35,5.254303543471679e-05,8.280232113991676e-21,1.0,0.3316571202692162,1.0,1.0,1.0,1.0,1.0,1.0,3.7151832631190675e-07,1.0,1.0,1.0,1.0,2.0901779624267993e-47,1.0,1.0,4.509148350626025e-06,1.0,1.0,8.417686212131971e-16,1.3268263911494399e-08,4.035703624495906e-14,1.0,7.643650575665768e-12,6.69459877835186e-06,7.489682337174072e-05,1.0,1.0,8.547845760902956e-09
91,1.0,1.0,1.0,2.615180661710366e-12,9.15879702823974e-80,1.0,0.00013750974729042633,2.4609046470645247e-63,1.0,2.7866055152878103e-73,4.391060924410191e-31,1.2349951207441677e-77,6.685726839783322e-23,1.0,0.0019191280483228975,1.0,1.0,1.6743787181467092e-15,1.0,1.0,1.0,1.0,1.332851554826184e-43,2.1994475329194065e-06,3.6696253737051295e-41,5.638061471350678e-22,4.4234711349185314e-17,0.05430033580819893,2.3455098041919608e-31,1.0,1.0,0.4252556450760572,1.0,0.3480078752372101,3.862033817458727e-28,1.0,8.021167719577018e-09,5.580676654995307e-98,2.6699686391340666e-07,1.0,1.0,1.0,3.5513524895967425e-16,1.0,0.00118927294451946,4.563662313652688e-104,5.861507124416002e-35,0.1463432551999437,4.2121201095341496e-23,5.305076451762581e-09,1.0,1.0,6.111490298233106e-90,1.0,1.0,3.4466442278456794e-12,1.0,1.0,2.1548373320754296e-31,1.1223860822361156e-32,1.0,1.0,1.0,7.666543151261988e-10,1.0,0.8457349737669708,1.0,3.537113987552226e-29,2.8636897879031715e-34,1.7080876189444919e-09,1.0,1.0,7.875849598270853e-12,1.0,2.2694735039961275e-07,9.6406438823114e-40,2.0452446639859277e-13,1.0,1.0,0.16126565001110657,1.152922362213262e-27,1.0,0.057253825913341876,3.271141302658459e-74,1.0,0.04238190735101867,1.0,1.0,6.291983595620048e-07,1.0,1.0,1.0,4.5900871104071206e-26,1.0,6.523174446290723e-11,0.001666896883423974,1.0,2.3687067148980727e-17,1.0,3.624906188637299e-10,1.0,1.3473370949333304e-114,1.0,1.0,0.013771735929236893,1.0,1.0,1.0,0.2736519557457941,1.0,1.5261259795055552e-16,1.0,2.468903633938816e-19,1.0,3.8523562207098457e-22,1.2895443586064353e-53,1.0,1.0,2.3607273395708135e-37,3.2358696667289336e-37,1.0,7.4140897969651825e-19,0.7556654505761201,1.0,1.0,1.0,3.3194742718880404e-58,1.0,3.759796167285892e-05,1.0,3.2392418660426393e-14,1.0799816081023322e-09,1.0,1.0,1.0,1.0,1.1295117285255145e-46,0.7725255386719535,1.0,1.0,1.0,3.2267741726214974e-32,1.227974594329885e-11,1.0,7.349925697209324e-05,1.0,3.3063356912823185e-08,0.36621022588113405,0.01911805073910613,1.2324229732070263e-55,0.14724795533496587,7.400044298224146e-101,8.535435610209283e-25,1.0,0.0005542204612134572,1.0,1.0,0.00014567851512152697,1.0,1.0,1.0,1.0,1.0,1.0,1.0,1.0,1.0,1.0,0.015430190932844234,1.0,5.924674397574307e-28,1.0,1.0,1.0,1.0,1.0,1.0,8.482408580566977e-49,1.0,1.0,1.0,1.0,1.0,1.0,1.907988731971007e-16,1.345861472178869e-06,1.0,1.0,1.0,1.0,1.0,7.894604531278926e-19,1.0,1.0,1.0,5.050540108254464e-34,1.0,9.905225542317048e-18,6.385877881284239e-54,1.0,1.0,2.65681189244557e-29,7.210791391931909e-13,1.8886839006911586e-07,1.0,0.300198957136782,0.32018551599828593,5.991892835437909e-08,1.0,3.6181904714877065e-06,5.42356254824509e-40,1.719411626795154e-19,2.510781841400773e-30,1.0,1.3773069467503224e-12,6.620897239911617e-58,1.0,0.034983272031839784,3.044856821886319e-23,1.0,1.0215670715176724e-11,1.0,1.0,1.0,1.0,1.0,1.0,0.00971454385908974,1.0,0.12884119346267495,1.0,1.0,0.08154456746449502,1.0,3.5481529670954477e-34,1.0,1.0,6.77538712749964e-13,2.69308369192015e-05,1.0,5.818438419301983e-25,5.168389291397423e-16,4.6732231192089607e-07,1.0,5.445818119849389e-20,1.878436802781573e-12,1.0,0.0029145180698634953,1.0,0.004061472608918019
92,4.515856434019387e-31,4.390563058864958e-73,1.4819696799676277e-42,7.918528722498882e-08,1.3382534366294075e-258,6.811778538027166e-36,8.230280530284237e-93,3.139384287611892e-226,4.544739998434009e-55,3.106288623590343e-244,1.0297769781977121e-160,0.5923776787606656,1.0,1.668046453541841e-47,1.6982232010525655e-84,4.429974451918351e-22,2.1389500240710188e-46,0.0030476657610536456,7.662407531426267e-56,1.3079393559392852e-37,2.462184998558311e-71,2.8539434136850732e-40,2.031620406880864e-175,3.797476569636109e-89,1.0,6.612250210178753e-129,0.4869222664303989,5.3880847359182764e-15,1.6154316624861974e-147,2.2771362581504288e-31,1.816769913826281e-57,3.629966554796453e-15,1.7999303998864483e-52,3.823284232460181e-66,1.0,1.0147845478649201e-20,3.2734723663309574e-89,3.222068365296036e-259,5.794371282829484e-06,2.568110759869379e-19,2.680292977546509e-51,2.1097481347042355e-41,1.0,1.5929340706860076e-38,1.270325970180405e-09,3.5449807017023746e-15,5.466921997216793e-146,2.199634627543687e-12,1.2818072231324885e-120,6.367850522548967e-87,4.150254214859935e-34,6.150354082392542e-32,1.4916737023861539e-240,1.548380926529122e-38,2.1611949579877637e-17,1.2352355815912612e-93,2.939747567793268e-18,7.552808743915927e-21,5.009564137293856e-134,1.4282992938932297e-136,9.468055938997695e-39,1.2763288823632263e-50,1.988965239075392e-32,5.862552420207617e-85,3.8390779042499735e-48,1.1466286072919511e-11,1.5354363568310642e-23,7.3173012987737936e-127,1.0,0.06597933603858981,1.2899346938269137e-48,3.16970209305467e-19,7.921995062881387e-88,3.033386314854358e-53,0.0028939135114414752,6.158468975105655e-146,1.0204466805908938e-90,3.5141114045908e-52,3.807987897189461e-11,4.136211062658475e-09,5.162683519519433e-120,1.4743580289167149e-46,4.184772430344762e-08,1.4173109901156322e-07,1.483488965211642e-52,1.3015003589029992e-07,2.674318979470933e-30,8.62068113243381e-19,0.01854676451901105,1.8498499866530305e-31,1.2270848602526132e-43,4.5900871104071206e-26,1.0,2.1287879612763653e-18,1.0,7.463404945787297e-05,9.22585565494804e-39,1.0,4.592807950743632e-16,4.005409734088712e-76,7.446949401483536e-48,6.353039486974356e-255,5.972815724159831e-15,7.993677965756591e-22,2.0814705003106477e-54,1.4058367779716131e-10,7.848093651647734e-11,5.924185638117782e-12,1.0510903240537664e-49,2.6086030262091165e-12,1.0,9.09339437130852e-11,1.0,1.4929365417276668e-24,6.991318210074781e-99,2.1269321677339503e-155,4.9163465021148916e-14,5.236292109358396e-40,1.0,1.0,3.0457694826513605e-38,6.169760845415782e-90,1.397821345367136e-45,2.2595982611504332e-08,3.636326822307463e-15,6.0107026942864405e-31,1.7589640462560896e-05,1.947350694114958e-18,0.3421788131021421,4.880307859132302e-42,2.4663733132326725e-77,4.338393313002357e-67,7.496533372554316e-18,9.584947559292934e-26,1.0474499934064123e-21,5.1243155950411444e-21,0.056010154884938705,1.025532707337916e-42,1.021982709222956e-06,1.4454873231464653e-17,2.4117261507760814e-16,2.0201369427233456e-110,6.341747167517315e-70,1.8151193566608253e-14,4.582690233660196e-53,1.8050812252006908e-24,5.3404891281039726e-61,0.0007851869612211245,0.021955211168308324,1.759405581556483e-146,2.3136468651301745e-42,3.4317959301198357e-214,1.0,4.450968667237623e-28,1.0,1.1391528891160896e-24,1.703455957419983e-07,9.973879727147955e-49,5.5328064038917736e-21,1.8864868522852657e-33,1.221041643226678e-07,7.24341853134855e-09,8.816641991793985e-22,0.001851278634032104,3.420400139097757e-16,3.5142624973766766e-06,2.0955390086507108e-33,7.798775858548642e-11,4.7842541876682464e-42,4.492987472879618e-23,1.416868830711212e-94,6.796819383974605e-23,4.7013347246166255e-25,1.684376191793863e-17,1.7169174188132393e-35,5.5841927530045014e-24,1.4510363475889686e-12,2.9936154723220026e-127,3.580893358668047e-14,3.959724490169108e-35,2.958412235532961e-16,3.1525142983888395e-27,2.356027610343723e-09,2.696622283228164e-09,1.0,1.4204830847123288e-49,1.5210081459655246e-22,6.78656822836186e-32,7.687178897837375e-10,3.632886478174693e-05,0.0001553982110073308,1.0089147144730888e-73,9.804680178624654e-24,2.810233110652437e-22,0.00024878216359634976,0.6044982600131491,0.008606735841006751,1.0,3.880323998017323e-131,0.0033172259027963377,0.012107478281478314,3.149514829388496e-91,3.281262891652678e-61,1.0,1.8206978811012086e-13,0.9125759003619821,0.9479466186717546,1.0,7.163038170352964e-20,1.977180238916121e-46,4.875255530168879e-108,3.7411111298867506e-73,1.0,2.4170750090470367e-22,9.974102394058953e-60,3.11304832894049e-135,3.3719693441069605e-15,4.075011526021511e-36,1.0,0.11730280860801252,1.0,2.1699168771966663e-18,2.187274581115515e-05,7.194920462711089e-15,3.3871470661061484e-29,4.410905178249276e-20,9.715199257234408e-07,2.7084990881044593e-36,4.5145788221841693e-29,1.0,1.3075128481318167e-23,2.839207646101906e-22,4.1480003115022194e-33,3.975953251617928e-07,0.02344631718774868,7.615040429989979e-21,3.704927953575508e-23,5.922110351086314e-56,3.554192161716868e-40,1.558750556621567e-20,1.3193942195898846e-76,9.411532739192418e-61,1.0,2.418301737258213e-22,2.7481076224702733e-67,1.6544289604929925e-53,1.0,2.5849915452300777e-34,8.283756280235433e-11,1.0
93,1.0,0.0027496402327332544,1.0,2.6003254534304486e-05,7.02920109871547e-99,1.0,3.7798208074677976e-11,2.2949331799619164e-80,1.0,1.9137011895990494e-91,1.5587315583134646e-43,9.8085855107435e-61,8.980949708390183e-14,1.0,2.2806253919641306e-09,1.0,1.0,4.227977256750647e-08,1.0,1.0,1.9987618151078376e-05,1.0,4.81243033672153e-57,5.680467711471984e-13,1.1746462622183865e-29,5.28323387747657e-32,1.2343208778992101e-09,1.0,8.44870050697024e-43,1.0,0.0188774291492147,1.0,0.3004558741461617,9.845943719082216e-06,5.641021022339735e-19,1.0,1.2461297134821676e-15,4.0793763200094274e-116,0.023486002649574424,1.0,0.2214651938196749,1.0,2.8666502023613346e-09,1.0,1.0,8.831078621048054e-87,3.1911981900368323e-46,1.0,1.5910517171869078e-32,1.1243121821243783e-15,1.0,1.0,7.463725222230906e-107,1.0,1.0,1.7906664819729012e-19,1.0,1.0,9.035683972011152e-42,3.1304931697745004e-43,1.0,0.026587537670025536,1.0,1.9572364652639052e-16,0.12441570809963122,1.0,1.0,5.028822351217755e-39,6.057392568547059e-25,0.000244132134200118,0.04021346494292801,1.0,1.0582341615214852e-18,0.0008511439531142703,0.009803244682662275,7.353386290223695e-51,1.5488311031807096e-20,0.0008575988844414727,1.0,1.0,5.4193552918687155e-37,0.04534354059153371,1.0,6.068486222726359e-61,0.00027355987991579207,1.0,1.0,1.0,0.014665578524527875,1.0,0.09001682520465876,1.0,2.1287879612763653e-18,1.0,8.971838729126539e-06,1.0,1.0,4.467070192618134e-11,1.0,3.5967101751974967e-16,0.000848775256057234,4.4501016402899504e-131,1.0,1.0,1.0504478652908938e-06,1.0,1.0,1.0,5.634259285486053e-05,1.0,1.3930320330505865e-10,1.0,6.007331602715457e-13,1.0,6.994956904228207e-30,6.8133156983805435e-65,1.0,0.08154431325113981,9.190861328249612e-29,1.1480778163472889e-28,0.18926197778753992,6.110830341844175e-26,0.00030520331988034155,1.0,1.0,1.0,9.501578547577809e-48,1.0,0.13986641459109683,0.0025101715444798486,2.3215389072497048e-20,4.817212137916374e-15,1.0,1.0,1.0,1.0,1.6514871008520721e-37,0.0004542329994565081,1.0,1.0,1.0,1.3686521997637124e-40,3.2177642271007064e-17,1.0,4.493274516330001e-09,1.0,4.3278484677522404e-13,1.0,1.0,6.013766172373439e-66,7.518107798608157e-05,2.3930032769284168e-114,2.288939925667683e-18,1.0,0.6333326532859335,1.0,1.0,1.796528743752631e-08,1.0,0.05719784994149186,1.0,1.0,1.0,1.0,1.0,1.0,0.03784779109902208,1.0,6.819436998377697e-06,1.0,3.926431409482551e-35,1.0,1.0,1.0,0.0017079366430380217,1.0,1.0,9.668443631632663e-58,1.0,0.0019214657069442503,1.0,1.0,1.0,1.0,1.4889434645397714e-11,1.257449666921018e-10,1.0,0.01664948729173899,1.0,1.0,1.0,1.3754596136028996e-24,1.0,1.0,1.0,2.58456297798308e-27,1.0,8.664221265670223e-13,7.223330230362077e-63,1.0,1.0,4.12728175743533e-36,9.176358900947643e-18,0.0004962727396430805,1.0,1.0,1.0,0.00018580921498868367,1.0,5.813147491918665e-10,1.0550680050956227e-47,3.5532095627008414e-25,4.368263355432103e-24,1.0,2.2783806007847715e-17,5.996936650673143e-67,1.0,3.946046071999384e-05,8.704456971591582e-18,1.0,9.99454089077942e-08,1.0,1.0,1.0,0.02197864878497268,1.0,1.0,1.0010704724124218e-05,0.017876724229344144,1.0,1.0,1.0,0.0001521546712259979,1.0,6.223404261380479e-28,1.0,1.0,2.3319094177919806e-17,1.2772181365950042e-08,1.0,1.1116329564732233e-30,9.043688197336898e-21,0.0005172730767074313,1.0,3.886837583146012e-25,1.0027990486281492e-16,1.0,3.962559732886296e-06,1.0,0.8706011769056513
94,1.2851171788500006e-09,9.433750158899031e-39,2.8031246344402276e-17,1.0,3.955955965003901e-190,2.1150026136575154e-13,1.7000993888347207e-54,2.272270406697788e-163,1.5840766610312976e-26,1.0895862447297589e-178,4.952863944400722e-109,5.241913450628074e-14,1.0,1.0244287578581044e-21,3.625408626790847e-49,2.0510647923045242e-05,3.1900009207467404e-21,1.0,3.924980605549909e-28,1.91440022962993e-15,8.50495147332976e-40,1.4019860275295605e-17,2.829690573241608e-124,4.9011650232829696e-54,0.25437299921162887,4.721725478138124e-86,1.0,0.05745250119509403,7.17952796235799e-102,3.453306544169273e-12,9.734413854187858e-31,0.02529748996657599,2.5790765642117636e-27,1.4324835426891633e-37,1.0,1.3462842511501199e-05,7.202412376020172e-56,2.1708202975990456e-199,1.0,6.348687963616337e-05,6.831469950260652e-27,1.0272951649815961e-19,1.0,1.1002329660007602e-17,1.0,3.928442744252537e-34,5.299523543246105e-103,0.3980478148051189,3.991532452799143e-82,9.329479085892335e-55,7.178320572889473e-15,2.112594190240284e-13,9.637905553700087e-185,4.554524593357199e-18,0.0004492470710001238,1.519251898486598e-60,0.00012395321989312625,2.2532940761054893e-06,2.6532883058290807e-94,1.9434884273413176e-96,1.2955579967521473e-18,2.196934610640871e-27,3.117446474846741e-14,2.9400267905931513e-54,1.2298414932393254e-25,0.4321084800399658,2.49411865730194e-08,4.8386791674675124e-89,0.2443530407009827,1.0,2.781689092152605e-26,1.1753049291633017e-05,3.996550369557531e-57,7.39803699856718e-30,1.0,1.7113856538935901e-105,1.0266075787199394e-59,2.4200451752052108e-29,0.49152677361681435,1.0,2.46041101322901e-84,2.926064620254654e-25,1.0,2.6584436193023947e-21,6.604651935713067e-30,1.0,1.407641218330947e-13,7.91842914441969e-06,1.0,1.5386166847228958e-14,1.2763045348925301e-23,6.523174446290723e-11,1.0,8.971838729126539e-06,1.0,1.0,3.576820967345786e-20,1.0,0.00020964661119647108,1.3067712624316696e-49,2.9872746437366924e-27,2.2758702199621405e-204,0.0008254633007628982,2.362519764156262e-08,1.4447382034649678e-32,0.3199541416915418,0.2220657054994636,0.046351498306547376,5.043320027912588e-29,0.0264608516522306,1.0,0.20131397745799265,1.0,1.95301191476059e-10,2.5526701117411984e-69,8.420362068780242e-118,0.0017086216035663898,6.473292505342592e-22,4.290289612271639e-05,4.29186725925541e-05,8.995894673122527e-21,1.9549799458991602e-62,1.820673133864527e-26,1.0,0.0001850233155878831,1.5583858249407303e-15,1.981016892331425e-16,1.0954171105461452e-06,1.0,4.6493181624621876e-24,1.0718579239373786e-52,2.737883939583493e-44,1.895344316391936e-06,5.3008101483941924e-12,4.0435854976649245e-09,1.177067446879825e-08,9.250587469982837e-11,6.274108694114693e-25,1.0,2.1290510892988853e-06,1.4113352013692001e-05,3.70842967467487e-81,4.959742240661615e-47,0.00020572394137179643,1.8719156552525624e-33,2.1692905735162015e-11,5.56259943403154e-40,1.0,1.0,1.8920994857859739e-113,2.697636686393297e-25,6.383000117213037e-174,0.26755535129026314,1.6582858359874587e-14,1.0,5.46340048171029e-12,1.0,7.294181255990323e-31,1.970225449703225e-09,7.643045974475795e-19,1.0,0.2955548737541404,4.218843244374282e-10,1.0,3.8071274611131377e-06,1.0,5.953252112971672e-19,0.014163105197320289,7.931112832296809e-26,3.6371126146189623e-11,8.585398000946376e-70,4.504340874244107e-11,1.085939807919305e-12,2.8163842366889146e-07,6.200561516515527e-21,4.319533462131048e-12,0.0006559237542038365,7.1699557112061325e-99,5.221159355448391e-05,1.0210694804193208e-20,1.650799511582689e-06,1.0504050208368583e-14,0.07164407266804981,0.07696912037956016,1.0,1.3405760154296875e-32,3.1450663653088265e-11,1.864962259744599e-18,0.029012930905483604,1.0,1.0,4.455690301751932e-53,2.884193794206614e-12,3.246037722588997e-11,1.0,1.4023993400266227e-07,1.0,1.0,1.7953746016287727e-103,1.0,1.0,1.8472546340389692e-68,9.656370798478768e-43,1.0,6.718273714978629e-05,1.0,1.0,1.0,1.4379472735886875e-09,1.429419016764401e-30,2.134145730401006e-83,4.47865811516596e-53,6.188359608707376e-06,1.7874203905177083e-11,9.765950685542164e-42,1.118680548864239e-107,3.239208991859943e-06,2.541460922394591e-22,0.015420008234087276,1.0,1.0,1.172264585672133e-08,1.0,3.9793942156976e-06,5.057873927040014e-17,5.057714311897098e-10,1.0,8.771789510663413e-23,5.083112579487875e-17,1.0,7.66809826092004e-13,7.433523862992375e-12,2.0565076857201775e-20,0.5450573863725896,4.273028631677685e-09,7.582407304935475e-11,1.0182325340810606e-12,1.046282135419057e-39,1.6099490377767245e-26,8.768459230623781e-11,9.828990469937124e-58,4.452910025922333e-44,1.0,2.257754476701882e-12,7.37607286373617e-50,4.706010828394015e-38,1.0,5.312414998012736e-22,0.0008801389721748317,1.0
95,1.0,7.501002844620408e-21,1.4883515551501456e-05,1.0,1.12321949284612e-148,0.002800745723995156,1.555095293594209e-33,1.3480167923993906e-125,3.083757727795071e-12,4.502465144942325e-139,7.969894049806288e-79,2.432898680030632e-28,1.0,4.559965336063182e-09,6.933482790757823e-30,1.0,7.41927285459158e-09,1.0,6.1910224623325e-14,5.1953362340827144e-05,6.932348123284514e-23,1.3081191721503624e-06,1.0105298446504963e-93,1.770270788707259e-34,3.1096102308933546e-09,4.0631449306957644e-61,1.0,1.0,6.843936133369456e-75,0.0028064512064423686,1.2751701498633254e-16,1.0,3.599617773369516e-14,4.550969924221884e-22,0.0015147712144280001,1.0,5.6562695229812135e-37,2.9500024350041126e-162,1.0,1.0,4.4133507287287425e-14,8.99220968462401e-09,1.0,2.536495885430574e-07,1.0,1.8469816818073667e-51,2.6731038909162442e-77,1.0,1.8265579580155427e-59,1.838922049189368e-36,1.7845090241731367e-05,0.00017843007846627814,4.2950635316575525e-150,8.808411143998884e-08,1.0,1.700953630096355e-41,1.0,1.0,1.4932641039222775e-70,2.098281554363223e-72,2.2490118589204052e-08,5.5169226901614696e-15,2.753552541816962e-05,1.1555227893487032e-36,1.0626458498779336e-13,1.0,0.22829446547528492,1.938642335173276e-66,3.8681683057452653e-08,1.0,2.3771231807677117e-14,1.0,2.253337640437012e-39,3.612236273908147e-17,1.0,5.329246881569526e-81,1.0859566275375357e-41,6.31181172144328e-17,1.0,1.0,5.562963158466612e-63,7.641802317267188e-14,1.0,2.7529489936825815e-34,1.6013862934732054e-17,1.0,3.0974111765009545e-05,1.0,1.0,5.401433490269681e-06,7.078167246322232e-13,0.001666896883423974,7.463404945787297e-05,1.0,1.0,1.0,2.439075052714833e-10,1.0,1.0,3.1867215818658656e-34,6.01357896702495e-16,2.809601509493811e-172,1.0,0.06418379769567675,2.498172129931997e-20,1.0,1.0,1.0,1.506101274363711e-17,1.0,1.0,1.0,0.05029303107351317,0.0018781366841380705,1.3536113029976322e-51,1.7559233960149243e-94,1.0,4.086969974400936e-12,1.8688197921032516e-12,1.983255027985962e-12,2.4865381280619472e-11,5.2735971241590434e-46,7.326493189451046e-16,1.0,1.0,1.971695445942085e-07,9.094018049593196e-27,0.42969508063375345,1.0,3.9629937362617026e-14,4.45787694112646e-38,6.131962097906283e-31,0.5233295581063407,6.097637757715072e-05,0.007371728026928705,0.015327775203393438,1.8916204649558645e-19,5.12998752074756e-15,1.0,0.484359596944188,1.0,3.251427791147077e-63,1.6399441436321848e-33,1.0,3.572138924265063e-22,0.0001189842506301128,1.0739628290784166e-27,1.0,1.0,1.010431354707919e-92,1.1229285176579794e-15,3.8901167006568514e-148,1.820880337267441e-06,3.064986525742369e-07,1.0,2.473837549963123e-05,1.0,1.523456347411253e-20,0.0016787326571267337,9.076268255885037e-11,1.0,1.0,0.00048320558751052987,1.0,0.3347287661601034,1.0,6.181139587976743e-11,1.0,1.4707868294136026e-16,6.710152819681325e-05,1.5456212061539478e-54,7.511025712715426e-05,4.3539366661206435e-06,0.04143162937433894,9.910881371577422e-13,9.738338849257302e-06,1.0,5.2345980512226545e-81,1.0,1.357233307416964e-12,0.1289070362560102,7.459711840576294e-08,1.0,1.0,0.009809586701056265,1.2814621142167213e-22,3.43082481095824e-05,6.39489997897699e-11,1.0,1.0,1.0,1.7569089505142699e-40,4.555504946378772e-06,2.790352016283423e-05,1.0,4.6247024277309824e-14,1.0,0.0010173615641362527,6.264317662455604e-86,1.0,1.0,2.5353981728765634e-54,1.3115047356814608e-31,1.0,1.0,1.0,1.0,1.0,0.0004206096457236695,3.1499433365120187e-21,6.5344342506014656e-68,8.877963146127298e-41,7.466959637791475e-12,1.3531683658385384e-05,6.960507435406152e-31,3.942606014668343e-90,0.12258615250541614,2.2133201754178712e-14,2.2870128417787668e-07,1.0,1.0,0.0016411341141311323,1.0,0.11973371836000082,3.7701128242653897e-10,0.00013079596161077612,1.0,5.946814941299938e-15,3.3350470553540853e-10,1.0,6.861666691819461e-07,3.92610300994584e-06,4.2781763963433973e-13,1.0,2.1096983537373964e-15,2.191007045865048e-05,6.418241883003046e-07,7.999580824748633e-30,1.9381661020555942e-18,1.965697284735172e-05,5.730929455139522e-46,7.710003597403045e-34,1.0,8.360370688329992e-07,4.5965039297312013e-39,1.2295797346244134e-28,1.0,8.767033223267414e-15,1.0,1.0
96,2.0707110446865983e-06,1.0,0.6267781275660952,1.6572612682182644e-25,2.497746993768736e-53,0.032744832120234754,1.0,2.3581320386361653e-40,1.0,2.2824839101877193e-48,1.2776153102193348e-15,4.872238243404553e-103,1.0292447745820186e-38,1.0,1.0,2.771160811690896e-07,1.0,6.671850336433945e-29,1.0,1.0,1.0,1.0,4.797201248904693e-26,1.0,1.1536018416399088e-59,7.278058505405147e-10,2.6743210418216764e-30,9.916972236543768e-10,6.576899638607397e-17,1.0,1.0,4.249863718624441e-08,1.0,1.0,1.921727688085693e-43,0.00029611313445985355,0.2198453277918825,4.135936579945825e-72,6.713083174201732e-17,0.00020321097162092158,1.0,1.0,2.108467785404609e-28,1.0,1.0990225188939367e-11,2.5575324680576168e-129,1.9839608991658903e-20,1.6707402910835374e-08,1.80293135129177e-11,0.12298629359673624,1.0,1.0,5.710417992051876e-66,1.0,0.00021379581203906584,0.0008150856820380711,0.0009608460369247867,0.05815837930321789,4.3656228591439955e-18,4.3650172634453065e-19,1.0,1.0,1.0,0.021051802649914936,1.0,5.53096233593885e-07,1.0,1.3219192165627383e-16,2.0822195918986046e-49,4.738307396472313e-19,1.0,0.07655562399651439,0.0007251194274589166,1.0,3.4623828159778545e-16,4.400960810264071e-25,5.015515571214181e-05,1.0,4.381911644460859e-06,7.672468464350811e-08,9.215277023170435e-16,1.0,1.9229792710213827e-08,3.1149678368438534e-94,1.0,1.4309311854584088e-08,1.0,0.8561380425805161,3.311757656068283e-15,1.0,1.0,1.0,9.22585565494804e-39,1.0,3.576820967345786e-20,2.439075052714833e-10,1.0,3.8136561952108653e-28,0.3599359235533392,0.0034462389466322265,1.0,1.3071832405691227e-90,0.21085131355438114,1.0,1.0,0.0007178203426774757,0.0012350043555898922,0.008342643396323216,1.0,0.018279997884916067,8.555687979192759e-27,0.0026064115539909806,3.733248166864588e-30,1.0,2.47193377002445e-12,3.6949036207867955e-38,0.4687139449678043,1.0,4.681611761981884e-51,7.417004001626209e-51,1.0,5.548543627793648e-10,1.0,0.0006838722609553872,1.0,1.0,2.850395767999997e-74,1.0,6.268350279807222e-12,1.0,1.118353735634992e-06,0.0023059035602826967,1.0,1.0,1.0,1.0,5.4408765653968926e-61,1.0,0.0004688925249427692,1.0,1.0,3.902031412102156e-21,6.883991213717568e-05,1.0,1.0,1.0,0.017830382931225956,3.956461195983087e-06,6.414137259113719e-08,2.4018604367423433e-41,1.0,2.453898101903969e-81,2.5598020941290397e-35,1.0,8.637873357299818e-10,1.0,0.08585765588254927,1.0,1.0,1.0,0.2570693594390785,1.0,1.0,0.0001013496539386538,1.0,0.035965566002215704,1.0,1.0,1.0,1.0,1.8508430725317844e-18,1.0,1.0,1.0,1.0,1.0,1.0,1.8976952427492584e-36,1.0,1.0,1.0,1.0,1.0,1.0,1.2248837591053067e-24,0.0790482301710861,1.0,1.0,1.0,0.16564880980954294,0.05951943224614725,2.172095113997314e-11,1.0,1.0,0.06313853975772982,1.183602402507459e-44,0.0025241107662974803,6.180328726196959e-26,1.9085859204229714e-41,0.007573509632382598,0.00236806441543548,3.4066120904384985e-20,1.022303508600555e-06,1.6668654880362175e-13,1.0,1.7442041544508393e-05,1.9607996475069946e-05,4.265411993690862e-14,1.0,0.11566919029593604,1.9298747854920732e-29,4.2127220347817494e-12,2.788322019126889e-40,1.0,1.4182490947644098e-06,3.204651350493897e-45,1.0,1.0,4.207547303494254e-32,0.0009629985781454851,1.6127771468702655e-18,1.0,1.0,1.0,1.0,1.0,1.0,1.0,1.0,9.263697496694675e-06,1.0,1.0,1.0,1.0,5.090939943917472e-44,1.0,1.0,3.316930535502996e-07,0.25432573941402475,1.0,2.5857034257571423e-17,7.725916366101229e-10,2.259363311912324e-12,1.0,3.363457337060414e-13,5.383770705428196e-07,0.0010334251537898514,1.0,1.0,2.1771232883459094e-07
97,3.1883148539253395e-18,9.882868178548307e-53,1.4885187093365498e-27,0.17906409174511348,1.9555362950068148e-216,1.472599193688796e-22,4.10124120276125e-70,7.328755410750094e-188,3.125693754198405e-38,4.505000726875669e-204,1.151884231059152e-129,2.691321005403506e-06,1.0,2.511327700271743e-32,1.0942268729912742e-63,3.993514971157449e-12,1.3250991000986694e-31,1.0,1.359387655818487e-39,1.4163869913280892e-24,7.609227314396551e-53,5.672160759491939e-27,7.408965938026512e-145,1.4761455532729524e-68,1.0,1.376460132711561e-103,1.0,3.700135874466265e-07,1.763365001244658e-120,3.867313568146608e-20,6.488184342633644e-42,1.7486779146294886e-07,7.44473904181362e-38,1.5500138872625703e-49,1.0,8.702350377003357e-12,8.477831055645256e-70,3.902260910778772e-223,0.6328744708491386,8.156296587314096e-11,3.7462509357320127e-37,8.124398230458505e-29,1.0,2.015247777049319e-26,0.0015216199537310875,1.7283664140475e-23,1.0051095147507978e-120,1.237932077966951e-05,3.9135801884334866e-98,2.959679188117916e-68,6.107981694670908e-23,3.6195471437039505e-21,3.729851841697021e-207,1.1068706684386643e-26,1.5664923676578251e-09,1.934483317663064e-74,3.0999319934842633e-10,2.233635935637621e-12,7.750436973309703e-111,3.9448020399827764e-113,4.0180627398891736e-27,3.128525632792017e-37,6.66036719873651e-22,3.1681608816877505e-67,3.5225159907021e-35,2.327959686003544e-05,1.0815967181075058e-14,7.178417953814373e-105,1.0,1.0,8.937072346275532e-36,2.689082737668224e-11,3.992530679135825e-70,8.313544021081908e-40,1.0,2.3538456840735044e-122,7.503238844241718e-73,4.4312290334595415e-39,3.8932033872272215e-05,0.0013113742794078477,2.2790929826255973e-99,2.3808236748542997e-34,0.006621545445921029,1.3064068470783986e-13,1.3896821431537898e-39,0.013982669872798094,1.0999241652383533e-20,2.946386106618647e-11,1.0,9.510109114288587e-22,3.3614782698254e-32,2.3687067148980727e-17,1.0,4.467070192618134e-11,1.0,1.0,3.8136561952108653e-28,1.0,2.7568838528318906e-09,5.447804215603353e-61,4.0677679064843766e-36,4.017845526875753e-225,1.808287662406239e-08,4.4657665664322677e-14,5.540634451367783e-42,4.529844643008966e-05,2.8304751241221986e-05,3.6736855975757946e-06,6.007468446860728e-38,1.8409640813938833e-06,1.0,2.7832765009187824e-05,1.0,1.79530162027081e-16,5.211037040100594e-82,1.0176391106170062e-133,6.461174936517004e-08,9.820288863582769e-30,0.30457499183069314,0.2976534851972007,2.4769231210840794e-28,2.6630421510732077e-74,9.396206598785082e-35,0.0013296633210646185,5.440052107600284e-09,3.371982179445549e-22,2.4137310709584597e-10,1.0564105007889492e-11,1.0,7.155742554711817e-32,2.135611744540741e-63,3.2910631138695506e-54,2.5241379861223673e-11,6.101353939432329e-18,1.5531573708949174e-14,5.697276218898172e-14,7.958603897370296e-06,1.1104684009837877e-32,0.01723574549499299,3.495253764209052e-11,3.530842128280547e-10,8.219497945662867e-94,5.1756263745883e-57,1.0678679500231984e-08,5.005809437209096e-42,4.6580690998171054e-17,3.597192860266064e-49,1.0,1.0,1.1344139529187415e-127,8.992687385593598e-33,5.3306345935858896e-191,1.0,1.950210448109339e-20,1.0,1.620762126209002e-17,0.0025744249387808366,1.0077846062635866e-38,1.8587991390543733e-14,2.9406838515795444e-25,0.0017273818397336668,0.00018145757342199597,3.411632280083294e-15,1.0,1.7163279423376308e-10,0.022396613988344638,2.624390567883579e-25,4.242763210412125e-06,5.6077395055358584e-33,2.2598122930132473e-16,1.1531000539960278e-80,3.0420385686737545e-16,4.1422096594266e-18,1.0019166605336023e-11,2.3223989681590084e-27,2.610009065849273e-17,1.2196126751932866e-07,2.8639912782316135e-111,5.639707870468229e-09,4.4036282351846795e-27,9.486811049462607e-11,3.173982336823505e-20,4.5680353920390434e-05,5.0444786470483384e-05,1.0,4.005829518563249e-40,3.337676619541432e-16,2.116670088187157e-24,1.6346380348441116e-05,0.08713874905967563,0.26416140293075596,3.1872771394833257e-62,2.5373642583253555e-17,4.344418102744706e-16,0.3589233457023292,0.0006862299882776422,1.0,1.0,1.3057256480929002e-115,1.0,1.0,1.5607825335849118e-78,5.998476225828624e-51,1.0,1.2502691145179307e-08,1.0,1.0,1.0,4.17929393877128e-14,1.2519273355278029e-37,2.8160223467545407e-94,5.395462068792702e-62,0.012865367124942542,2.825255262328971e-16,9.598631210156048e-50,8.701063748229425e-120,3.787628534745439e-10,1.8474091606462238e-28,1.0,1.0,1.0,6.01874849709689e-13,0.04079184049348277,5.821931915355702e-10,1.9406324099238995e-22,1.7998452064862078e-14,0.0031116729834464642,8.214383648592839e-29,2.1866138336726356e-22,1.0,1.2588083602807986e-17,1.7558863411197542e-16,4.392592444286499e-26,0.0012531146385130628,2.1043106881324996e-05,2.756565411877382e-15,2.2828249483471823e-17,5.411938683019357e-47,1.2071449770050754e-32,4.027320918750815e-15,3.4377139099351856e-66,1.4470547496706907e-51,1.0,7.954058678941522e-17,1.0951542806558888e-57,5.275393393719159e-45,1.0,1.5646270157080006e-27,7.194376834743791e-07,1.0
98,1.0,0.00020668602944643014,1.0,0.0017231136032958825,1.1249442444466963e-99,1.0,1.549939827482554e-12,1.65586780811457e-81,1.0,2.0604111777821276e-92,4.392323496399038e-45,4.102326044632961e-54,4.576904988755427e-11,1.0,1.1016555439575195e-10,1.0,1.0,4.58046666878047e-06,0.21898850625898103,1.0,1.3808360169970338e-06,1.0,1.4976827715611615e-58,2.3941877655817488e-14,8.481177706583778e-26,1.4152359336431315e-33,1.534910687406255e-07,1.0,2.2375969267410943e-44,1.0,0.0020191006357554143,1.0,0.03912540614341468,7.443237443308737e-07,3.891319796696778e-16,1.0,5.125067423214522e-17,4.0812787918967635e-117,0.3826918434951434,1.0,0.029242058060275997,1.0,2.4578233704290495e-07,1.0,1.0,1.0506707306198416e-79,8.422060504870542e-48,1.0,4.472969490713366e-34,4.805405917204251e-17,1.0,1.0,4.864190756960022e-108,1.0,1.0,6.7731837296432435e-21,1.0,1.0,2.410591648194677e-43,8.307432487740961e-45,1.0,0.003336533056303353,1.0,8.638620071309876e-18,0.017290625529462225,1.0,1.0,1.3796334617804657e-40,5.8990660742522425e-22,0.005264878470833722,0.005347915183220079,1.0,4.4181275485439754e-20,9.276920679330105e-05,0.14078937501767744,1.9409775925874728e-52,6.151664793587303e-22,9.590633771709146e-05,1.0,1.0,1.5541494269569887e-38,0.006355180611717568,1.0,5.161673939399081e-56,2.9703371270682377e-05,1.0,1.0,1.0,0.18023843875415455,1.0,0.013810185405035617,1.0,4.592807950743632e-16,1.0,0.00020964661119647108,1.0,0.3599359235533392,2.7568838528318906e-09,1.0,1.9016374083299386e-17,0.0001058215064001567,2.4594255402611435e-132,1.0,1.0,1.0154909170865392e-07,1.0,1.0,1.0,6.432788348689234e-06,1.0,6.823612691182282e-09,1.0,4.286336514067338e-11,1.0,2.531406262171491e-31,1.803745407087939e-66,1.0,0.013710746364908809,5.366756411845409e-26,6.469460425987658e-26,0.03406581963986877,2.5317923954104607e-27,3.984850010439087e-05,1.0,1.0,1.0,4.033792071830534e-44,1.0,1.0,0.00037311480060299543,1.2159291210412021e-21,3.1688371214499874e-16,1.0,1.0,1.0,1.0,1.8481585625995615e-34,6.467820136952733e-05,1.0,1.0,1.0,4.523400374331496e-42,1.986764922862029e-18,1.0,4.3811026437099453e-10,1.0,3.343910411883051e-14,1.0,1.0,1.6370622510951443e-67,1.0619375635309595e-05,7.194372107039041e-116,1.9498116445752107e-16,1.0,1.0,1.0,1.0,2.00389204882102e-09,1.0,0.01152572112963181,1.0,1.0,1.0,1.0,1.0,1.0,0.007586524511237702,1.0,9.576757694996322e-07,1.0,1.6433823592982775e-36,1.0,1.0,1.0,0.00030827117046715514,1.0,1.0,2.9957930892002554e-59,1.0,0.00035134097812097517,1.0,0.42118245977586843,1.0,1.0,3.655324567570127e-10,1.3689527358601864e-11,1.0,0.003464164934141396,1.0,1.0,1.0,8.372969658701487e-26,1.0,1.0,1.0,3.173381060791101e-25,1.0,2.260296043316544e-11,2.2474586946855647e-64,1.0,1.0,1.904747185622656e-37,7.367796339371336e-19,0.0038877293042965454,1.0,1.0,1.0,0.0015410073568328454,1.0,7.016329607259903e-11,4.011684973606061e-49,2.2238453156866137e-26,3.5557815498589075e-22,1.0,1.9092350810102022e-18,1.8470883348690033e-68,1.0,6.8148994924271435e-06,3.5807198145401127e-16,1.0,1.2377373806867403e-06,1.0,1.0,1.0,0.005025462942683761,1.0,1.0,1.7131990491851133e-06,0.004097464905694231,1.0,0.6263394562636677,1.0,2.9382409520434254e-05,1.0,5.3197792417057e-26,1.0,0.46088687503578335,2.2280010074692285e-18,1.9144423097183996e-09,1.0,7.017773044476971e-32,7.8110446430371955e-22,0.003250210350599478,0.39118886809300996,2.9463015593644167e-26,1.035180183411207e-17,1.0,7.304458618888506e-07,1.0,1.0
99,5.386762578912263e-38,1.582199451600782e-08,3.510331066068908e-25,6.320412738214615e-70,4.934118924201307e-14,2.105485029461027e-27,0.5065017030139083,1.4385836754220831e-07,4.579218246695918e-14,1.0844861694474682e-11,1.0,4.491454437290783e-175,2.4555583548117386e-88,3.153634033212998e-16,0.2804523557099164,1.265287086419151e-36,1.2234926490418198e-15,2.2786359794170203e-72,6.806243338737778e-10,2.8491903189714656e-20,0.0014742955553472133,1.183396120337355e-16,0.038280444328187196,1.0,5.07963479620574e-114,1.0,2.4103943949429086e-72,2.6543466254321966e-39,1.0,1.4970517464671442e-19,4.5205526596753655e-05,2.237362382814275e-35,2.9959099828198953e-06,0.1060899829193696,1.5696341049299543e-89,5.884675226944623e-28,1.0,1.1030580945085102e-29,1.0622490081201212e-49,8.159214381457701e-28,1.8434031944832904e-05,5.702171615816889e-10,5.105585869435942e-67,1.5451926125579975e-11,1.0037359009774639e-40,2.5632355985222163e-198,0.9429995371114597,7.229472063421001e-35,1.0,1.0,5.375141912849327e-13,2.5933484159965732e-14,1.2289316727635945e-26,6.016567027485313e-10,6.337492995645529e-27,1.0,1.552671669480087e-25,1.5223247748637183e-21,1.0,1.0,2.7866236987457026e-08,0.004055817184222967,1.7053955107510833e-11,1.0,0.0009899433013794323,9.513952053219925e-31,2.3423777112043295e-17,1.0,1.6491343477473565e-93,2.470928829022504e-50,0.0077193885986819874,1.3658714632020875e-20,1.0,0.30918944655832964,1.0916929983024264e-45,0.0010405261109307405,1.0,0.5849392643937459,3.0630991212825775e-28,2.364140373883354e-31,1.0,0.027414715951075228,3.7635146699581756e-32,3.728624972186414e-149,1.0,3.928861592034897e-32,6.423442876918468e-09,2.3998380971528388e-17,8.954984358684845e-43,1.1665479751104298e-07,0.05980434413993143,3.624906188637299e-10,4.005409734088712e-76,3.5967101751974967e-16,1.3067712624316696e-49,3.1867215818658656e-34,0.0034462389466322265,5.447804215603353e-61,1.9016374083299386e-17,1.0,1.0,2.7046401646925884e-48,1.1177246971933159e-17,3.1151603428705214e-11,1.0,2.320894961770717e-22,7.01236444142231e-22,3.039934997028202e-20,1.0,1.701956590133502e-19,6.550954677848736e-58,5.2100876175897804e-21,1.5635336080955662e-62,2.815541984973615e-08,1.0,5.583182653825161e-13,2.492907731356538e-16,0.9096851055342715,8.656382909008502e-90,2.1121645954360153e-89,0.6876155167331903,1.0,1.0,2.8648502693857024e-21,3.384538781720095e-13,0.005339347440973115,3.510018137468102e-118,4.967764054759343e-10,1.982292919536892e-34,1.0,1.0,1.0,1.6252363230971826e-09,0.0001686690764048131,8.465251057358751e-07,3.827467386079465e-07,1.5702961816849957e-100,1.0,9.335497307493756e-21,7.151423796929433e-09,8.656024069015746e-10,0.0004760019346179235,1.0,8.817080967889894e-11,1.0,0.0005651466095811994,1.0,7.681088211799244e-24,8.834464716223098e-27,4.9943126853926e-17,1.0,5.8328391569680596e-46,1.78028171948852e-65,0.5844163548630164,5.084611636496801e-29,0.027073621305660683,1.8230954613173496e-15,1.0,0.0013159455103083399,1.0,2.73012842515002e-14,1.0158333003856182e-12,0.007411307851681653,2.6666971802193277e-20,5.749917963011e-06,9.215335043323988e-16,1.0,4.849266883306167e-10,1.0,0.0742171382628817,0.0014198918017834716,0.08310230145157464,0.7013979437345903,0.0004130572348470309,1.0,1.0,3.5506791883782473e-07,3.3378654792309225e-15,5.989976993568698e-06,1.0,0.00024822211497220627,1.0,2.009133293808196e-09,1.996503129275029e-09,1.7625803347447977e-48,1.0,1.0,1.0,2.3937091111121277e-08,1.520598155686487e-13,2.579286476309931e-14,1.0,1.0,1.0,3.8954840949607774e-14,7.310743106402103e-74,1.4579009869880878e-16,1.4666555166912728e-49,1.9396172201245546e-19,1.0614275658711186e-15,1.5809564566127263e-16,2.3631582322263293e-05,1.0,3.931759890658523e-32,0.00022378743314284945,5.976133368047628e-20,8.019300560428727e-20,6.708423730735429e-33,0.8529816253065874,1.0,2.1422634343866452e-11,0.7717691246765986,9.133767317499436e-68,1.0,1.0,1.5342054944567455e-22,0.007082732997519702,1.0,5.527081344344314e-57,9.847050201048115e-17,1.332721566288119e-38,0.7666636409215513,1.5222417132358523e-10,0.019630179540563827,1.0,1.0,1.927728126965059e-08,1.0,1.0,1.3604714083441495e-19,1.0,1.0,1.0,5.378529416883471e-07,9.707128733381985e-71,1.0,1.0,1.0,1.0,1.0,0.00011958880759231714,1.0,2.0499656135509643e-28,1.0,0.028143102915625422,1.0,2.4590923654028475e-15,1.0,0.0257472208931674,6.045656490909406e-21
100,4.0115088706858025e-13,1.0,9.608030058795446e-06,1.4135586605367041e-35,8.276549226409948e-38,2.232992737353624e-07,1.0,3.1488309234290052e-27,1.0,7.407486246734649e-34,1.0537785798568535e-07,3.2157596796681346e-119,4.083424609431955e-50,0.1581811414696883,1.0,1.0762551163060135e-13,0.23620498413161656,6.418026462270828e-39,1.0,0.0006220092608038317,1.0,0.037100712572186896,2.453421904220021e-16,1.0,2.506535934205341e-72,0.0007272537882972555,4.24799509267416e-40,2.3049014754360645e-16,2.9423355409258885e-09,0.0003972456134649096,1.0,3.305563734414757e-14,1.0,1.0,2.6209558894081216e-54,2.065063893226582e-09,1.0,4.129806624346857e-56,1.658083564059985e-24,1.5463330405132735e-09,1.0,1.0,1.663453953709409e-37,1.0,2.4366917877734147e-18,3.332493070955067e-145,1.86848569022358e-12,1.7873646819049234e-14,1.8317833990935483e-05,1.0,0.5106543982704834,0.09875174659354458,3.3271660318958145e-51,1.0,2.327196897193716e-09,1.0,1.624375126626699e-08,3.6834954651832877e-06,8.133252834233757e-11,1.277467473615212e-11,1.0,1.0,1.0,1.0,1.0,2.249426034095272e-12,0.0007852945450457751,9.204598456270761e-10,5.291818954516323e-60,1.874503408363324e-26,1.0,6.976975467870994e-06,1.0,1.0,3.873341910455329e-23,9.445658958907246e-17,0.5760191464641333,1.0,4.0838151175268286e-11,3.0572392545007463e-13,2.855425109479946e-09,1.0,6.472533917807702e-14,2.211426449966845e-107,1.0,5.0479703253201416e-14,1.0,0.00024991807858497426,9.604398305180358e-22,1.0,1.0,1.0,7.446949401483536e-48,0.000848775256057234,2.9872746437366924e-27,6.01357896702495e-16,1.0,4.0677679064843766e-36,0.0001058215064001567,1.0,1.0,3.160917242712569e-75,5.847230158413414e-05,0.3812193375703936,1.0,4.679856735387515e-08,9.33200177556743e-08,1.0425747426515696e-06,1.0,2.909166723170725e-06,2.188749147898955e-34,2.6416592431465066e-07,4.465078517745254e-38,1.0,5.350227373948721e-07,7.313565997648983e-29,0.0002135967081970811,1.0,1.3038065631189904e-60,2.268657935412006e-60,1.0,3.195378270318807e-05,1.0,7.174825387120393e-08,0.010529636327262712,1.0,4.063146902063721e-85,0.6982863859028333,2.464956892344416e-17,1.0,0.009574838045700322,1.0,1.0,1.0,1.0,1.0,8.001881107870254e-71,1.0,6.443060519746225e-08,1.0,0.5889154840523464,1.0261542690550267e-14,0.19416729063397448,0.13139504010127026,1.0,1.0,1.0,2.586902335410337e-10,2.012983319368428e-12,1.3930058852778904e-32,1.0,8.876833705940431e-69,7.13814572903367e-43,1.0,1.8953599337689584e-14,1.0,6.552902131564395e-05,1.0,1.0,1.0,0.00029121639092393104,0.002967946752047583,1.0,2.0938741873847304e-08,1.0,2.6572811787702664e-05,1.0,0.12113826843737331,1.0,1.0,6.17626513228543e-13,1.0,1.0,1.0,1.0,1.0,1.0,7.152291721482712e-29,1.0,1.0,1.0,1.0,0.16404510028564784,0.16086822770326867,1.1601714011290342e-30,1.0,1.0,1.0,0.6390127357975691,0.00027309234766675254,7.875308698631149e-05,3.5260577931314185e-07,1.0,1.0,8.986710827194744e-05,4.024947654947353e-52,1.8333111737834026e-06,6.197168304171315e-32,1.0867791515915143e-33,7.00877859588731e-06,1.763907932187958e-06,8.404955440306032e-15,0.002321611920622584,3.697455762628229e-18,1.0,5.5255275094572015e-09,6.476393121752957e-09,8.365256472784931e-19,1.0,1.0,5.098700400549437e-23,7.004906559980518e-08,2.532320066705674e-47,1.0,0.0027397470714898976,2.8286419738606265e-37,1.0,1.0,1.8068229444153562e-38,7.435941987300096e-07,1.3194584165994274e-23,1.0,0.012097370762075187,1.0,1.0,1.0,0.23932569275268412,1.0,1.0,3.856512019062032e-09,1.0,1.0,1.0,1.0,6.266897034628296e-51,1.0,1.0,0.0005000710423273909,1.0,1.0,9.080135320509275e-13,2.646992540129673e-06,1.9505789466884385e-16,1.0,3.149304619632515e-09,0.0006178951634543906,1.5278292521530498e-06,1.0,1.0,9.025262499991129e-11
101,1.4170529195205567e-254,1.6329410256988443e-164,1.9889321466129332e-216,0.0,1.8570454270018594e-26,7.843647428320591e-216,4.07037490620846e-126,2.959742288020007e-35,1.0173598334054045e-176,1.8832274953144515e-28,3.210497705839957e-66,0.0,0.0,2.22354125440316e-178,2.860683230669515e-121,1.709511360384404e-229,1.1488220627551826e-173,4.701500169841645e-306,2.2513067990008354e-153,2.234536564198485e-184,8.651790504521692e-128,3.8292189024734555e-170,6.151397746515686e-40,6.517744604589598e-100,0.0,1.150957944635881e-64,1.2837936105857655e-293,2.7797909518207625e-223,1.8938426217171045e-49,1.445725721978245e-170,2.3641700568704317e-124,1.2438050378507714e-207,1.2995527813417918e-126,4.265395051861162e-108,0.0,4.284636320986749e-189,1.459606676262575e-79,0.0004456222602736086,2.377908250049822e-235,2.0043827534221256e-185,4.1754495834211034e-120,1.745958022892562e-135,1.2598662917988997e-268,2.5500929736431584e-140,1.5483919445004083e-213,0.0,4.7147745963902164e-36,3.5932243753994904e-198,9.145153675958139e-49,4.157811538984039e-74,9.036658417737985e-142,2.6259467569869294e-145,0.00026842796528465967,1.7558786205061315e-131,2.892311699616284e-177,2.3725017187474497e-64,3.922697056302838e-173,1.0623742500672124e-160,1.1548134465171062e-34,2.2108913646086208e-33,3.184035726496443e-122,2.7616023601643654e-103,2.7528680187977677e-131,7.610376888829332e-65,6.831936605763945e-105,2.333032851575331e-179,2.7470280588306245e-146,4.210151916566291e-34,1.408520989318392e-301,4.827973960133973e-220,3.926052933384849e-99,4.241468434020192e-153,3.4398243506136984e-57,8.35821485289833e-92,2.507100667115328e-209,2.0676642855102548e-23,8.736361516437855e-53,1.5738838547037144e-88,1.3115858316117971e-167,1.144568601180639e-174,1.1340612994812806e-31,5.958223524977068e-93,7.173459295077786e-175,0.0,7.925446035308496e-84,2.805356572611405e-173,3.362973063150309e-114,2.5305546869332215e-137,5.8430749293498036e-195,8.474941802829186e-109,2.3159463909469613e-87,1.3473370949333304e-114,6.353039486974356e-255,4.4501016402899504e-131,2.2758702199621405e-204,2.809601509493811e-172,1.3071832405691227e-90,4.017845526875753e-225,2.4594255402611435e-132,2.7046401646925884e-48,3.160917242712569e-75,1.0,4.584888951284838e-131,2.8659118174757646e-113,1.0808439787143701e-64,1.6822760472842596e-141,4.326663845097663e-140,9.313348703058313e-136,4.052301203800801e-68,2.5097489054779745e-133,6.524597627086846e-213,3.2659386942548373e-136,5.988714371068342e-221,3.1775509323899713e-102,8.532797557848417e-27,9.289643463463512e-06,4.90749148603789e-123,1.0549203821435573e-74,8.180581467235197e-265,1.6197388998758724e-263,9.020006526571414e-74,6.439207226402241e-28,9.102850911870954e-64,3.297412467505231e-131,7.247787916346982e-111,4.137552710159564e-80,5.17724656556707e-306,1.748904222020779e-101,2.8633839172964843e-158,5.122428882620441e-63,2.8664088212581425e-30,5.758080510223945e-37,6.737053344970247e-98,1.0522439950542605e-82,6.1332770072934015e-90,9.584547739484898e-91,8.35881508978786e-273,2.463976112117034e-57,1.449919924235335e-124,3.614429825207829e-94,1.2264949234620672e-96,1.1459142409667873e-11,1.4089294928234607e-31,4.709050384265978e-98,4.4814390560573555e-43,7.003138705927749e-78,1.2728748470087598e-35,3.3714231164975546e-128,1.874465735203079e-134,1.0,3.9266747876548836e-49,1.0,1.1125055535614869e-204,4.075302816123909e-63,1.2508822726401673e-134,7.413988234159671e-68,2.4291886285228052e-104,2.102896065458155e-37,5.5581474598922585e-71,4.436354266581793e-52,1.2879099871586109e-99,1.4465961856985363e-95,1.3200521718482652e-67,6.489177571442598e-113,6.328712975198006e-77,3.0460859827908936e-102,5.472472032627332e-50,1.6473768461026886e-87,6.7828284976456045e-40,4.415081772352033e-63,1.9360292696767264e-08,1.520320907396097e-62,4.477966255447326e-59,6.824153314167473e-69,9.637662565196146e-43,9.18189185594747e-57,5.500068808677208e-77,1.0,1.533624668947598e-73,3.21625510337589e-42,2.9605836512260667e-68,1.330661506257132e-49,1.2423344019373986e-81,1.5921296532997525e-81,5.610101557050042e-161,9.703178439849339e-27,7.897953264996513e-55,5.580705456514359e-42,1.4407486113651043e-77,3.466934691133222e-90,9.883068861916279e-92,1.9720090214994676e-11,1.665894128782236e-50,1.081650073592572e-51,2.030125627475773e-90,2.1539609534116636e-200,8.543821677837217e-96,2.0898172910768075e-159,1.0,1.3484326760848137e-93,3.5199092611539573e-95,0.0004174634245531047,5.679630409766647e-16,1.682123723777398e-126,3.6133464410733384e-64,6.3979625822110896e-102,2.2976505978950334e-101,1.7270953655029596e-127,2.66824450423046e-52,3.1442028033402224e-24,1.0,2.1566982369859964e-09,8.769210313746304e-188,9.156692748034298e-48,2.907583668256395e-15,1.0,1.3250271702335922e-58,2.658196775820997e-31,1.4669822304487377e-168,1.0286206410325155e-92,3.0717206438445067e-135,9.287475897245955e-51,7.479605214520652e-78,1.2885150969092068e-55,1.325706046168144e-35,2.8016782955523347e-46,1.3231012877950297e-71,1.0811381847346809e-27,1.8303510237100672e-34,2.8341909905745532e-96,2.002475033236937e-39,2.031572314655219e-40,2.235220279531609e-28,8.940312411267447e-66,2.7566379892478107e-184,7.426012246775639e-41,1.812564999678888e-36,1.9665866664312095e-10,2.417323332560619e-19,2.5610023889723026e-38,0.045175625492961745,5.470858097823004e-07,7.976216088488038e-108,4.045918569186608e-33,0.00047441592617498225,2.757673120817091e-09,3.299816759271102e-81,4.5534748186528424e-21,6.115088328308492e-49,3.482733662015283e-92
102,1.0,0.00011271922284849529,1.0,0.010363545000194038,1.251184102313411e-97,1.0,1.0096353226038872e-12,4.7683094676661895e-80,1.0,1.2029588024816192e-90,1.3114010221567977e-44,1.7720171526472223e-50,8.364853327144919e-10,1.0,6.634063642263291e-11,1.0,1.0,3.668863312128845e-05,0.12058159161545026,1.0,7.620156103715763e-07,1.0,6.527456569699159e-58,1.5402046899277167e-14,7.55144307513897e-24,1.8181488920253907e-33,1.353997164143296e-06,1.0,4.4422494563052746e-44,1.0,0.0010984752453311504,1.0,0.021592108927730582,4.0751796787716246e-07,9.052118537382822e-15,1.0,3.3530724257304694e-17,2.2268633706292904e-115,1.0,1.0,0.016171852793098736,1.0,1.8236773805678211e-06,1.0,1.0,1.104697481570464e-75,1.5375736655669198e-47,1.0,4.7694051628044635e-34,3.077641034658529e-17,1.0,1.0,1.2214509214675967e-106,1.0,1.0,4.702018195242781e-21,1.0,1.0,3.2961054198089737e-43,1.196946075670972e-44,1.0,0.0018392843951334772,1.0,5.446807915634487e-18,0.009632878346317946,1.0,1.0,1.6168173198705337e-40,1.7611919182461162e-20,0.019527776420522433,0.002966541575598218,1.0,2.87368993122454e-20,5.0671755691969236e-05,0.4272601889593374,3.301437614122375e-52,4.130966843701803e-22,5.247914932520492e-05,1.0,1.0,1.583260621812505e-38,0.0035489465933064325,1.0,2.4299923242674245e-53,1.623350031673372e-05,1.0,1.0,1.0,0.5119219516834163,1.0,0.007809654138768321,1.0,5.972815724159831e-15,1.0,0.0008254633007628982,1.0,0.21085131355438114,1.808287662406239e-08,1.0,1.1177246971933159e-17,5.847230158413414e-05,4.584888951284838e-131,1.0,1.0,5.53733071783767e-08,1.0,1.0,1.0,3.5318649800892735e-06,1.0,3.994880937682861e-08,1.0,3.073931025184674e-10,1.0,1.836109797913586e-31,3.127559507324217e-66,1.0,0.007875522649243826,1.2679917394200764e-24,1.499029116529193e-24,0.019798468633539387,1.6613956943451526e-27,2.2147373667674253e-05,1.0,1.0,1.0,3.15986907347729e-42,1.0,1.0,0.00021069385972749638,7.181489777020099e-22,1.7740151830184576e-16,1.0,1.0,1.0,1.0,6.535623358569347e-33,3.6340795059177356e-05,1.0,1.0,1.0,3.6259600743652805e-42,1.1252009871743432e-18,1.0,2.3941829383385756e-10,1.0,1.8387496071307138e-14,1.0,1.0,2.0630588719454997e-67,5.966560652703186e-06,2.831924251701989e-115,1.5926975603868121e-15,1.0,1.0,1.0,1.0,1.1020191678518923e-09,1.0,0.0068650736358637325,1.0,1.0,1.0,1.0,1.0,1.0,0.004515464714684904,1.0,5.382940977379152e-07,1.0,1.0755138236572428e-36,1.0,1.0,1.0,0.00018004685102423508,1.0,1.0,2.6514353662315523e-59,1.0,0.0002057034419884014,1.0,0.2658670334558941,1.0,1.0,1.556875226347612e-09,7.526044553077131e-12,1.0,0.0020802482007781092,1.0,1.0,1.0,4.7654010389170965e-26,1.0,1.0,1.0,3.2674071444521128e-24,1.0,9.981503642029817e-11,1.9791868626700398e-64,1.0,1.0,1.185420648318329e-37,4.049245986723116e-19,0.009329797505767918,1.0,1.0,1.0,0.003804311285150376,1.0,3.887562667179133e-11,2.8108096987085488e-49,1.2591150953262735e-26,2.918905946691767e-21,1.0,1.0473469527226798e-18,1.6564927098305447e-68,1.0,3.955981656527578e-06,2.0252344423097157e-15,1.0,3.740693996780197e-06,1.0,1.0,1.0,0.003083422641233816,1.0,1.0,9.934709080923948e-07,0.002515916707876546,1.0,0.4086826010823436,1.0,1.7419029849837317e-05,1.0,4.538611251067969e-25,1.0,0.3016826269852878,1.2212991102646376e-18,1.0885410958714154e-09,1.0,3.970932892061196e-32,4.285148145146892e-22,0.007087158593586134,0.2579866693524122,1.627797178764358e-26,5.6877592791832784e-18,1.0,4.2971108719361344e-07,1.0,1.0
103,1.0,1.0,1.0,1.8613548687160887e-08,2.2330363339725844e-77,1.0,1.1411535803577877e-05,4.6595966929075115e-62,1.0,2.045384635376014e-71,1.6439527104048936e-31,1.0121997072343651e-64,1.724828028086539e-17,1.0,0.00017054213274099426,1.0,1.0,2.1755532110601328e-11,1.0,1.0,0.11595237431742252,1.0,1.0648454269861923e-43,1.8168379683498052e-07,9.293323432917698e-34,7.401157601048261e-23,5.968553990687166e-13,1.0,5.617424193805475e-32,1.0,1.0,1.0,1.0,0.04082464498138644,9.998804094145846e-23,1.0,6.56129704604864e-10,6.154426174573449e-96,8.125095177779976e-05,1.0,1.0,1.0,1.9379805709813564e-12,1.0,0.08652779790425977,1.1723953396993742e-90,1.3602981376759604e-35,1.0,4.810824063593714e-24,4.362142905150293e-10,1.0,1.0,1.602267408163363e-88,1.0,1.0,2.8300641316916465e-13,1.0,1.0,3.460083002791681e-32,1.9375358595183775e-33,1.0,1.0,1.0,6.328271900216327e-11,1.0,1.0,1.0,4.73068599887765e-30,9.572365511849862e-29,6.602450790823024e-07,1.0,1.0,6.457776915854328e-13,0.6129806659268947,4.3074914672049616e-05,2.2022832478688457e-40,1.6808316170256404e-14,0.5634585837831344,1.0,1.0,1.3315055834420223e-28,1.0,1.0,3.8086471792991675e-65,0.2154301442719181,1.0,1.0,1.0,8.175849932970973e-05,1.0,1.0,1.0,7.993677965756591e-22,1.0,2.362519764156262e-08,0.06418379769567675,1.0,4.4657665664322677e-14,1.0,3.1151603428705214e-11,0.3812193375703936,2.8659118174757646e-113,1.0,1.0,0.0017540206208227693,1.0,1.0,1.0,0.04034543625223487,1.0,1.7634737491491495e-13,1.0,5.41213090075565e-16,1.0,3.3422489572321863e-23,3.4852154165269705e-54,1.0,1.0,1.9714794224248025e-32,2.5125628831632177e-32,1.0,6.153530495027938e-20,0.1234476718863438,1.0,1.0,1.0,9.284024479000681e-52,1.0,0.0016881980666277596,0.585997180770869,2.7417636629984027e-15,1.0061482092876154e-10,1.0,1.0,1.0,1.0,2.6329565915208017e-41,0.13341958860023376,1.0,1.0,1.0,3.127424122986333e-33,1.102468756502887e-12,1.0,8.896314303805829e-06,1.0,3.360363284597613e-09,1.0,0.326410578554022,2.216777330741809e-56,0.024557859616279706,9.79387590871001e-101,1.8967241393998015e-21,1.0,0.013062316046275885,1.0,1.0,1.9231240667042094e-05,1.0,1.0,1.0,1.0,1.0,1.0,1.0,1.0,1.0,1.0,0.002482017047974272,1.0,4.9982205157791866e-29,1.0,1.0,1.0,0.2160351446952025,1.0,1.0,9.662427456615816e-50,1.0,0.2320885874792898,1.0,1.0,1.0,1.0,4.404096641862909e-14,1.690880276361348e-07,1.0,1.0,1.0,1.0,1.0,6.888032265133706e-20,1.0,1.0,1.0,1.6712654017123576e-30,1.0,2.4258679608573377e-15,7.358502321743955e-55,1.0,1.0,2.2175790120037582e-30,7.201247374192549e-14,6.537777446879208e-06,1.0,1.0,1.0,2.25816872059142e-06,1.0,4.88253630341459e-07,4.855489611397896e-41,1.5111462253002974e-20,4.000801383698258e-27,1.0,1.4077868390134782e-13,7.883408397355893e-59,1.0,0.006553023465952812,1.5199828359429298e-20,1.0,7.068214829188873e-10,1.0,1.0,1.0,1.0,1.0,1.0,0.0017807140324983303,0.9905817757023492,1.0,1.0,1.0,0.016731031361555175,1.0,5.590032139754909e-31,1.0,1.0,7.421016890922956e-14,4.264912037529227e-06,1.0,5.081323092255888e-26,5.271208277408193e-17,1.0090725324637847e-05,1.0,5.143337349541037e-21,2.1587365235701458e-13,1.0,0.000556897703139934,1.0,0.0396037938061293
104,1.51746610259143e-18,1.0,5.715364131298391e-10,6.286230171270189e-43,4.468229979739553e-28,8.69400762480444e-12,1.0,3.4351907996779977e-19,0.0035796627617550266,8.192801486757192e-25,0.002379512276804408,1.1955985128125214e-129,3.5128128780390604e-58,0.00010958924502103728,1.0,7.902331381018096e-19,0.00019796064540845943,3.441068611645202e-46,0.4876256938667976,1.525914469487109e-07,1.0,2.457107058973067e-05,1.518923963264404e-10,1.0,5.028316107745763e-81,1.0,3.312474964453635e-47,1.4108241931955153e-21,7.007286593411745e-05,1.3513627273878238e-07,1.0,4.603990767836155e-19,1.0,1.0,5.363024459366154e-62,1.159832188104609e-13,1.0,1.518425889813838e-45,2.8521085225892842e-30,9.56449387068999e-14,1.0,0.11448552586179556,3.675416833183337e-44,0.01222407110480406,1.65744595971225e-23,1.8594542136288448e-155,1.0252117250390908e-07,3.3336186442513205e-19,0.04170230433134119,1.0,0.0011083644336965213,0.00014862483042143602,1.7977847410143925e-41,0.08649990364431476,1.9491894753719914e-13,1.0,1.8229539759194144e-12,1.0052174436113e-09,1.6551306139421059e-06,3.5904673630399895e-07,0.6608211546469085,1.0,0.005994514507692134,1.0,1.0,1.0894969225039711e-16,5.965282336407063e-07,1.0171189762661149e-05,1.758684713937237e-67,5.009006342602577e-32,1.0,2.5898735312465708e-09,1.0,1.0,1.993854166028486e-28,1.2805667235614284e-11,1.0,1.0,3.616273566311365e-15,1.5676566485395e-17,2.0102258120088978e-05,1.0,3.0327233567627226e-18,2.9823941447331437e-116,1.0,2.480782841968559e-18,0.11891905683487927,2.2181161364996634e-07,9.738435174011546e-27,0.6517202192700852,1.0,0.013771735929236893,2.0814705003106477e-54,1.0504478652908938e-06,1.4447382034649678e-32,2.498172129931997e-20,1.0,5.540634451367783e-42,1.0154909170865392e-07,1.0,1.0,1.0808439787143701e-64,5.53733071783767e-08,0.0017540206208227693,1.0,1.719210841796995e-11,3.792112945992928e-11,5.941517811205078e-10,1.0,1.9624440859232572e-09,5.39593871731459e-40,1.3344538820217896e-10,6.901414420866978e-44,0.12902371832745282,0.0007817958400097161,8.130632078821438e-23,3.0079697466945914e-07,1.0,2.1089834890690255e-67,3.896445433619244e-67,1.0,0.01954376101610187,1.0,3.989077866235285e-11,3.326510822020372e-05,1.0,1.1772612244681006e-92,0.004994318219311941,1.6186402014736493e-21,1.0,1.0,1.0,0.009070930687754905,1.0,0.5940034405435579,0.34620505791111855,9.366108683463156e-78,1.0,4.599460474455087e-11,0.020647943634821093,0.004783879933241472,1.1489352818177939e-10,1.0,0.0008451658646419939,1.0,1.0,1.0,1.1738107310545074e-13,5.62263503672634e-16,9.028186828088662e-27,1.0,4.0484349825477773e-60,2.2078677813064236e-48,1.0,4.402212712456069e-18,1.0,1.6458054693313443e-07,1.0,1.0,1.0,9.823037374403523e-07,1.4129716669241408e-05,1.0,2.2501008791649522e-11,0.8175321107083999,6.783768381402312e-08,1.0,0.0011020741034028522,1.0,1.0,1.9758428401534957e-09,1.0,1.0,1.0,1.0,1.0,0.08747508629239716,7.769779816472597e-24,0.6144040503512412,1.0,1.0,1.0,0.0018937191922657505,0.0018604199373729294,3.825186711617918e-35,1.0,1.0,1.0,0.009838996089337559,1.3244489031391601e-06,3.2970292590904276e-07,0.00014331669925130952,1.0,1.0,4.0040018817952255e-07,1.6118646011686223e-57,5.1692416042103765e-09,2.185804941393683e-36,1.7904817586008472e-28,2.3392665333646326e-08,5.095604574261961e-09,2.5426775898088883e-11,0.23699841457174348,1.0111052646548246e-21,1.0,9.011387239838174e-12,1.0903389799319322e-11,2.118221109638308e-22,1.0,1.0,8.980163454326923e-19,3.0533496481117205e-05,1.932399257314729e-52,1.0,0.25613725383938113,6.793611930051405e-32,1.0,1.0,3.786561525350066e-43,2.2871783431254986e-09,1.9250986567184214e-27,1.0,0.00012695474630957523,1.0,1.0,1.0,0.004128425946226432,1.0,1.0,8.043628181357775e-12,1.0,1.0,1.0,0.03703247926191875,6.167911950479715e-56,1.0,1.0,0.04452160225579122,1.0,1.0,8.091570494326643e-10,0.00043816845472223595,1.499552868408852e-19,1.0,1.0962488020559103e-06,0.04735874728812065,8.186337037428256e-09,1.0,1.0,2.0387342666444075e-13
105,1.0,8.021827377802135e-09,1.0,1.0,1.9384327094410404e-109,1.0,3.785849125688553e-18,6.778858795950536e-91,0.0021392361982268916,5.103096325267307e-102,3.339549197102978e-53,3.1157898933852197e-40,3.079552469247367e-05,0.14600176392099687,6.575172196748704e-16,1.0,0.16519127482445595,0.11121937205331309,8.001973088002735e-05,1.0,4.3137042152878207e-11,1.0,5.947466946911281e-67,7.380571675194269e-20,2.5439853003691074e-17,1.0546051982539057e-40,0.006261782747560746,1.0,4.625553615116115e-52,1.0,3.8857798313382643e-07,1.0,1.5900795153365698e-05,3.7177514564948804e-11,8.922174895048818e-10,1.0,1.4622123788542626e-22,1.11045386426148e-126,1.0,1.0,1.2924399179332982e-05,0.04958598344153938,0.005370654967787689,0.42155804869842234,1.0,1.902408892021313e-64,2.280870813435223e-55,1.0,7.29984818647903e-41,1.7367237800659358e-22,1.0,1.0,2.4034367117956524e-117,0.1668586858402181,1.0,1.2219931955327958e-26,1.0,1.0,1.6014325506835573e-50,4.649965963421042e-52,0.05196205429558542,1.3180993441266002e-06,1.0,3.8494815757408785e-23,9.9912324246556e-06,1.0,1.0,1.616439175437257e-47,4.327241481939941e-15,1.0,2.691121847900883e-06,1.0,1.4755760665381692e-25,2.2369486455806573e-08,1.0,6.733477882329778e-60,1.5527596343989264e-27,2.5994791955392306e-08,1.0,1.0,3.312498183338613e-45,4.0246038451483915e-06,1.0,7.214067947280332e-45,7.328186606761969e-09,1.0,1.0,1.0,1.0,0.8762750690168968,1.2638586710847276e-05,1.0,1.4058367779716131e-10,1.0,0.3199541416915418,1.0,0.0007178203426774757,4.529844643008966e-05,1.0,2.320894961770717e-22,4.679856735387515e-08,1.6822760472842596e-141,1.0,1.0,1.719210841796995e-11,1.0,1.0,1.0,2.0891510852430275e-09,1.0,7.062759042757857e-05,1.0,1.1080233569807482e-06,1.0,3.842887637648661e-37,6.393767729811158e-74,1.0,1.8850662596032584e-05,2.043574485727312e-19,2.293324024546609e-19,6.050546275592208e-05,8.945976469614504e-33,2.2323893409399774e-08,1.0,1.0,0.03355205223261027,1.47079343266719e-35,1.0,1.0,3.442565928206674e-07,1.5227345412163972e-26,1.1555735023224792e-20,1.0,1.0,1.0,1.0,3.6338412272360374e-27,5.224636408869829e-08,1.0,1.0,1.0,3.7560109827513304e-48,5.527195788832505e-23,1.0,8.535954830954297e-14,1.0,2.523619547853915e-18,1.0,1.0,1.7148906973860325e-74,8.691645212579462e-09,4.1792618974016675e-124,1.05589463224319e-11,0.019012402663399607,1.0,0.4446783388615734,1.0,6.936630251976434e-13,1.0,3.486920835134935e-05,1.0,1.0,1.0,1.0,1.0,1.0,2.2786061593700628e-05,1.0,8.06165410452999e-10,0.6884172760372896,6.684823349404791e-42,0.7234394459998092,0.09163541085657217,1.0,6.56826510746789e-07,0.13977979820037476,1.0,1.5259386215262686e-65,1.0,7.877009301240149e-07,1.0,0.0032595001175107245,1.0,1.0,1.1072879201905015e-06,4.553803484060567e-15,0.295789039798545,1.2479875760334995e-05,1.0,1.0,1.0,2.4046288908138262e-30,0.059347627904121576,0.21857420498407434,1.0,5.3533838216069405e-20,1.0,8.348280032230551e-08,1.2035744839246269e-70,1.0,1.0,1.3843904218582997e-42,7.277917899422019e-23,0.6585686695039258,1.0,1.0,1.0,0.3049308283665536,1.0,3.575037751500862e-14,9.466977313893134e-55,7.373472108396287e-31,2.2867996606737393e-17,0.10743706729754378,2.278684956649491e-22,9.083180369404747e-75,1.0,1.317205332253049e-08,4.341561714322074e-12,1.0,0.0007212666610816282,1.0,1.0,1.0,2.6444625154898747e-05,0.47020621985192484,1.0,3.270127126446639e-09,2.190026940969096e-05,1.0,0.007926244600318025,0.02910957558956449,8.738716649293203e-08,1.0,4.288010850735921e-21,0.10013493382602644,0.006144826479567121,4.774416367707783e-22,2.330597162045816e-12,0.07928784120929676,2.5430740503213017e-36,1.1174183899546842e-25,0.35283172332783735,0.005819206170716147,2.434216822746066e-30,3.0781828096264384e-21,1.0,1.9144701506492933e-09,1.0,1.0
106,1.0,2.173333791612359e-08,1.0,1.0,1.0551003941398997e-107,1.0,1.4711934124456192e-17,2.2146851844748396e-89,0.004271704278945424,2.1866753982764726e-100,3.939006063022948e-52,1.142688235911943e-40,1.716149858031342e-05,0.2580054975533086,2.2436620869459837e-15,1.0,0.2888470142968326,0.07008624688955033,0.00016708956553510433,1.0,1.1863906505556742e-10,1.0,8.358015455454005e-66,2.748664098176376e-19,1.1694667062203028e-17,7.346934936043376e-40,0.0038435195189076496,1.0,4.2373844555232403e-51,1.0,8.620306390205249e-07,1.0,3.254431720910923e-05,9.591242790840133e-11,4.711487294869038e-10,1.0,5.471622134369668e-22,4.5039685431668597e-125,1.0,1.0,2.616222424889288e-05,0.08449682376975362,0.0033604485108045764,0.6825864169939566,1.0,6.699705114365927e-65,1.956170669604055e-54,1.0,4.3449240726432415e-40,6.26710022509315e-22,1.0,1.0,7.15973553492904e-116,0.27335369341183136,1.0,4.873196770272125e-26,1.0,1.0,1.1315998524997015e-49,3.402930501987239e-51,0.08639746227594626,2.6852509485036004e-06,1.0,1.343759711656116e-22,1.9565030966759552e-05,1.0,1.0,1.0198791413347792e-46,2.184079850796793e-15,1.0,5.3364450402653875e-06,1.0,5.355318471463444e-25,4.788564469336501e-08,1.0,5.4421411946016505e-59,5.8636246481872975e-27,5.487913628745103e-08,1.0,1.0,1.86572474023419e-44,7.77549991502805e-06,1.0,2.8645758831219884e-45,1.5605908871104424e-08,1.0,1.0,1.0,1.0,1.0,2.3468782759784205e-05,1.0,7.848093651647734e-11,1.0,0.2220657054994636,1.0,0.0012350043555898922,2.8304751241221986e-05,1.0,7.01236444142231e-22,9.33200177556743e-08,4.326663845097663e-140,1.0,1.0,3.792112945992928e-11,1.0,1.0,1.0,4.295032457484925e-09,1.0,4.4880865849765635e-05,1.0,6.776676456824097e-07,1.0,1.5527865302779424e-36,5.107428963720844e-73,1.0,3.346122252852581e-05,1.0422808397694634e-19,1.172084683988589e-19,0.00010469465928700061,3.1860220840122403e-32,4.3252976201631994e-08,1.0,1.0,0.05183522280940225,6.582946728058247e-36,1.0,1.0,6.334857468871225e-07,4.5542645828913615e-26,3.022415372545438e-20,1.0,1.0,1.0,1.0,1.7576469917531967e-27,9.72591683748012e-08,1.0,1.0,1.0,1.659630864547687e-47,1.4920872375337184e-22,1.0,1.8393102191526512e-13,1.0,6.043615366553401e-18,1.0,1.0,1.089895415510083e-73,1.611179137219708e-08,5.179618393120415e-123,6.219509892889549e-12,0.02854635677484672,1.0,0.6328591180886934,1.0,1.4009319153271937e-12,1.0,5.6900135782000546e-05,1.0,1.0,1.0,1.0,1.0,1.0,3.7181476092027884e-05,1.0,1.4851994750036514e-09,0.9609691066921803,2.312927344130392e-41,1.0,0.13205354176200162,1.0,1.1047825025936126e-06,0.19864969177630745,1.0,7.260520479804034e-65,1.0,1.3181800773800003e-06,1.0,0.004872624834284603,1.0,1.0,7.32385984004012e-07,9.198874106436003e-15,0.41231484841437904,1.9962395988510072e-05,1.0,1.0,1.0,6.410679969868562e-30,0.08438037635036422,0.3041529596388306,1.0,3.0012003499581134e-20,1.0,5.465773680195764e-08,5.6673365630078464e-70,1.0,1.0,4.403741890592019e-42,1.6757004278681976e-22,0.49968896208767993,1.0,1.0,1.0,0.2294808213130708,1.0,6.895706975848962e-14,3.529250160560092e-54,1.9289353543458664e-30,1.3284593132802816e-17,0.14999108797424393,5.1320869357755945e-22,4.334631178757099e-74,1.0,2.2273335705394246e-08,2.696496307626746e-12,1.0,0.0005137147044128557,1.0,1.0,1.0,4.074724852305171e-05,0.6362878265998493,1.0,5.52893565563561e-09,3.36832645432243e-05,1.0,0.011303432841151694,0.040735568979941975,1.4163746269957046e-07,1.0,2.4629054414405453e-21,0.1373414168177304,0.00871435252765689,1.0047535534714268e-21,4.1051423150934295e-12,0.10838556044648193,6.553335984328092e-36,2.4557991280371796e-25,0.27268749373278933,0.008164906644881459,5.688920132832856e-30,6.247168419051344e-21,1.0,3.131805344004834e-09,1.0,1.0
107,1.0,6.201628159788292e-07,1.0,1.0,1.4766277824407897e-102,1.0,1.3102119696297407e-15,8.172514882046886e-85,0.04536778613164804,1.6500719063146268e-95,9.074472874819949e-49,5.856967854979037e-43,1.250136339465491e-06,1.0,1.3486048711119106e-13,1.0,1.0,0.009214270279327861,0.002080198814275094,1.0,3.629264346196084e-09,1.0,3.2124238315753626e-62,2.191066709936255e-17,3.0555830552708717e-19,3.8410668917053185e-37,0.00044968686003771035,1.0,4.9054973035852933e-48,1.0,1.3285005377293397e-05,1.0,0.0003849757424126082,2.4249399973490827e-09,2.6459570656195916e-11,1.0,4.4911276905845506e-20,3.1020490596155866e-120,1.0,1.0,0.0002995101926747379,0.5400897818273948,0.0004327552912801067,1.0,1.0,2.2257965628901657e-67,1.906733407354767e-51,1.0,1.4607284774152164e-37,4.622073453608546e-20,1.0,1.0,2.197211006434505e-111,1.0,1.0,4.910608506333631e-24,1.0,1.0,6.347790098347494e-47,2.1144496829566565e-48,0.5114276765360315,3.168892110879736e-05,1.0,9.011443387086826e-21,0.00020241426827913251,1.0,1.0,4.123126879393825e-44,9.747174319507267e-17,0.8873833621411646,5.7739823751854906e-05,1.0,4.071132624650133e-23,6.693301604244154e-07,1.0,4.546355451948892e-56,5.050723364937267e-25,7.343609358791511e-07,1.0,1.0,5.424579080529611e-42,7.742836257013505e-05,1.0,2.896806506281997e-47,2.1545503503120937e-07,1.0,1.0,1.0,1.0,1.0,0.00020537657725189524,1.0,5.924185638117782e-12,1.0,0.046351498306547376,1.0,0.008342643396323216,3.6736855975757946e-06,1.0,3.039934997028202e-20,1.0425747426515696e-06,9.313348703058313e-136,1.0,1.0,5.941517811205078e-10,1.0,1.0,1.0,5.330237359323007e-08,1.0,6.314876737396548e-06,1.0,7.980958220469524e-08,1.0,1.6808576518608765e-34,4.2305224005984086e-70,1.0,0.000253371148786735,4.968947084450666e-21,5.650906837692047e-21,0.0007274975166226142,2.3408590269599272e-30,4.4208084438407485e-07,1.0,1.0,0.24349104661606427,1.4962207314259153e-37,1.0,1.0,5.450883870153821e-06,1.939103802826083e-24,8.367545951045203e-19,1.0,1.0,1.0,1.0,6.292488680106744e-29,8.728399509535687e-07,1.0,1.0,1.0,2.392827741474491e-45,4.588096568306179e-21,1.0,2.706268877477718e-12,1.0,1.2612010709583234e-16,1.0,1.0,4.707941235502218e-71,1.4324191392963344e-07,1.5371106602793966e-119,6.17848506733306e-13,0.1224756951067187,1.0,1.0,1.0,1.6704228725163344e-11,1.0,0.0003274786192490226,1.0,1.0,1.0,1.0,1.0,1.0,0.0002142107910139241,1.0,1.300419167813424e-08,1.0,1.584331600064009e-39,1.0,0.4917561414359816,1.0,7.090541281909189e-06,0.7052036192445149,1.0,1.3329765600607549e-62,1.0,8.31638959724184e-06,1.0,0.020729611709899214,1.0,1.0,1.2562327286911935e-07,1.1053863717490191e-13,1.0,0.00010785095456315516,1.0,1.0,1.0,1.9262788564624703e-28,0.3009375081191508,1.0,1.0,2.3567082062371266e-21,1.0,8.965068867623618e-09,1.0135873005103826e-67,1.0,1.0,2.3333887983744403e-40,3.122978465975713e-21,0.15691682695301207,1.0,1.0,1.0,0.06960251644889649,1.0,7.114904367754887e-13,3.0816877391120124e-52,5.466058025771465e-29,1.2437459549181406e-18,0.5022044937934651,8.904402501067547e-21,8.094340613710586e-72,1.0,1.4653972282164267e-07,3.4733652782025794e-13,1.0,0.0001229265667939757,1.0,1.0,1.0,0.00019407027570296354,1.0,1.0,3.6438897423217805e-08,0.00015950580100095903,1.0,0.04096784740275384,0.138035028445036,8.07039869574069e-07,1.0,2.187935430752741e-22,0.43329029810398223,0.0310159303806367,1.3998786424418937e-20,3.127745810231905e-11,0.33831828470886904,1.7835109798649806e-34,3.960187918338454e-24,0.09314644717748649,0.028030675585439375,1.1253722240458676e-28,7.724155266065268e-20,1.0,1.850393010591945e-08,1.0,1.0
108,6.6849073262031695e-15,1.0,2.7421032307854507e-07,2.221666826392478e-37,2.882465090578527e-31,5.724293883431735e-09,1.0,5.604472680005324e-22,0.19797648517685995,7.554832550411094e-28,4.809186645815108e-05,3.312986411371243e-119,9.069296711277393e-52,0.009115063174585424,1.0,1.9674609950053864e-15,0.014450142150845112,9.941518397488438e-41,1.0,2.574474886612379e-05,1.0,0.0020843026952520978,1.0157707143974952e-12,1.0,9.730590616375707e-74,0.057709526789634175,6.353058969127728e-42,4.074943911416899e-18,1.3328968895101593e-06,1.7932379423116275e-05,1.0,6.709777017884765e-16,1.0,1.0,4.827746940945056e-56,5.6649703324483796e-11,1.0,5.996405322444164e-49,2.5020527113794552e-26,4.3331304902595894e-11,1.0,1.0,2.343808195295186e-39,0.3603603004770794,4.35972832214405e-20,2.2509496053446987e-145,1.4320989284055577e-09,3.823825183264397e-16,0.001782068102656427,1.0,0.04222241306821936,0.0071704600259123626,1.0598225755107949e-44,1.0,7.00697071178964e-11,1.0,5.276832538979156e-10,1.533719365277998e-07,3.1890235503359495e-08,6.192453626107475e-09,1.0,1.0,0.16613938188995245,1.0,1.0,5.890745483435761e-14,4.486253188638502e-05,2.4050407465210523e-07,9.021619264822816e-62,2.949898019280948e-28,1.0,3.1714285293856313e-07,1.0,1.0,6.618317788716955e-25,1.2936520377694706e-13,1.0,1.0,1.2356134209431987e-12,8.083207075871036e-15,5.515912205896764e-07,1.0,1.6737779982236914e-15,1.1070139769304953e-108,1.0,1.3187557023390577e-15,1.0,1.488609791438027e-05,1.819342246584516e-23,1.0,1.0,0.2736519557457941,1.0510903240537664e-49,5.634259285486053e-05,5.043320027912588e-29,1.506101274363711e-17,1.0,6.007468446860728e-38,6.432788348689234e-06,1.0,1.0,4.052301203800801e-68,3.5318649800892735e-06,0.04034543625223487,1.0,2.0891510852430275e-09,4.295032457484925e-09,5.330237359323007e-08,1.0,1.5687832463985858e-07,3.40386628896671e-36,1.298461934220167e-08,6.655375170493997e-40,1.0,3.717687438221513e-05,4.08877195843286e-25,1.4682197154189258e-05,1.0,1.885354269077142e-62,3.2703102134958414e-62,1.0,0.00129137022094972,1.0,3.6152455055881763e-09,0.000959791434519083,1.0,7.253483893446774e-87,0.08652229344039217,6.8159897949128365e-19,1.0,0.18023207703857622,1.0,0.14128625967916994,1.0,1.0,1.0,1.1869738339484003e-72,1.0,3.4978796831858606e-09,0.28377425210864055,0.07625375009717908,2.5352232364804785e-12,1.0,0.01551634127467258,1.0,1.0,1.0,1.213584449206335e-11,8.16163558227332e-14,5.18402647794495e-29,1.0,3.8530982921853614e-63,1.1338936032641775e-44,1.0,7.259584698293485e-16,1.0,5.418973989793151e-06,1.0,1.0,1.0,2.674382319941755e-05,0.00030969369000731907,1.0,1.2868174845262325e-09,1.0,2.203483139525823e-06,1.0,0.016187779912539623,1.0,1.0,6.705881867046503e-11,1.0,1.0,1.0,1.0,1.0,0.8029238369662081,7.693052734583997e-26,1.0,1.0,1.0,1.0,0.023952772326067264,0.02350237174585607,2.706369505698484e-32,1.0,1.0,1.0,0.10457800592769247,2.844530566269905e-05,7.761750586870983e-06,1.0621970078652624e-05,1.0,1.0,9.055731040510096e-06,6.570003648154803e-54,1.5613921436435305e-07,1.4644625782073197e-33,1.5337027693645896e-30,6.344601885228346e-07,1.5146240903943355e-07,8.677530102841216e-13,0.03081594938843988,1.4686547830058199e-19,1.0,3.8735636036674114e-10,4.589056931545559e-10,3.248715305940805e-20,1.0,1.0,1.6224986527922372e-20,2.189951482814234e-06,4.5105590289612785e-49,1.0,0.0344668356708616,5.135051866795525e-34,1.0,1.0,3.8315448524911705e-40,6.511428826055642e-08,4.388563274471924e-25,1.0,0.0016865309349809313,1.0,1.0,1.0,0.040681123194534,1.0,1.0,2.9314110193725924e-10,1.0,1.0,1.0,0.2889747248493752,1.159182781152717e-52,1.0,1.0,0.006041244760820816,1.0,1.0,4.3107279299550715e-11,4.577177126460968e-05,1.053612708048235e-17,1.0,8.44860382511429e-08,0.006816726180906512,1.6281631649549098e-07,1.0,1.0,7.009252640784387e-12
109,1.0,2.6593108085089337e-06,1.0,0.6629218742655515,1.3600568062717327e-99,1.0,1.0387866954471173e-14,2.932367170786545e-82,0.11946970406657174,9.810243908262902e-93,5.072247656995376e-47,2.014142407680307e-43,5.416356223855284e-07,1.0,8.672934924307659e-13,1.0,1.0,0.0045893037547701165,0.005951893624772504,1.0,1.635918780824546e-08,1.0,2.5484606880336003e-60,1.656835515851788e-16,1.1153560737730694e-19,8.663128899239168e-36,0.00021790924983593082,1.0,1.81215634879223e-46,1.0,4.256550621687805e-05,1.0,0.0010845619546492988,9.999922401653647e-09,1.0917929543970503e-11,1.0,3.486325136112376e-19,1.8132002959947605e-117,1.0,1.0,0.0008325049574214546,1.0,0.00021533114625393523,1.0,1.0,7.978213632515746e-68,6.410778895801413e-50,1.0,2.566650041967399e-36,3.394723092084595e-19,1.0,1.0,7.319345475356149e-109,1.0,1.0,4.301095455370568e-23,1.0,1.0,1.5278520291595948e-45,5.418248050145879e-47,1.0,8.988772695126805e-05,1.0,6.316588741531793e-20,0.0005388755849134727,1.0,1.0,8.166008595314252e-43,3.8653231268065e-17,0.5206025912440256,0.0001573409912300514,1.0,3.0670504267279654e-22,2.0690338544350224e-06,1.0,1.4071346222438025e-54,4.084052735964892e-24,2.225077450907005e-06,1.0,1.0,8.865631046748675e-41,0.0002032453629165981,1.0,9.8593600387848e-48,6.639609237192317e-07,1.0,1.0,1.0,1.0,1.0,0.0005081287060105975,1.0,2.6086030262091165e-12,1.0,0.0264608516522306,1.0,0.018279997884916067,1.8409640813938833e-06,1.0,1.701956590133502e-19,2.909166723170725e-06,2.5097489054779745e-133,1.0,1.0,1.9624440859232572e-09,1.0,1.0,1.0,1.5687832463985858e-07,1.0,3.235263004515012e-06,1.0,3.905849426329407e-08,1.0,1.5671706470002015e-33,1.3287042024828163e-68,1.0,0.0005882751953083215,1.9994710768542743e-21,2.2786598351526965e-21,0.0016235712644005694,1.7605225452195907e-29,1.1869437734307248e-06,1.0,1.0,0.45396591910544876,5.398692293501537e-38,1.0,1.0,1.3490112464536529e-05,1.0856257331903458e-23,3.7278733889629194e-18,1.0,1.0,1.0,1.0,2.4148223659190152e-29,2.207918942678582e-06,1.0,1.0,1.0,2.6522507412109686e-44,2.163983238296637e-20,1.0,8.741635686177382e-12,1.0,4.866754152542892e-16,1.0,1.0,1.0043141759524904e-69,3.617922142476926e-07,1.1118686295666571e-117,2.908734115442633e-13,0.22038921859539579,1.0,1.0,1.0,4.87930334632885e-11,1.0,0.0006748759584103755,1.0,1.0,1.0,1.0,1.0,1.0,0.0004419541087281594,1.0,3.271880280229018e-08,1.0,1.1623971983134997e-38,1.0,0.8322804008341407,1.0,1.5409892593177913e-05,1.0,1.0,1.7207411984175945e-61,1.0,1.7934775717093778e-05,1.0,0.03730843570691621,1.0,1.0,6.83097220716439e-08,3.255457584852467e-13,1.0,0.00021664851350000934,1.0,1.0,1.0,9.079104353526765e-28,0.5009779091077378,1.0,1.0,1.0530920263324823e-21,1.0,4.8173455118503205e-09,1.293744986156729e-66,1.0,1.0,1.4943152640294807e-39,1.1491975490328396e-20,0.10237906076410852,1.0,1.0,1.0,0.04491602447786452,1.0,1.948266593440854e-12,2.607671116185026e-51,2.502226856193793e-28,5.788560652130043e-19,0.8139629245212332,3.162040475180006e-20,1.0616193280176635e-70,1.0,3.2343517233329534e-07,1.7501371855729169e-13,1.0,7.374899971393628e-05,1.0,1.0,1.0,0.0003689649025395767,1.0,1.0,8.059581462885142e-08,0.00030257647697851884,1.0,0.0688987555787928,0.22535173047978974,1.6686387393807591e-06,1.0,1.0068120054854148e-22,0.6856848617516181,0.05179262399137744,4.467746972809661e-20,7.427228075074805e-11,0.5333031228381283,8.03806750900305e-34,1.3619406165519282e-23,0.0625979576349525,0.046119227905250554,4.29857983839254e-28,2.325768175169989e-19,1.0,3.9004048950395364e-08,1.0,1.0
110,1.6726693827411003e-16,9.416737419298441e-48,5.059408290256012e-25,0.28392869699515677,1.5994625245012205e-195,1.3249416075848494e-20,9.339282975537768e-64,3.531752466802399e-170,7.151793963106547e-35,7.797300263151063e-185,9.15610245105872e-118,5.7597163525828875e-05,1.0,1.2510632068501776e-29,2.7656096994068177e-58,3.6252739104061184e-11,4.870404349053621e-29,1.0,2.115020508205836e-36,1.1853220008548155e-22,1.3710166718440496e-48,6.25163061160997e-25,5.483904912218549e-133,3.6829705467484425e-63,1.0,2.414297929258071e-95,1.0,1.1855006341313914e-06,4.817183516438313e-111,9.476222581305939e-19,6.487836053221421e-39,5.419553295573861e-07,3.1502582895812785e-35,4.8149339151871505e-46,1.0,5.1097437962945305e-11,6.853817582817842e-65,1.5618416573100064e-206,0.7805672486251015,3.88586568865553e-10,1.0969176093070563e-34,6.154203429886037e-27,1.0,1.0377352598036822e-24,0.0025622809940436895,8.208458637876427e-21,2.8602353219636993e-112,2.6897421736871842e-05,2.0194801220829483e-91,1.0971005065756248e-63,1.6128179607442088e-21,7.223172226319438e-20,1.248542143060656e-192,4.95396138425578e-25,5.612226371718619e-09,1.4491977027239001e-69,1.2088206670415981e-09,1.1167080415305525e-11,1.2960151912990604e-103,9.48924308350523e-106,1.5926356754747176e-25,5.353014621938884e-35,1.1957855948204412e-20,4.651983035070631e-63,4.213455874443597e-33,4.4525444709020115e-05,6.840794813021548e-14,2.4999129116522073e-98,1.0,1.0,1.0005274705966845e-33,1.0517664565871788e-10,6.14217201641746e-66,1.58575839776789e-37,1.0,8.428593947061815e-115,1.446885805838883e-68,6.5100546498260675e-37,6.855462897736009e-05,0.0019538815281042853,1.4967943005225659e-93,1.675071267119612e-32,0.00907057016487271,4.4733098292371684e-12,1.88719812490039e-37,0.018367841468485458,1.1886636904368262e-19,9.960315260977759e-11,1.0,1.1104375643313953e-20,1.3639591830964576e-30,1.5261259795055552e-16,1.0,1.3930320330505865e-10,1.0,1.0,8.555687979192759e-27,1.0,6.823612691182282e-09,6.550954677848736e-58,2.188749147898955e-34,6.524597627086846e-213,3.994880937682861e-08,1.7634737491491495e-13,5.39593871731459e-40,7.062759042757857e-05,4.4880865849765635e-05,6.314876737396548e-06,3.40386628896671e-36,3.235263004515012e-06,1.0,4.3410681104288616e-05,1.0,8.590448994476726e-16,4.590197116494158e-78,4.283773747189986e-127,1.2663983805711357e-07,1.8688529390999019e-28,0.8712870193590819,0.8490943136609255,3.730075283269122e-27,6.368029201623213e-71,2.7466689916629797e-33,0.001711632085032703,1.1105576060751902e-08,2.4612737425829345e-21,2.7720326317026883e-09,2.727742240412724e-11,1.0,1.3316321235921795e-30,9.702500790866404e-61,5.568540384175198e-52,6.035260300100899e-11,2.675719107418818e-17,4.959778527441506e-14,1.7179312817830206e-13,4.3193216328126925e-05,1.939360962066119e-31,0.01972158975251717,7.952971087860475e-11,7.361775640046871e-10,6.662985983966566e-90,9.35546509895026e-55,1.9288947583684016e-08,1.887786779877863e-40,1.7096952435217523e-16,2.588374281070631e-47,1.0,1.0,1.462005972275319e-122,1.216289004893826e-31,3.304607660384236e-183,1.0,8.310564803203358e-20,1.0,5.4030828292511333e-17,0.0029693339051254657,1.8841710324812683e-37,4.6847257731635924e-14,1.723034752465177e-24,0.001988729255623876,0.00022161512124449392,8.881377758381895e-15,1.0,3.1309085603844956e-10,0.024037086029337514,1.470349879931542e-24,5.683662155536281e-06,5.683603089298603e-32,6.232945573545698e-16,6.3304229676622465e-78,8.220607963745836e-16,1.2827225273814881e-17,1.900533264037467e-11,1.3556004533623947e-26,7.200250019180893e-17,1.742661206730426e-07,1.486699175039057e-107,8.7747269337807e-09,2.4589619519813584e-26,1.6424131998084018e-10,1.0321962960527008e-19,5.513182520716836e-05,6.067203458942296e-05,1.0,5.4557623787935704e-39,8.061677862756273e-16,8.883347298626333e-24,1.999461571384466e-05,0.08791369685210035,0.26063526146323707,2.0876560470967722e-60,6.368158920879772e-17,9.936140241814736e-16,0.35105026561054,0.002058325297442759,1.0,1.0,4.444076368529831e-112,1.0,1.0,2.985891254390252e-76,1.4997134688466045e-49,1.0,1.7712884458137265e-08,1.0,1.0,1.0,8.133511166538808e-14,1.1491219564297359e-36,1.5245635464621283e-91,2.749758474480722e-60,0.032383600396473124,6.209631142842424e-16,1.9821792304846908e-48,2.815453864952766e-116,5.754265892863833e-10,8.692933565536147e-28,1.0,1.0,1.0,1.0489819495091066e-12,0.040812775684777765,8.513365136914826e-10,5.847342088278708e-22,3.3488209444068343e-14,0.003242764499948212,3.5748452721419177e-28,6.39593411299149e-22,1.0,2.722566887571522e-17,3.5246569374554394e-16,1.5251959695278438e-25,0.0013098693960905382,6.556359341826175e-05,5.083780343908615e-15,4.6142420463341e-17,5.846709007561733e-46,5.536282189355807e-32,7.091131659982449e-15,1.064218292496066e-64,1.8415799359474123e-50,1.0,1.4656877077336063e-16,1.8706610361991036e-56,4.334176028915863e-44,1.0,4.95215624348786e-27,8.295838567259962e-07,1.0
111,1.0,1.1728478017468477e-07,1.0,1.0,1.1132122591021351e-102,1.0,2.0028810567812477e-16,3.384395188774006e-85,0.01176993253177395,9.306862353857356e-96,1.6106315841707386e-49,1.1899408832688792e-39,1.9747990573763097e-05,0.5605211263984085,2.1801040147373323e-14,1.0,0.6160065676057925,0.06784786479492595,0.0005079756340410573,1.0,6.737640914450565e-10,1.0,6.416572712409418e-63,3.3966439020433255e-18,2.3461847130132202e-17,5.625403530815951e-38,0.0038346054355514986,1.0,7.800614768915891e-49,1.0,3.007627305969601e-06,1.0,9.568608361715868e-05,4.725355238810202e-10,6.104772691646554e-10,1.0,6.936041803349228e-21,1.7265218653589586e-120,1.0,1.0,7.533833115580223e-05,0.1733578989656335,0.003287336223520569,1.0,1.0,1.394064648617055e-63,2.972983778406409e-52,1.0,2.102403297075947e-38,7.240850973093588e-21,1.0,1.0,8.692410100861206e-112,0.5229082002192379,1.0,7.406871291707044e-25,1.0,1.0,9.377677384127311e-48,3.149185043634145e-49,0.170045287887075,7.875573440071854e-06,1.0,1.4311988457137937e-21,5.2891943008642994e-05,1.0,1.0,5.978444658574338e-45,3.1973230427083937e-15,1.0,1.4824993023055056e-05,1.0,6.3511023831907926e-24,1.5645436096505387e-07,1.0,6.979862901164762e-57,7.754392729941201e-26,1.742749945508104e-07,1.0,1.0,7.801330637482043e-43,2.0527493670169812e-05,1.0,1.3681741806165175e-44,5.056244924735521e-08,1.0,1.0,1.0,1.0,1.0,5.7355444337764894e-05,1.0,9.09339437130852e-11,1.0,0.20131397745799265,1.0,0.0026064115539909806,2.7832765009187824e-05,1.0,5.2100876175897804e-21,2.6416592431465066e-07,3.2659386942548373e-136,1.0,1.0,1.3344538820217896e-10,1.0,1.0,1.0,1.298461934220167e-08,1.0,4.3410681104288616e-05,1.0,6.834471444909097e-07,1.0,2.518858742700441e-35,6.516169627435231e-71,1.0,7.519922102420295e-05,1.4901114060684148e-19,1.6663590943530937e-19,0.00022425433002379904,3.6687098188364415e-31,1.1585954418774396e-07,1.0,1.0,0.09051846628190476,1.5157054039867955e-35,1.0,1.0,1.5313312657889316e-06,3.334061922680711e-25,1.588193744236254e-19,1.0,1.0,1.0,1.0,2.9648936856120737e-27,2.409208380105298e-07,1.0,1.0,1.0,3.5084682147175595e-46,8.481532740940856e-22,1.0,6.202079223237743e-13,1.0,2.586872736138607e-17,1.0,1.0,6.883288968452239e-72,3.967551817936099e-08,2.9651268921603413e-120,6.614538971939557e-12,0.04767724406433908,1.0,0.9684216476938498,1.0,4.123539377432509e-12,1.0,0.00011003239561053314,1.0,1.0,1.0,1.0,1.0,1.0,7.193300386119495e-05,1.0,3.6231289214558576e-09,1.0,2.507583156248469e-40,1.0,0.20644128176295895,1.0,2.2629097906655287e-06,0.303908871208365,1.0,1.9337011215423952e-63,1.0,2.6751438853513428e-06,1.0,0.008101303458347446,1.0,1.0,6.869389978688121e-07,2.7194917131069334e-14,0.6123009579266644,3.734240400758318e-05,1.0,1.0,1.0,3.578281646416532e-29,0.1293310210703509,0.4507209063123082,1.0,3.474152460983686e-20,1.0,5.1692409978514045e-08,1.4721819267717804e-68,1.0,1.0,3.8474984859053694e-41,6.620939755415209e-22,0.44342621147100614,1.0,1.0,1.0,0.2038351972263505,1.0,1.8543097576872782e-13,4.725727957888291e-53,1.0302127984411273e-29,1.446749740725348e-17,0.22354805340339873,1.9304086879825873e-21,1.1741133865391158e-72,1.0,4.621477498375551e-08,2.6839031631235856e-12,1.0,0.0004627221791529154,1.0,1.0,1.0,7.151713793169585e-05,0.9047153572295024,1.0,1.1480813132191507e-08,5.8948652490344584e-05,1.0,0.017443859359314823,0.06101677026606186,2.721831927003162e-07,1.0,2.7349845843193885e-21,0.19946144483515865,0.013338004092680706,3.2635291670881226e-21,9.234383407446322e-12,0.1566845616601294,3.39496090612224e-35,8.786216831767714e-25,0.24201286108972309,0.012297278185120346,2.3414789389239786e-29,1.8787677384122216e-20,1.0,6.131761859451131e-09,1.0,1.0
112,3.5211609124689994e-20,2.680566361610917e-53,2.8063345030957576e-29,0.0037487511941923786,2.713277142992995e-205,1.8371497121518572e-24,7.094726561388034e-70,2.3966306392603365e-179,1.2614042441419383e-39,2.635439079824476e-194,1.2758035299623394e-125,0.009067517966110357,1.0,5.382652491273848e-34,4.999575741819051e-64,3.8331524307379377e-14,2.5361779648459435e-33,1.0,4.575585770756463e-41,1.7279260393312253e-26,8.132988009294557e-54,7.413760286062997e-29,7.331487955485589e-141,6.558389957381761e-69,1.0,3.715643882775327e-102,1.0,4.684527163486099e-09,3.078955493854421e-118,3.791458536048448e-22,1.7903642729924733e-43,2.269150969507684e-09,1.4764574514384952e-39,6.929822726624346e-51,1.0,9.030693593876802e-14,1.9494906604875153e-70,1.5281955259358685e-215,0.021011989323369586,8.960722702358135e-13,6.520145715428862e-39,9.623175643016287e-31,1.0,2.201839101259013e-28,3.195166526561082e-05,2.5504354174534898e-17,3.583489249218993e-119,2.0443835530275084e-07,1.0275595960927076e-97,4.432867208201237e-69,6.042663247530336e-25,3.4982796066868195e-23,3.418149508140581e-201,1.1785840509122015e-28,1.9219184362495916e-11,4.2047327441808786e-75,3.675168353531106e-12,2.441346107092575e-14,4.212634699419925e-110,2.7073071789765497e-112,4.1930987109813024e-29,4.572208676771149e-39,6.41318066352736e-24,2.9096896234047856e-68,4.654910524025112e-37,4.3676079163618814e-07,1.1198880284876348e-16,1.442059494179321e-104,1.0,1.0,1.1593850938944595e-37,3.212640973821879e-13,3.731302554497291e-71,1.251838538389194e-41,1.0,2.0556323451623086e-121,7.838906443294014e-74,6.176861539453539e-41,8.033515712458554e-07,3.326504296882869e-05,1.6543642979459052e-99,2.761635105420666e-36,0.00019138121164087303,1.46748915148779e-09,1.8933199805941929e-41,0.00043547793429621773,1.0686029259537959e-22,3.787217971561275e-13,1.0,9.207678923710035e-24,3.519227493696271e-34,2.468903633938816e-19,1.0,6.007331602715457e-13,1.0,0.05029303107351317,3.733248166864588e-30,1.0,4.286336514067338e-11,1.5635336080955662e-62,4.465078517745254e-38,5.988714371068342e-221,3.073931025184674e-10,5.41213090075565e-16,6.901414420866978e-44,1.1080233569807482e-06,6.776676456824097e-07,7.980958220469524e-08,6.655375170493997e-40,3.905849426329407e-08,1.0,6.834471444909097e-07,1.0,2.0362969769772925e-18,3.59932356356797e-83,2.181524512136122e-133,1.2308549141823587e-09,9.544188483841306e-32,1.0,1.0,2.3977381571048507e-30,1.0088854475299496e-75,9.432371739106064e-37,4.4754271117871275e-05,1.0053457850497728e-10,3.469296944968117e-24,2.9549797834323484e-07,1.624237779960576e-13,1.0,6.959957042854445e-34,4.192783131287502e-65,4.719095479792099e-56,4.115300088743129e-13,7.197068961305748e-20,2.108211477475432e-16,7.983879200590066e-16,0.0017372020314328593,1.079186100947646e-34,0.0007594594075152431,5.942147642808043e-13,6.463745732415897e-12,5.372723320417714e-95,7.552791787681418e-59,2.257016860075313e-10,5.185498614375275e-44,5.932692655236354e-19,4.167808401496483e-51,0.14474285402695966,1.0,3.062190921511125e-128,8.764659976941914e-35,6.042768218713982e-190,1.0,2.347797019799528e-22,1.0,2.176723081579859e-19,0.00011366304395912796,9.841187308501609e-41,2.9651278055117524e-16,3.2092773478772972e-27,7.70302107747379e-05,7.060796470525943e-06,5.32896343595665e-17,0.21691191210329167,3.648420977120836e-12,0.001217036639479179,2.9016276424714923e-27,1.3827667468149854e-07,5.58234553157493e-35,3.403455781760092e-18,2.3943104097838574e-82,4.6461155961107594e-18,5.823300920145224e-20,2.05492476418308e-13,2.5473094641759396e-29,3.946496329658014e-19,3.5942504271786777e-09,1.4921913235766777e-112,1.466156255768547e-10,4.890337207925399e-29,2.1570490992727623e-12,4.366277758075978e-22,1.8533700298706865e-06,2.063286789843326e-06,1.0,3.9239396898125616e-42,5.559006949943457e-18,2.5919649866176873e-26,6.462970701623673e-07,0.006025198637223424,0.020118928935208075,3.6138222598923434e-64,4.1172785699039616e-19,7.577657085865479e-18,0.028575746638382065,0.03495629146579225,0.5407387644697731,1.0,5.5957339118371806e-117,0.2430675486174432,0.7017186393704149,2.293729787872854e-80,5.9622925676842e-53,1.0,3.7830791079983253e-10,1.0,1.0,1.0,8.458559990345831e-16,1.2670756517934247e-39,5.778595980308722e-96,5.846354848552674e-64,0.40250110335542677,5.113454746842178e-18,9.440123209318609e-52,3.637593576945281e-121,1.0331472612205732e-11,2.1783434271416064e-30,1.0,1.0,1.0,1.3781897431883666e-14,0.002975611370555188,1.6879308740423644e-11,2.8145144330255275e-24,3.839450106091376e-16,0.000194526754340335,9.993625212800349e-31,3.2321193361143205e-24,1.0,2.3263232480112996e-19,3.47864014350855e-18,5.914854031974494e-28,7.809896740450416e-05,0.0012207161758092955,5.965831607015413e-17,4.506784574349265e-19,5.407632829537296e-49,1.4466085616209324e-34,9.212483779963657e-17,3.4858812940752455e-68,1.4304276577830647e-53,1.0,1.7350347939449392e-18,1.0754898287483639e-59,5.461616131279154e-47,1.0,2.2270198736110554e-29,3.39127134368969e-08,1.0
113,1.0,1.0,1.0,5.065357869082695e-11,3.824898372558982e-65,1.0,0.009206821034840022,1.2795276879238926e-51,1.0,5.604856794570601e-60,1.0253989745335739e-24,2.5510366751940882e-68,1.7393209139047266e-20,1.0,0.06706990835373978,1.0,1.0,4.774148935758051e-14,1.0,1.0,1.0,1.0,5.9996416384346676e-36,0.00019839659606853867,4.166600499368262e-37,1.3273948297332005e-17,1.2739830659092404e-15,0.06655649948358534,1.0949740908943276e-25,1.0,1.0,0.43552261031483436,1.0,1.0,9.684590394855071e-26,1.0,1.1844453157048386e-06,6.335480589990417e-84,7.521088746702244e-07,1.0,1.0,1.0,5.461333210330355e-15,1.0,0.001727207185943624,3.109705098237221e-94,2.7121520951715175e-29,0.15288802257552453,4.756837236209976e-19,7.039954708790491e-07,1.0,1.0,1.6035750115855367e-77,1.0,1.0,1.1424527542970943e-09,1.0,1.0,1.8356643876243233e-26,1.38200313187342e-27,1.0,1.0,1.0,1.0220813755993376e-07,1.0,0.7662684310470181,1.0,1.144703751923954e-24,8.538629799202265e-32,5.360175934097786e-09,1.0,1.0,1.6470289411099993e-09,1.0,4.983456268641832e-07,4.734785314203259e-34,6.316157742382194e-11,1.0,1.0,0.1537905373800186,1.5626592391250974e-23,1.0,0.056918855559903926,1.1436810384237498e-68,1.0,0.042361929844624474,1.0,1.0,1.1519542115549529e-06,1.0,1.0,1.0,1.4929365417276668e-24,1.0,1.95301191476059e-10,0.0018781366841380705,1.0,1.79530162027081e-16,1.0,2.815541984973615e-08,1.0,3.1775509323899713e-102,1.0,1.0,0.12902371832745282,1.0,1.0,1.0,1.0,1.0,8.590448994476726e-16,1.0,2.0362969769772925e-18,1.0,4.2896379936685273e-19,1.632458548901507e-47,1.0,1.0,2.3491149394375705e-35,3.047515314902777e-35,1.0,3.0852968657209897e-16,1.0,1.0,1.0,1.0,5.337042223004618e-55,1.0,4.4376046800055364e-05,1.0,3.69404480413998e-12,4.409219040689648e-08,1.0,1.0,1.0,1.0,2.433148822320359e-44,1.0,1.0,1.0,1.0,1.3283657730857362e-28,6.926407825716221e-10,1.0,0.0008767407241024751,1.0,8.195116088909996e-07,0.29639618423392866,0.016841214252644603,2.697619178558998e-50,0.7622931550935829,4.6706788601176884e-92,6.947163979120186e-24,1.0,0.0005306664043515834,1.0,1.0,0.0013677070702478498,1.0,1.0,1.0,1.0,1.0,1.0,1.0,1.0,1.0,1.0,0.08863696424462376,1.0,3.9527336688862374e-25,1.0,1.0,1.0,1.0,1.0,1.0,1.3889093839651486e-44,1.0,1.0,1.0,1.0,1.0,1.0,4.41148218650423e-16,1.529233107790303e-05,1.0,1.0,1.0,1.0,1.0,7.074228981129714e-17,1.0,1.0,1.0,5.17362093580797e-33,1.0,2.3507209476106104e-17,1.1727773710247016e-49,1.0,1.0,1.1249983636521469e-26,2.1978304410231314e-11,2.0196703700895285e-07,1.0,0.23046591062025273,0.24538110352516557,6.58443157246243e-08,1.0,3.3691214864152505e-05,1.0368806603043e-36,1.445486426216646e-17,1.6410577109812462e-29,1.0,3.7321367340468155e-11,1.5487279516400907e-53,1.0,0.15343794114076353,1.0344271666931183e-22,1.0,1.3921849710240249e-11,1.0,1.0,1.0,1.0,1.0,1.0,0.044813884854909676,1.0,0.09880798941018028,1.0,1.0,0.3087675091145525,1.0,2.287710479813904e-33,1.0,1.0,1.373990646918475e-11,0.00017188932411250075,1.0,5.762115548731183e-23,1.4980715539194318e-14,4.342158150777987e-07,1.0,2.5695724835410263e-18,3.162884858110353e-11,1.0,0.01273305148515754,1.0,0.0031924265046705804
114,5.608317665661885e-61,1.326888938411817e-23,2.54479109918663e-45,1.0840534620156353e-96,0.9895900636988769,1.20984985628637e-47,1.0195201168122194e-11,1.0,9.295248939337766e-31,1.0,1.0,1.9856024587251458e-207,2.5024803636811178e-116,2.8402968400641138e-33,8.328159497560615e-12,4.443458376223545e-58,2.5354068090920003e-32,1.705709724954069e-98,1.567883823617905e-24,4.5853931332569704e-38,3.0332222285627065e-15,3.28684433556134e-33,1.0,7.261510564810866e-07,7.141918632593872e-143,1.0,9.222175477652936e-98,2.0469013136948122e-60,1.0,2.2622388312479915e-36,6.256940735347462e-17,2.2444651518668127e-55,1.6604621657577547e-18,1.350293947722937e-11,5.754407761458272e-116,1.7468741036548698e-46,0.004294903459936356,3.9434939831455554e-11,1.1492174776009491e-71,4.4185735717023255e-46,3.9868306556940957e-17,1.952610148981941e-23,5.600836776721318e-91,1.5498598672612255e-25,3.41626409489264e-61,6.56224595227969e-230,1.0,3.374273330466224e-54,1.0,0.02388248467758025,2.9480524887958162e-27,5.958783663761486e-29,1.271441724874881e-09,3.9376538485834894e-23,1.401895202055664e-44,1.0,7.614165213858685e-43,8.800233289724494e-38,1.0,1.0,1.3879940192715314e-20,4.025810745004881e-13,7.553894102296254e-25,0.5682864812880697,5.426395314674053e-14,1.2024635207049578e-48,2.668044658400882e-32,1.0,6.799288245548367e-119,3.2223647407704187e-71,1.7184757589410144e-12,3.212382286988367e-36,1.0,6.134801345387339e-10,7.684678388830224e-66,1.0,1.0,2.346900035891667e-09,3.311303170311068e-45,6.655879253446419e-49,1.0,2.2345576853988368e-11,1.0068481260128992e-49,1.72919987264257e-177,3.1952503013191445e-08,1.3982172897723672e-49,1.0061687222966951e-20,1.310862945820145e-31,7.209900325597499e-62,6.678544849118491e-19,1.4529187598813367e-10,3.8523562207098457e-22,6.991318210074781e-99,6.994956904228207e-30,2.5526701117411984e-69,1.3536113029976322e-51,2.47193377002445e-12,5.211037040100594e-82,2.531406262171491e-31,1.0,5.350227373948721e-07,8.532797557848417e-27,1.836109797913586e-31,3.3422489572321863e-23,0.0007817958400097161,3.842887637648661e-37,1.5527865302779424e-36,1.6808576518608765e-34,3.717687438221513e-05,1.5671706470002015e-33,4.590197116494158e-78,2.518858742700441e-35,3.59932356356797e-83,4.2896379936685273e-19,1.0,0.007176664866981535,2.1042795027770176e-29,3.618304731048955e-08,1.0277381440878432e-112,3.029038581493945e-112,2.9288403652553723e-08,1.0,8.848895751165975e-05,3.5768914191469697e-35,4.131259538815643e-25,2.460030350236393e-11,8.548477817276369e-143,5.898468949481409e-21,1.2362191466004322e-50,4.012976958302342e-05,1.0,1.0,4.1816789542822575e-20,2.6827408181066277e-13,1.7778982167257147e-16,6.334734028220685e-17,1.5598503501476925e-123,0.0008939614502497399,4.414449217570814e-34,4.229774285833766e-19,2.6948067960504264e-20,1.0,1.0,1.7794169048391175e-21,1.0,2.5915904322121955e-12,1.0,1.6683990171614604e-37,5.479768179183546e-41,2.667477355522845e-06,0.04301638526264154,1.5873973678850854e-27,1.31611953997372e-84,1.4255427762462964e-07,3.263349296984575e-43,1.4812214847397961e-09,6.569502931912126e-27,1.0,2.4412188566221776e-11,0.0006101841011570397,2.7989623528323973e-25,2.6963660050227546e-23,3.37392314092961e-10,1.404330220717095e-32,1.7543799712342487e-14,5.0596048451898435e-27,0.0017981987027092387,8.827924148297314e-20,1.0,1.1669306308275304e-08,1.0,1.472269600470294e-08,3.6268399407678666e-07,9.698197686556499e-12,0.13204224853204952,8.48323147290207e-07,8.359538722317482e-16,9.87282578593991e-06,3.5702334641547857e-14,0.15318797189749891,6.193368993916233e-12,0.00022261993448690292,1.3191258382547218e-18,1.340094275605273e-18,1.989208961391396e-64,1.0,1.3275502901961827e-06,0.06582092774074334,4.1768601514790646e-17,1.1896410725396368e-23,1.4043376255774187e-24,1.0,3.0021122634686876e-05,7.571765423851057e-06,2.8370853072277624e-24,4.3440831621430715e-92,3.1429613276410546e-27,2.7127499922608437e-65,4.381618613910072e-09,3.735596212918335e-26,3.9044311264176765e-27,1.0,1.0,1.8725895826084823e-45,1.2369051939630972e-11,3.457284305928254e-31,5.236298557622418e-31,2.737216153665249e-46,1.5660730795843905e-06,1.0,0.0014952899704288635,1.0,3.6258879256579904e-85,7.867818791245274e-05,1.0,1.4732921413364667e-11,1.7738068847005062e-09,1.0,3.529184515616119e-73,4.222780051802328e-27,1.6688709464433564e-52,1.8350627047761806e-06,2.0252112782136295e-19,1.0143449666555814e-08,0.6848247973365282,6.57960786198423e-05,1.1758474796292487e-16,1.0,1.0,2.815050910870264e-30,0.014785612865469854,0.005074233509248229,1.0,1.3474968047829574e-14,1.430853784247686e-87,0.0021951948768652173,0.061944890097336516,1.0,1.0,0.008145497070040274,1.0,1.0,5.583684438454012e-40,0.27603995954453786,1.0,1.0,1.453360858951706e-24,1.0,5.254733634310039e-08,3.5892142528570174e-31
115,4.307693264779025e-124,1.2669219518208296e-67,1.0407804802415055e-100,1.4486493271992682e-170,1.0,1.1261953939214263e-102,2.8030291378841584e-46,0.3128585598993943,1.6385707836706161e-77,1.0,3.2867133612669e-14,0.0,5.965342120812051e-194,2.7523121243071474e-80,2.993061793635251e-45,2.5336874000946217e-115,3.086492724197482e-78,4.292042891482681e-169,7.334376083052188e-66,3.4720534799528386e-86,2.0087607132805122e-50,3.550601917861685e-78,0.0003607695764922924,9.265202167141547e-35,1.2136638615387919e-222,1.0907761840121797e-15,3.0262686033707134e-165,9.923726607552896e-116,1.1064566732087101e-08,3.8335894740417106e-81,2.76915620603778e-51,2.462206326711278e-107,2.1578916751228953e-53,7.114125493487757e-42,4.0481346822001656e-186,7.692084210804418e-95,1.5375443781166963e-25,1.0,2.480533740216736e-128,1.5969409260642893e-93,2.0637743140370617e-50,2.497785150930202e-60,4.785237053481154e-153,1.6138135147524403e-63,8.540594133723665e-114,0.0,0.000490488342638839,8.167651313140363e-104,6.086954881076193e-10,2.4127190484685987e-23,1.8220182999554842e-65,6.391063370742587e-68,1.0,5.189659600912905e-59,4.652065422499105e-90,2.1652406414110184e-18,1.8166455775473013e-87,8.902010582711745e-80,0.0004599841582320955,0.0016039550242795304,3.0646641390926353e-54,3.221301523312705e-42,1.5790777830927312e-60,1.9999212541165552e-19,1.7467574887660057e-43,4.7190863535642226e-94,3.828091061030351e-71,0.00035039623741643764,3.3198135013963184e-184,9.149495480741208e-124,1.5573505966983585e-40,2.2427524506176287e-76,8.21453350198124e-16,4.1431763503280924e-36,1.9231761098965156e-116,1.0,1.1066650844716909e-13,1.1038800977229989e-34,6.06815960542319e-88,5.763596959481282e-93,0.0012273730863203785,7.642585320145481e-38,1.0722663393517713e-93,1.3459658093486937e-252,2.5200760371281447e-32,3.9309472229362016e-93,3.0660853616879262e-52,4.226696489608746e-68,3.3772607404057225e-109,3.914580312125096e-49,1.3674207795317022e-35,1.2895443586064353e-53,2.1269321677339503e-155,6.8133156983805435e-65,8.420362068780242e-118,1.7559233960149243e-94,3.6949036207867955e-38,1.0176391106170062e-133,1.803745407087939e-66,5.583182653825161e-13,7.313565997648983e-29,9.289643463463512e-06,3.127559507324217e-66,3.4852154165269705e-54,8.130632078821438e-23,6.393767729811158e-74,5.107428963720844e-73,4.2305224005984086e-70,4.08877195843286e-25,1.3287042024828163e-68,4.283773747189986e-127,6.516169627435231e-71,2.181524512136122e-133,1.632458548901507e-47,0.007176664866981535,1.0,3.1533046308449236e-62,6.641777228833558e-30,8.577246008399843e-169,4.717531523226825e-168,9.528592493576965e-30,0.0010190742050220417,1.3464070728114822e-23,2.399131209473229e-69,3.809596486964229e-55,2.1462463660821794e-34,1.6362801485159615e-203,6.207063672508655e-49,1.226335431604216e-89,9.276831200850033e-24,2.4258458866007278e-05,7.727980004367305e-09,3.4903726734153174e-47,6.509550240303963e-37,8.968788050683246e-42,2.1455088835173762e-42,3.1427572756713724e-179,7.206508202445865e-21,1.6114572780998728e-66,2.952094792969885e-45,5.483119824673967e-47,1.0,2.331830774517072e-06,2.1349379743051347e-48,7.893813880609078e-13,1.1180134859869516e-34,9.410497156405806e-09,2.4634444549286652e-70,5.867280425266811e-75,1.0,6.254653693487485e-17,4.6358571316905026e-08,1.5595648246123467e-129,3.3605604605364474e-26,9.532662377499731e-77,2.3039209769650902e-29,9.859493578234194e-55,1.1409070799616885e-10,7.367550340496788e-32,1.1941660068166989e-19,5.283670869266072e-52,3.509092228121328e-49,7.051854161528568e-30,7.696155265115565e-62,2.5388847611797246e-36,3.385105129758236e-54,1.305039534737061e-18,6.742120536228037e-44,1.5079785448234797e-12,3.346149629517455e-27,1.0,5.8652694850145504e-27,1.0693376302609697e-24,1.2892984889338368e-31,9.89571491086726e-15,1.0486578135156649e-23,1.8175862626046067e-37,1.0,4.5143094815610605e-35,1.5959019996117885e-14,1.3326163156561108e-31,2.071736304655844e-19,3.521178249239457e-41,3.8418346742729706e-41,6.391834603491131e-101,8.06587698387813e-06,5.566246159306123e-23,7.548083529639074e-15,1.0000036512626852e-38,7.532978928331105e-48,4.64033976903391e-49,1.0,1.697971240283237e-20,2.1571797311402867e-21,2.0450393509724568e-48,1.3378826162298472e-133,2.129346481028939e-52,4.7497502425251274e-101,1.0,7.074036802120596e-51,3.9075611480568485e-52,1.0,1.0,6.398860357368349e-76,3.792988987552499e-30,2.250577065373378e-57,4.6187833232825235e-57,7.405771600565523e-77,3.3809833947373956e-22,5.6029438354034896e-05,1.0,1.0,1.4785237228576103e-124,2.482057313954536e-19,1.0,1.0,1.1942534829054215e-26,3.779018593234508e-09,1.0336095437017642e-109,2.4220198982540147e-51,6.299679847014238e-84,1.0796573001165119e-21,1.0730171235693414e-40,4.1046822887970152e-25,4.5686133237130525e-12,5.525903706197707e-19,1.4753506857955669e-36,1.936788593002062e-07,1.6048006697500543e-11,6.681603383624592e-55,8.260236546771046e-15,1.5362322430155627e-15,4.289805985356125e-08,4.1943609152057746e-33,4.1994076107528704e-125,5.174711985887995e-16,2.255651098847639e-13,1.0,0.0024111492785377623,9.440017470773142e-15,1.0,1.0,7.454441385607359e-66,8.519106487937028e-12,1.0,1.0,9.270062990668608e-46,0.00013789582148414998,1.616741378112127e-22,2.89899967169308e-54
116,1.0,0.0008996580725165903,1.0,0.030282374162135188,1.8030258888073813e-87,1.0,4.7119351410217815e-11,8.674646226221088e-72,1.0,2.2861294185771813e-81,7.487883174019326e-40,8.092493093462227e-46,9.151886937890605e-09,1.0,1.7215781263955418e-09,1.0,1.0,0.00015025817038480938,0.4006236231952356,1.0,7.523459318609021e-06,1.0,1.852777939667764e-52,6.841942631947956e-13,7.960926770700999e-22,3.464118863054444e-30,6.328382575813356e-06,1.0,5.77583807030549e-40,1.0,0.004890031699620533,1.0,0.07293824905585829,3.3880434426540825e-06,1.4727447053307802e-13,1.0,1.7332076729150557e-15,5.961092402440649e-106,1.0,1.0,0.05378831409431945,1.0,7.1491333620475156e-06,1.0,1.0,3.4326902604563413e-70,1.5390010671399173e-43,1.0,4.102504636246546e-31,1.3755863959201759e-15,1.0,1.0,2.5422637172484068e-98,1.0,1.0,3.730024614443328e-19,1.0,1.0,9.568745196859252e-40,4.4151074555060623e-41,1.0,0.006581738424812328,1.0,2.1932005730676292e-16,0.030193585366800037,1.0,1.0,2.322204773745723e-37,4.3015430858484235e-19,0.03762968046329112,0.009850141240241982,1.0,1.4783688550009664e-18,0.00022305235270618357,0.6876207113451459,2.6618999883581767e-48,2.6844648532927877e-20,0.0002226234265734113,1.0,1.0,1.1681740390125968e-35,0.011050821395100547,1.0,4.421155594443732e-50,7.218663991646892e-05,1.0,1.0,1.0,0.7839690029585193,1.0,0.021857721148794633,1.0,4.9163465021148916e-14,1.0,0.0017086216035663898,1.0,0.4687139449678043,6.461174936517004e-08,1.0,2.492907731356538e-16,0.0002135967081970811,4.90749148603789e-123,1.0,1.0,3.0079697466945914e-07,1.0,1.0,1.0,1.4682197154189258e-05,1.0,1.2663983805711357e-07,1.0,1.2308549141823587e-09,1.0,2.1042795027770176e-29,3.1533046308449236e-62,1.0,0.019955134716159898,2.4181585722193896e-23,2.785973416462639e-23,0.04669943319875217,9.624255190776346e-26,7.636136454915967e-05,1.0,1.0,1.0,3.636277798803077e-40,1.0,1.0,0.0006164411135619344,1.7120461235454797e-20,2.1959405720889785e-15,1.0,1.0,1.0,1.0,2.287991792857548e-31,0.00011228601652177629,1.0,1.0,1.0,8.01927989421861e-40,1.6536217303836504e-17,1.0,1.301842885851485e-09,1.0,1.5737332157203398e-13,1.0,1.0,5.174981531471808e-64,1.8676481465078484e-05,1.0538013693792846e-109,7.708949789374952e-15,1.0,1.0,1.0,1.0,4.827995210947223e-09,1.0,0.01454116087146688,1.0,1.0,1.0,1.0,1.0,1.0,0.009615103502625644,1.0,1.7032208625406644e-06,1.0,6.385050478548464e-35,1.0,1.0,1.0,0.00042603962385629737,1.0,1.0,1.1033290550378339e-56,1.0,0.00048031434251078023,1.0,0.45246622560102834,1.0,1.0,3.6398955822449144e-09,3.448484051600497e-11,1.0,0.0042823640805431445,1.0,1.0,1.0,7.55525392110744e-25,1.0,1.0,1.0,2.182813963209856e-23,1.0,2.4330713411619233e-10,8.167278933017867e-62,1.0,1.0,4.76234706786898e-36,3.270681058903536e-18,0.012874702573299833,1.0,1.0,1.0,0.005369993709391679,1.0,1.5241758859143177e-10,2.8048041324038985e-47,1.8586102930828096e-25,1.4670577698640326e-20,1.0,7.754137526800406e-18,7.653246355099237e-66,1.0,9.834916428403603e-06,6.519137592318503e-15,1.0,6.289509132224389e-06,1.0,1.0,1.0,0.005840757894472603,1.0,1.0,2.4967112922649117e-06,0.004756444102695043,1.0,0.6370859269788114,1.0,3.8593837469548294e-05,1.0,2.4236685049769133e-24,1.0,0.46722144366122587,7.076419917085756e-18,3.1985494350193336e-09,1.0,5.827302654832589e-31,3.017377899080789e-21,0.00915873707580934,0.3928452327059049,1.5162872102110748e-25,2.882152689931782e-17,1.0,9.993785749555956e-07,1.0,1.0
117,3.2244173238824585e-08,1.0,0.013685717957902641,1.68186038396239e-26,1.392954496406577e-37,0.000626012622599824,1.0,1.0926105169081566e-27,1.0,6.195389054694165e-34,6.395089346435807e-09,3.5762733360421663e-97,6.932248488856326e-39,1.0,1.0,4.3423858277893674e-09,1.0,7.092148579149028e-30,1.0,0.2026316174141143,1.0,1.0,2.130794533214e-17,1.0,1.1249058877863151e-58,4.604273852437796e-05,2.4123084646202826e-31,1.582636313421334e-11,1.7891269085211361e-10,0.10494456702137173,1.0,6.761901092224107e-10,1.0,1.0,7.209435696458459e-44,5.545895443828209e-06,1.0,1.5722632914589586e-55,1.35193519944398e-18,3.838371730295686e-06,1.0,1.0,1.053073487100543e-29,1.0,1.778840792588248e-13,1.3056518287435457e-123,1.190287997849479e-13,2.687346861110675e-10,1.149962260035057e-06,1.0,1.0,1.0,4.968922730344332e-51,1.0,4.216392764774632e-06,0.6307992863452799,2.0237193031582454e-05,0.0015671518750144517,4.924692975752541e-12,7.824171075117072e-13,1.0,1.0,1.0,1.0,1.0,9.673295493979521e-09,0.10866528962887086,5.529300407744018e-11,6.189994243626693e-50,9.200109199586657e-21,1.0,0.0022192100118664524,0.437785744185791,1.0,5.96871268698483e-18,6.482674120382796e-18,0.05519173677419553,1.0,8.374250075648181e-08,1.3361773406357786e-09,1.7282571057897825e-10,1.0,3.299445434936536e-10,1.7534497364074987e-92,1.0,2.463492185569345e-10,1.0,0.03289010990431466,5.415840865152286e-17,1.0,1.0,1.0,5.236292109358396e-40,0.08154431325113981,6.473292505342592e-22,4.086969974400936e-12,1.0,9.820288863582769e-30,0.013710746364908809,0.9096851055342715,1.0,1.0549203821435573e-74,0.007875522649243826,1.0,1.0,1.8850662596032584e-05,3.346122252852581e-05,0.000253371148786735,1.0,0.0005882751953083215,1.8688529390999019e-28,7.519922102420295e-05,9.544188483841306e-32,1.0,3.618304731048955e-08,6.641777228833558e-30,0.019955134716159898,1.0,4.484780467039167e-52,6.819802134129622e-52,1.0,2.4206379700259917e-06,1.0,1.9713358458504554e-05,0.4552967482850007,1.0,1.598886619443427e-74,1.0,1.0828107736732308e-13,1.0,0.0009194824092412876,0.40912023617924,1.0,1.0,1.0,1.0,7.531264545259264e-62,1.0,1.4274722473605815e-05,1.0,1.0,6.255756983025002e-16,0.02230779476712776,1.0,1.0,1.0,1.0,1.0160299834126259e-07,1.4331223437958843e-09,1.1390849523864238e-33,1.0,4.208541021131217e-69,5.769402372513569e-37,1.0,1.812125392376193e-11,1.0,0.004123458294832916,1.0,1.0,1.0,0.013934866235950054,0.10176150258616164,1.0,3.353201617441098e-06,1.0,0.0017002745375016282,1.0,1.0,1.0,1.0,4.010751880142296e-14,1.0,1.0,1.0,1.0,1.0,1.0,4.719089106699103e-30,1.0,1.0,1.0,1.0,1.0,1.0,2.0092400034925222e-26,1.0,1.0,1.0,1.0,0.009999283764532489,0.0033367462693110785,3.001599355539236e-08,1.0,1.0,0.003619142534910379,2.6648404617436785e-46,0.00011675764494793406,1.0152099175445928e-27,7.421197085549265e-35,0.0003774058442795696,0.00011026973936508786,5.531507707905463e-16,0.0002679439982122846,3.4619201303479216e-15,1.0,6.344146179446338e-07,7.209370367021904e-07,8.696236267067503e-16,1.0,1.0,3.129407468389192e-24,5.9230834237693075e-09,5.38424552567089e-42,1.0,0.0003249016229032282,2.0047754415680532e-38,1.0,1.0,7.072857313328139e-34,4.508238558785883e-05,2.947289784126223e-20,1.0,0.22828269554253863,1.0,1.0,1.0,1.0,1.0,1.0,3.60181192615631e-07,1.0,1.0,1.0,1.0,9.565843461197361e-46,1.0,1.0,6.134865982779918e-05,1.0,1.0,6.959993195290316e-14,2.791604842340369e-07,5.92666195230367e-14,1.0,2.8381319817797486e-10,7.958495478114239e-05,5.85253760932795e-05,1.0,1.0,8.35906269288734e-09
118,1.6113241520303589e-44,1.2993595140042865e-86,2.4196358991248033e-56,2.892617745904244e-18,6.913390452182223e-258,2.097558099324468e-49,8.87532065868197e-106,2.876044789359919e-229,6.082084977468938e-69,1.4796482454779896e-245,1.3258020311315478e-169,1.0,3.5849651772984174e-08,2.7565866930932124e-61,5.7771917539618724e-98,1.9269605713028693e-34,3.974183172370141e-60,6.553424303090135e-12,1.0744686025579571e-69,5.234910774112163e-51,3.8116219234581476e-85,1.0271687441761099e-53,1.1109884534042446e-184,1.1205382041549192e-102,1.0,5.523663408116839e-141,1.7516163543446133e-08,4.0472148774197287e-26,8.138844579797653e-159,3.7881932009197355e-44,2.969179853219973e-71,3.997591194387616e-26,3.914388821367712e-66,5.357434807278719e-80,0.16868763298122125,2.0494900098225375e-32,6.064220978808587e-103,2.4068649658663973e-264,7.200355568827124e-15,9.799151104438127e-31,7.236949234271782e-65,1.3576152547688985e-54,1.2556608827079024e-06,1.448183065058637e-51,2.3187434036572263e-19,0.0047032973761915245,3.863068560443654e-158,1.3196708875752688e-22,9.656213365701886e-134,9.855563089681112e-101,8.556398922731283e-47,1.8543973728797325e-44,7.076555117295481e-248,1.802123921558025e-51,2.364319455860148e-28,2.1242456998444652e-107,2.577761548644076e-29,3.718230621802663e-32,5.906466596802731e-147,2.0265795930641424e-149,1.410291989795873e-51,5.460211725370976e-64,8.513405616686245e-45,8.14871082110219e-99,2.1507371137212468e-61,1.960384805553666e-21,4.922137369547703e-35,3.873045174261562e-140,1.0,6.025802332084716e-09,8.059338275910244e-62,3.891561718739165e-30,1.1009564512229523e-101,1.314496288894318e-66,8.778929325744546e-11,9.373838485307653e-159,1.42850251685319e-104,1.917176687129893e-65,1.360784583048435e-20,3.982878221381992e-18,1.3715752711047342e-133,1.543711716296478e-59,7.856924642459898e-17,1.0,9.026026252655245e-66,3.6646068718518234e-16,3.885212384506303e-42,2.3992684130471052e-29,2.0335022857715132e-09,2.4704349732863917e-43,2.66417196923956e-56,2.3607273395708135e-37,1.0,9.190861328249612e-29,4.290289612271639e-05,1.8688197921032516e-12,4.681611761981884e-51,0.30457499183069314,5.366756411845409e-26,8.656382909008502e-90,1.3038065631189904e-60,8.180581467235197e-265,1.2679917394200764e-24,1.9714794224248025e-32,2.1089834890690255e-67,2.043574485727312e-19,1.0422808397694634e-19,4.968947084450666e-21,1.885354269077142e-62,1.9994710768542743e-21,0.8712870193590819,1.4901114060684148e-19,1.0,2.3491149394375705e-35,1.0277381440878432e-112,8.577246008399843e-169,2.4181585722193896e-23,4.484780467039167e-52,1.0,1.0,4.159453857663473e-50,1.1840805171417442e-103,6.76818516006516e-58,2.1268075438568675e-16,1.853650662182445e-24,4.038125589200827e-42,1.0,3.561987349921179e-28,5.326772779682328e-07,5.246164205580705e-54,1.0143826819956057e-90,3.557949732730836e-80,2.17148795502537e-27,2.968938677149492e-36,9.451121651452787e-32,5.81082544060946e-31,1.0,1.3696238474819253e-54,4.193349767705715e-14,5.899029313357296e-27,1.5069997588930378e-25,3.1667573922744453e-124,5.2360780605792924e-83,2.6355355590005934e-23,2.0500308640564004e-65,1.1965981333990833e-34,1.107371124333372e-73,2.798997081475469e-10,2.34854130507465e-08,2.653478922379845e-160,6.079381838956436e-54,3.2065109203633385e-227,1.0,2.304698729137865e-38,1.838437001116081e-05,1.3893370825058933e-34,1.089392098140002e-14,1.6636502392886554e-60,2.2720392837140863e-30,4.2104600922013866e-44,9.09555246171259e-15,2.988763048294439e-16,3.3353382711712987e-31,1.8299238766709743e-09,7.803622770857477e-25,6.443436689324395e-13,5.644516128418697e-44,1.5388987161711692e-18,2.9682049728078133e-53,1.4288644202526037e-32,6.680940206557579e-108,2.41569504871249e-32,9.64753550867455e-35,3.649350974956295e-26,4.762212597795376e-46,2.0653232516729442e-33,2.1012907019263117e-20,5.701829608982315e-141,2.801102031974146e-22,1.2823610828951106e-45,1.2019159448949196e-24,6.5427593147808415e-37,1.6330523276500535e-16,1.9517125214760375e-16,1.0,5.768375962982647e-61,1.1538174662959566e-31,6.023832948615193e-42,5.121391936516214e-17,2.7467142117798744e-11,1.7774475209024892e-10,3.602219847670324e-86,6.789350530645211e-33,3.1038336570041594e-31,3.603986441632219e-10,1.0,3.548780360448687e-08,1.0,8.780945264758964e-145,1.0541368964576819e-08,5.8980018579516876e-08,3.824030255342695e-104,4.880905051837842e-73,1.0,4.031528423720354e-21,2.1424189313465085e-05,2.3228724401243396e-05,1.0,2.0277116321017655e-28,2.2500266156220135e-57,2.733930815408548e-121,1.994837988960225e-85,1.0,3.702735023711092e-31,2.17713563215214e-71,7.348279102539713e-149,4.7810660476204776e-23,3.0849840926685996e-46,1.0,1.658843255326066e-06,1.0,1.3416656111448204e-26,2.847815155519304e-11,1.530630298548219e-22,1.4118432247183445e-38,1.9693309091221478e-28,7.085214159392682e-13,3.00245914580736e-46,2.2289279345830528e-38,0.0009571214081061249,2.755332870848166e-32,9.141676297408802e-31,1.117493603295746e-42,3.28966190253073e-13,1.0,4.1983727395748144e-29,1.2771297200692624e-31,6.338219054449548e-67,4.0744222579567443e-50,1.2733214890068951e-28,1.950042837012653e-88,7.453438047953379e-72,1.0,1.6776668924541466e-30,1.2221173221845721e-78,3.84760507271379e-64,0.000736640282621221,1.2910901700992087e-43,2.6359703342755038e-17,0.7507080221296488
119,3.4972785700856383e-44,6.411665516130884e-86,6.45360677046824e-56,3.717635087435819e-18,1.112599346876646e-255,4.680081447533165e-49,5.904424991126816e-105,2.319666956421654e-227,1.9570103769387045e-68,1.658539270276698e-243,3.0540830965299417e-168,1.0,3.876492536816505e-08,7.340306961599527e-61,2.976379983020977e-97,3.1329713434985375e-34,1.0112522184198318e-59,7.416313239503593e-12,3.1873846181784804e-69,1.1117199398742557e-50,1.4616009497237924e-84,2.222590213518673e-53,2.4023978720611895e-183,5.559811691516416e-102,1.0,5.274836797545256e-140,1.8683625079594277e-08,5.513204127876114e-26,1.006979746922593e-157,6.678895262106953e-44,7.99399736129748e-71,5.338053724500241e-26,9.499768420342476e-66,1.6155492414753177e-79,0.16637675708905697,2.985482405107492e-32,2.553289753280985e-102,1.3955453671693432e-262,8.196876226816435e-15,1.3760921414621842e-30,1.6613446402804825e-64,2.6729827154666673e-54,1.2964196556335847e-06,2.725444225117777e-51,2.781311724487301e-19,0.005859403386546046,3.648700565303927e-157,1.6415014598637655e-22,6.090785077131806e-133,3.7576479434647203e-100,1.4734269257750712e-46,3.084641251822024e-44,2.5547419038076986e-246,3.291863474186077e-51,3.1468308072951903e-28,8.622733401048966e-107,3.46507991755646e-29,5.136602819256896e-32,4.101611876222514e-146,1.459247775881374e-148,2.5055550576712106e-51,1.1438097338573598e-63,1.373042628981889e-44,2.7455726791597168e-98,4.3144583277379176e-61,2.346997037923761e-21,6.947136074914104e-35,2.2643006554162144e-139,1.0,6.289715073051542e-09,1.590533476456255e-61,5.1373013506887824e-30,3.6774890677941454e-101,2.746577335053038e-66,9.318156242237834e-11,6.8681329522600886e-158,4.856830640672756e-104,3.858594148429486e-65,1.5904940890676438e-20,4.533252182810959e-18,6.635977314898642e-133,2.846843243345319e-59,8.795125126274576e-17,1.0,1.7867786040119357e-65,4.0628496809193205e-16,5.7277385240674264e-42,3.051795650371627e-29,2.1123190408918486e-09,3.659568803209252e-43,4.54286822071125e-56,3.2358696667289336e-37,1.0,1.1480778163472889e-28,4.29186725925541e-05,1.983255027985962e-12,7.417004001626209e-51,0.2976534851972007,6.469460425987658e-26,2.1121645954360153e-89,2.268657935412006e-60,1.6197388998758724e-263,1.499029116529193e-24,2.5125628831632177e-32,3.896445433619244e-67,2.293324024546609e-19,1.172084683988589e-19,5.650906837692047e-21,3.2703102134958414e-62,2.2786598351526965e-21,0.8490943136609255,1.6663590943530937e-19,1.0,3.047515314902777e-35,3.029038581493945e-112,4.717531523226825e-168,2.785973416462639e-23,6.819802134129622e-52,1.0,1.0,6.126841659625642e-50,3.011444521503693e-103,1.0730488799236207e-57,2.2886375846395963e-16,2.1303775920812036e-24,5.436378039826052e-42,1.0,4.215420363930807e-28,5.346092411692055e-07,7.841164850621274e-54,2.1349625978663163e-90,6.737267960626088e-80,2.5326443662130383e-27,3.734089661585093e-36,1.143319334859324e-31,6.9755058706428085e-31,1.0,2.0161537885353369e-54,4.394007019593885e-14,6.808505358965526e-27,1.71938239658005e-25,8.909141016304735e-124,9.90187557968502e-83,2.9430856383659406e-23,3.262967395387189e-65,1.4611227835229491e-34,1.8868207435568172e-73,2.847643740466921e-10,2.3620904790794727e-08,9.740516174620788e-160,8.573295360679887e-54,2.1739036402817805e-226,1.0,2.834162002738653e-38,1.816383807820635e-05,1.6587757872457847e-34,1.131662491334836e-14,2.4075943877211103e-60,2.61426226309108e-30,5.344619348120237e-44,9.423376665644109e-15,3.1230831977051775e-16,3.845056755258113e-31,1.839321715015914e-09,8.600720178439524e-25,6.595731296026587e-13,7.107324234052554e-44,1.626476788987308e-18,3.989581644866683e-53,1.654571924755387e-32,1.3713540398291286e-107,2.788046302397683e-32,1.1314137677617792e-34,4.023068569532041e-26,5.982836911005801e-46,2.3791204518901542e-33,2.2306263244467914e-20,1.4606802480513108e-140,3.006828588842588e-22,1.6009236420632032e-45,1.306677385375672e-24,7.660401094514615e-37,1.6909624537877411e-16,2.0196403881923218e-16,1.0,7.911253126735301e-61,1.302856419670872e-31,7.243834220136213e-42,5.3041033194292137e-17,2.7640240502421708e-11,1.7816011763931176e-10,5.817507321126689e-86,7.680414561846921e-33,3.469892615766938e-31,3.604223273248348e-10,1.0,3.519569453908945e-08,1.0,2.1210948499668598e-144,1.0474276713448925e-08,5.842102092797845e-08,6.87288627745043e-104,7.091062787226541e-73,1.0,4.2425927160572514e-21,2.1023285572039145e-05,2.2788684021550457e-05,1.0,2.217542057052715e-28,2.929396600845892e-57,5.450258390572462e-121,3.1150225295765333e-85,1.0,4.104485405289936e-31,3.087732377145409e-71,1.753223834109513e-148,5.067467704822264e-23,3.7244489502345805e-46,1.0,1.6316930351736155e-06,1.0,1.4431920319772677e-26,2.8485250292296388e-11,1.6104322254148788e-22,1.6161159723298157e-38,2.1312710913868775e-28,7.123377718081911e-13,3.5755001131502096e-46,2.5389998632224824e-38,0.0009335204082424705,3.028403645736396e-32,9.954859300279808e-31,1.2940662309755936e-42,3.3019471700732197e-13,1.0,4.521135785367764e-29,1.388006062020967e-31,8.254195643445434e-67,4.839912376319006e-50,1.3602894811351727e-28,2.8257651053004965e-88,9.839652949545472e-72,1.0,1.796763770570507e-30,1.6605297940233198e-78,4.841070394544388e-64,0.0007175581904871432,1.4672668354585382e-43,2.6691282770388145e-17,0.7291141390161561
120,2.7719594010765737e-07,1.0,0.049939835260518255,1.3628435787804124e-24,7.914602407159565e-37,0.002678255238889356,1.0,3.1251502976801744e-27,1.0,2.6291118018634113e-33,6.374256748759814e-09,5.1828662860509365e-92,1.9519981773535e-36,1.0,1.0,3.4275570382362495e-08,1.0,6.159935925277147e-28,1.0,0.5642108481905207,1.0,1.0,2.931715121576737e-17,1.0,1.4420773009973541e-55,3.8022772814505135e-05,1.8990972179107112e-29,1.4659539464864826e-10,1.7708803981626903e-10,0.28603870753272365,1.0,4.84351562518288e-09,1.0,1.0,1.5564519368643e-41,2.5188405098968764e-05,1.0,1.3347603370839014e-54,2.3175032776999018e-17,1.7271079774079637e-05,1.0,1.0,5.2007503538437e-28,1.0,1.7419771548477493e-12,2.291574427952716e-118,1.257781562685702e-13,1.837452084274563e-09,9.621725721547647e-07,1.0,1.0,1.0,2.8654596416582293e-50,1.0,1.794261409652766e-05,0.4757660660711909,7.935740305290426e-05,0.004875571169454779,4.7593845808609035e-12,7.764420967205973e-13,1.0,1.0,1.0,1.0,1.0,5.0921867897300744e-08,0.2670452102129943,5.089162990449216e-11,1.2195004808922968e-47,1.4837027248034614e-19,1.0,0.00654718555754817,0.3303034525309917,1.0,7.318934960485762e-17,7.418302644206921e-18,0.04182303780062098,1.0,3.778721426936227e-07,7.171462044309225e-09,1.5371050971978758e-10,1.0,1.8424772711904106e-09,6.582853317874288e-89,1.0,1.3673574274301507e-09,1.0,0.08123812270165781,5.3646810478005095e-16,1.0,1.0,1.0,3.0457694826513605e-38,0.18926197778753992,8.995894673122527e-21,2.4865381280619472e-11,1.0,2.4769231210840794e-28,0.03406581963986877,0.6876155167331903,1.0,9.020006526571414e-74,0.019798468633539387,1.0,1.0,6.050546275592208e-05,0.00010469465928700061,0.0007274975166226142,1.0,0.0016235712644005694,3.730075283269122e-27,0.00022425433002379904,2.3977381571048507e-30,1.0,2.9288403652553723e-08,9.528592493576965e-30,0.04669943319875217,1.0,4.159453857663473e-50,6.126841659625642e-50,1.0,1.8932323509754075e-06,1.0,5.896368145533741e-05,0.9086866500222773,1.0,5.232995174874504e-72,1.0,6.170152732401621e-13,1.0,0.0006989249966293646,0.3102800649120164,1.0,1.0,1.0,1.0,9.476742571663835e-60,1.0,4.1103982856895e-05,1.0,1.0,5.669607206792984e-16,0.01688332719804041,1.0,1.0,1.0,1.0,3.3533007672178106e-07,5.426171833917364e-09,1.5170249824388611e-33,1.0,1.5249254820629645e-68,1.2244582834426741e-35,1.0,7.420655348890094e-11,1.0,0.00909502048828512,1.0,1.0,1.0,0.0290325728772514,0.19728874470355645,1.0,9.149020297597736e-06,1.0,0.0037807615070912805,1.0,1.0,1.0,1.0,3.34581596176956e-14,1.0,1.0,1.0,1.0,1.0,1.0,5.143068228339767e-30,1.0,1.0,1.0,1.0,1.0,1.0,1.6971930986251218e-25,1.0,1.0,1.0,1.0,0.019873994333369824,0.006849971438717232,2.3121017840572052e-08,1.0,1.0,0.007356960400830564,5.699507484607876e-45,0.0002627403391080931,8.533227197978066e-27,8.410699786803765e-35,0.0008184824731761396,0.0002473196227091842,4.587167478620066e-16,0.00020327364630702772,1.4536464886061196e-14,1.0,1.6335849310349109e-06,1.8442351625319627e-06,3.747413397282223e-15,1.0,1.0,2.900798659063864e-24,4.568188842914985e-09,8.680432958750412e-41,1.0,0.00024656224969708004,2.361180488964397e-38,1.0,1.0,7.457140868335036e-33,0.00010087492434495787,1.5358894971681216e-19,1.0,0.3958738004823354,1.0,1.0,1.0,1.0,1.0,1.0,8.919908055880573e-07,1.0,1.0,1.0,1.0,1.449961697227009e-44,1.0,1.0,4.661790028150692e-05,1.0,1.0,5.4666553003076076e-14,2.1227000027829573e-07,1.9482689984646532e-13,1.0,2.17696411374574e-10,6.0558564873670895e-05,0.00011966953472652544,1.0,1.0,2.0885010663519664e-08
121,9.037562106637791e-52,7.088816343263416e-19,5.032643654531247e-38,4.094670286468468e-84,0.12110595792400285,2.6541943467249105e-40,1.157709872988179e-08,1.0,2.5116439371676037e-25,1.0,1.0,3.607346557041055e-185,2.5308242507525123e-102,1.0908896091943157e-27,7.769159817424185e-09,5.517042770084041e-50,6.365597104184827e-27,1.4127610892219538e-86,4.713584339861343e-20,3.998751003038122e-32,6.66188623330311e-12,6.816863211130068e-28,1.0,0.00011307848531371542,1.0916341998182039e-127,1.0,1.5535500957569776e-86,1.4316001207951349e-52,1.0,5.916282644334178e-31,1.4285697514477494e-13,3.029045450971338e-48,5.146528837043691e-15,6.672218570605934e-09,1.0170206762664457e-103,3.3612492377460266e-40,0.1507504041378222,2.9939120622212766e-12,2.921803668223183e-63,6.017765110823691e-40,7.335155393406465e-14,1.6639214481159065e-19,4.744723360554675e-81,2.1505578360643706e-21,8.70228642327155e-54,1.3917574149506462e-209,1.0,1.7559858572538852e-47,1.0,0.6007234057193989,5.0965689774692157e-23,1.4762362668463174e-24,1.018231740900319e-10,2.515608041329325e-19,8.771333517735966e-39,1.0,3.1615333469811025e-37,1.0838945203828501e-32,1.0,1.0,3.995132085860311e-17,1.9096851430670882e-10,5.360885671406763e-21,1.0,3.083865727767103e-11,9.620685148275373e-43,8.373308088081944e-28,1.0,1.0650857325534132e-107,1.4271766051027013e-63,6.127310024641674e-10,1.995395874476336e-31,1.0,1.1257405125666277e-07,1.1627542067737213e-58,1.0,1.0,3.433367322758909e-07,8.545565703864548e-40,3.380864722220482e-43,1.0,5.1417874854615066e-09,5.197653241243988e-44,6.087666199850883e-163,3.2613544232581305e-06,6.174577363567323e-44,1.7414273168606678e-17,1.9711409447738988e-27,2.458219897048554e-55,7.260082786648642e-16,2.314071697648113e-08,7.4140897969651825e-19,6.169760845415782e-90,6.110830341844175e-26,1.9549799458991602e-62,5.2735971241590434e-46,5.548543627793648e-10,2.6630421510732077e-74,2.5317923954104607e-27,1.0,3.195378270318807e-05,6.439207226402241e-28,1.6613956943451526e-27,6.153530495027938e-20,0.01954376101610187,8.945976469614504e-33,3.1860220840122403e-32,2.3408590269599272e-30,0.00129137022094972,1.7605225452195907e-29,6.368029201623213e-71,3.6687098188364415e-31,1.0088854475299496e-75,3.0852968657209897e-16,1.0,0.0010190742050220417,9.624255190776346e-26,2.4206379700259917e-06,1.1840805171417442e-103,3.011444521503693e-103,1.8932323509754075e-06,1.0,0.0024563601222740185,3.3746383426479808e-31,6.7716514893336e-22,2.8875633003953606e-09,2.5370261710088426e-132,4.363381240852636e-18,1.17581163385817e-45,0.0011301415042929124,1.0,1.0,2.344903055177888e-17,4.171973438700818e-11,5.094570167228491e-14,1.9505847851610417e-14,2.027830722908841e-114,0.016871007584145586,2.3458028803745596e-30,1.7771450061240104e-16,1.3929927790440293e-17,1.0,1.0,1.0483943607309123e-18,1.0,2.8741982494427064e-10,1.0,1.1760868422331659e-33,6.434316343772001e-37,3.28368578392317e-07,0.4747704267798624,1.1781357353923743e-28,4.0318500956907947e-78,5.178121176805496e-06,3.6572412140677327e-39,7.933236812022669e-08,6.6127712739856665e-24,1.0,1.7279437789390092e-09,0.009556601894085923,1.9375766322661712e-22,1.357069692334955e-20,1.855484535290469e-08,2.7510896917174364e-29,2.0361018600829436e-12,4.300329227580745e-24,0.024553237445530895,2.371681188802286e-17,1.0,4.5807332429109077e-07,1.0,5.582848706149113e-07,1.0468893592463576e-05,6.202111038855257e-10,1.0,2.1274046241969336e-05,1.0124428984573131e-13,1.3928291371349935e-06,3.3136241829370603e-12,1.0,3.845182026400806e-10,0.0032861692034013303,2.301239905247436e-16,2.3199275424179373e-16,1.2371146386459896e-59,1.0,2.9866097621476622e-05,0.5501390910243924,5.3893893501456725e-15,3.957161851894753e-21,5.236118866453145e-22,1.0,0.0004971309770980017,0.00013869832149790892,9.56181065362718e-22,3.7909781159100435e-86,1.5723430995811116e-24,1.3151529176669027e-60,5.365326562284415e-10,1.5872813048389742e-23,1.859352324214348e-24,1.0,1.0,8.453823239281396e-42,5.949957105543855e-10,2.668421199587945e-28,3.8685953311156165e-28,1.3092189880477411e-42,3.0948642535160294e-05,1.0,0.0002676974838534271,1.0,1.1364296216469091e-79,0.0011119377201493105,1.0,1.655851147830569e-12,5.7028936266750316e-08,1.0,2.7638426970377107e-68,1.6393623885268935e-24,1.259993125680812e-48,3.3434180794142405e-05,2.6995321921357925e-17,2.674432175152419e-07,1.0,0.0008731238464060732,1.0004545450710832e-14,1.0,1.0,1.360448220625314e-27,0.12020393832180389,0.04481863136382794,1.0,7.604221834445605e-13,2.2163825992066007e-82,0.020362426091283192,0.4218321306226161,1.0,1.0,0.064726257976383,1.0,1.0,5.167096624369583e-37,1.0,1.0,1.0,2.317964868430733e-22,1.0,9.309467703382756e-07,1.1670054495604416e-28
122,1.7774408771448923e-12,1.0,7.284778497424767e-06,2.2959433772525366e-32,7.844984690560233e-28,2.143584486496181e-07,1.0,1.4255026960364393e-19,0.9140924424427069,7.713693121091826e-25,0.00023712842503447585,3.5563334989103375e-105,2.450275701515772e-45,0.05762364234084294,1.0,3.212735906022053e-13,0.08378432833279513,9.348000812689062e-36,1.0,0.00029392422831694563,1.0,0.013877816868981808,1.9934315297087105e-11,1.0,1.1504511989456093e-65,0.12983891607032028,3.737425618584153e-37,8.653070927644237e-16,7.061479882573607e-06,0.00017640062277155658,1.0,6.880960701186752e-14,1.0,1.0,3.6050320782549797e-50,1.8592695787246324e-09,1.0,9.295024526990934e-45,2.2470725992112304e-23,1.3453696950824507e-09,1.0,1.0,3.197073867286358e-35,1.0,9.13700319028618e-18,1.2808266773371854e-131,1.0764243092876914e-08,3.186602411229122e-14,0.004570547159953501,1.0,0.1676012287838706,0.03358850031783385,4.5658265268265067e-41,1.0,1.7941075663161667e-09,1.0,1.1032024251259377e-08,1.817433450210061e-06,1.683394655800315e-07,3.6810985334860754e-08,1.0,1.0,0.544530368759125,1.0,1.0,2.351050939000793e-12,0.0003009392826932333,1.0336601130473563e-06,3.612819359199299e-56,1.8329462474369037e-25,1.0,3.1847220477579037e-06,1.0,1.0,2.0418296778741136e-22,1.4710201041643039e-12,1.0,1.0,3.2235497759369834e-11,3.181702520499522e-13,2.062840366192227e-06,1.0,7.128945279844455e-14,9.477693900493638e-100,1.0,5.451842144203623e-14,1.0,9.455836192033846e-05,3.0099902171478723e-21,1.0,1.0,0.7556654505761201,1.397821345367136e-45,0.00030520331988034155,1.820673133864527e-26,7.326493189451046e-16,1.0,9.396206598785082e-35,3.984850010439087e-05,1.0,1.0,9.102850911870954e-64,2.2147373667674253e-05,0.1234476718863438,1.0,2.2323893409399774e-08,4.3252976201631994e-08,4.4208084438407485e-07,1.0,1.1869437734307248e-06,2.7466689916629797e-33,1.1585954418774396e-07,9.432371739106064e-37,1.0,8.848895751165975e-05,1.3464070728114822e-23,7.636136454915967e-05,1.0,6.76818516006516e-58,1.0730488799236207e-57,1.0,0.0024563601222740185,1.0,3.109564119959026e-08,0.003482938893241487,1.0,6.092986066456503e-81,0.22753806179274585,2.4738119664836118e-17,1.0,0.26053927011061556,1.0,0.3508742665559975,1.0,1.0,1.0,8.065395227713217e-68,1.0,2.6591865902497787e-08,0.6590271517098881,0.19292390684221788,1.1836804635008637e-11,1.0,0.042870571187172885,1.0,1.0,1.0,1.209224005837745e-10,1.0979389232225448e-12,1.403997758802474e-27,1.0,4.996099353274616e-60,8.242032521203889e-42,1.0,1.1193669490770658e-14,1.0,2.2358568476765954e-05,1.0,1.0,1.0,9.727551093809966e-05,0.0009760774609698065,1.0,8.09016450002111e-09,1.0,9.08235575556416e-06,1.0,0.03999800708546839,1.0,1.0,2.0997863112218747e-10,1.0,1.0,1.0,1.0,1.0,1.0,9.375592607115547e-25,1.0,1.0,1.0,1.0,0.054862379513735515,0.05380726265246262,1.9440594140790252e-30,1.0,1.0,1.0,0.21824646756494587,9.027302597563237e-05,2.6185342361699667e-05,1.8878190021477128e-05,1.0,1.0,2.9822773088606952e-05,4.0007484754234656e-51,6.26746489854439e-07,1.0082102614876123e-31,2.3005530527921822e-29,2.3644772959556445e-06,6.020825270805101e-07,2.710479915635192e-12,0.04110105005078811,2.138124174543151e-18,1.0,2.0204676557528458e-09,2.357893166865073e-09,4.984274459784763e-19,1.0,1.0,9.467827279731372e-20,3.971056059699385e-06,1.372133020021855e-46,1.0,0.045314797926475206,9.276197938556554e-33,1.0,1.0,4.291847399786089e-38,2.532513783026591e-07,9.966040832105113e-24,1.0,0.004033766744830408,1.0,1.0,1.0,0.08262288136255681,1.0,1.0,1.3718348180681492e-09,1.0,1.0,1.0,0.5231226362487368,2.8258106693383754e-50,1.0,1.0,0.00791880302442629,1.0,1.0,9.516944514313503e-11,6.7548005837913e-05,8.431975215166067e-17,1.0,1.469053096955069e-07,0.008725634122268271,5.08399951754663e-07,1.0,1.0,3.205528058554704e-11
123,1.0,4.459003125898058e-08,1.0,1.0,9.283012734660556e-96,1.0,1.9654095842738866e-16,5.8216908910940976e-80,0.003091284661695974,1.2722455833185238e-89,2.956401232757016e-47,5.152816518699459e-32,0.0035717559907009677,0.14399926055460227,1.4769935356305533e-14,1.0,0.1586855316359683,1.0,0.000138250811802511,1.0,2.7236288503330793e-10,1.0,4.1865202343522203e-60,3.0766798435084003e-18,2.2163543992125418e-13,6.789649161883209e-37,0.1924030261129061,1.0,4.1017051858541e-47,1.0,8.760447578719561e-07,1.0,2.593047467044855e-05,1.725474519249386e-10,3.2279075638633494e-07,1.0,6.643557898811208e-21,3.2192795092349443e-114,1.0,1.0,2.0316004228792673e-05,0.045254127313775386,0.13646039179762662,0.34154405386012515,1.0,2.724372161841505e-54,1.2176518643427976e-50,1.0,1.3279585864217096e-37,6.265822380862289e-21,1.0,1.0,1.6307326418683269e-106,0.13904339884821487,1.0,9.046139969922736e-25,1.0,1.0,1.4378465524076242e-46,5.797369936385174e-48,0.04492450311500006,2.1462887512406353e-06,1.0,1.140914311229831e-21,1.4071844809192662e-05,1.0,1.0,5.324246488414016e-44,4.6483962673976105e-12,1.0,3.9780841405090055e-06,1.0,5.79475276016607e-24,4.465251237735251e-08,1.0,2.307281886819218e-55,8.118151682489375e-26,4.9174558894156983e-08,1.0,1.0,4.180229175557952e-42,5.448477280350528e-06,1.0,2.5442094584700344e-38,1.4414531391766223e-08,1.0,1.0,1.0,1.0,0.631699036725079,1.5052482096647988e-05,1.0,2.2595982611504332e-08,1.0,1.0,1.0,0.0006838722609553872,0.0013296633210646185,1.0,2.8648502693857024e-21,7.174825387120393e-08,3.297412467505231e-131,1.0,1.0,3.989077866235285e-11,1.0,1.0,1.0,3.6152455055881763e-09,1.0,0.001711632085032703,1.0,4.4754271117871275e-05,1.0,3.5768914191469697e-35,2.399131209473229e-69,1.0,1.9713358458504554e-05,2.1268075438568675e-16,2.2886375846395963e-16,5.896368145533741e-05,3.3746383426479808e-31,3.109564119959026e-08,1.0,1.0,0.025328850483829962,5.496543686779618e-31,1.0,1.0,4.038412469651232e-07,1.8393332435152167e-25,6.376440514052013e-20,1.0,0.9984678972610698,1.0,1.0,1.45644828734492e-23,6.3814190543304e-08,1.0,1.0,1.0,7.413745613814105e-46,3.661846637833575e-22,1.0,1.8289233903892467e-13,1.0,8.858006870649533e-18,1.0,1.0,8.198983216267448e-71,1.0523740516871985e-08,2.0101088720001036e-117,8.182012293372948e-10,0.013773512041606295,1.0,0.30055701471307117,1.0,1.1482706075766873e-12,1.0,2.9677212191167043e-05,1.0,1.0,1.0,1.0,1.0,1.0,1.940853193009731e-05,1.0,9.62314772831983e-10,0.45772048100318585,2.2209059292253127e-40,0.4802262438642114,0.06294008313075095,1.0,6.032112161091395e-07,0.09465400295586215,1.0,6.008897880267481e-63,1.0,7.14469070944069e-07,1.0,0.002356305956154962,1.0,1.0,1.8667808391454802e-05,7.614216827614254e-15,0.19691906455349945,1.0213217385705438e-05,1.0,1.0,1.0,1.5476109928106466e-29,0.04028308395825124,0.14544694028875463,1.0,1.0392826152688697e-17,1.0,1.6096343450656463e-06,4.475614934052103e-68,1.0,1.0,2.666746649486124e-41,2.1708110664135155e-22,1.0,1.0,1.0,1.0,1.0,0.9156128214393026,5.041683561672587e-14,5.592534461534329e-53,4.292194556827054e-30,2.436430122885763e-15,0.07176808641351609,6.134932787374395e-22,3.833451761154663e-72,1.0,1.2328200134285613e-08,1.6869004533115125e-10,1.0,0.005608791835049503,1.0,1.0,1.0,2.018272348813268e-05,0.3077059739130985,1.0,3.065190491114136e-09,1.6667632184322867e-05,1.0,0.005415478376449537,0.01952829789079483,7.400120499122419e-08,1.0,5.741704675606048e-19,0.06615523424359031,0.004178599512679904,9.583819691271128e-22,2.45551610926416e-12,0.052312147091759825,1.388597315964558e-35,2.722906625585757e-25,1.0,0.003921937040392923,7.96253298785098e-30,5.3339267621652674e-21,1.0,1.6611130223901831e-09,1.0,1.0
124,1.0,0.1309851929385654,1.0,0.002696275592696277,8.205712845251576e-74,1.0,1.1794148335977498e-07,3.364424890716806e-60,1.0,1.2410781188697351e-68,2.3659477731550617e-32,7.032006618140347e-46,6.639716533265393e-10,1.0,1.896903161080769e-06,1.0,1.0,1.2079092202761785e-05,1.0,1.0,0.001796636468660997,1.0,5.800635895895675e-44,1.8813144065647954e-09,8.036418899909037e-23,1.9449099835425367e-24,4.952319575220578e-07,1.0,4.181905031705372e-33,1.0,0.29876928616155524,1.0,1.0,0.0006625102814598528,1.093697131827694e-14,1.0,6.812034750894528e-12,1.375955203745884e-92,0.2553682070813645,1.0,1.0,1.0,5.834429085149802e-07,1.0,1.0,8.625965315390919e-70,1.0023804852109413e-36,1.0,1.0076952238201637e-25,4.53971166644831e-12,1.0,1.0,3.701122030547324e-86,1.0,1.0,3.0521445721344362e-15,1.0,1.0,1.356926480274424e-33,8.650110944611892e-35,1.0,0.283821678579216,1.0,6.615487470822496e-13,0.9934188915025726,1.0,1.0,1.3422435919057061e-31,3.3545362040406536e-20,0.00426406425916691,0.37064685343041687,1.0,6.801637120685085e-15,0.014931515797274345,0.0910675719128225,1.6496742786580339e-41,1.805689929638446e-16,0.014049391442419647,1.0,1.0,2.8987414587739013e-30,0.37173372232914037,1.0,1.2004280232143622e-50,0.005071577063658337,1.0,1.0,1.0,0.10993300359459689,1.0,0.5976285763762902,1.0,3.636326822307463e-15,1.0,0.0001850233155878831,1.0,1.0,5.440052107600284e-09,1.0,3.384538781720095e-13,0.010529636327262712,7.247787916346982e-111,1.0,1.0,3.326510822020372e-05,1.0,1.0,1.0,0.000959791434519083,1.0,1.1105576060751902e-08,1.0,1.0053457850497728e-10,1.0,4.131259538815643e-25,3.809596486964229e-55,1.0,0.4552967482850007,1.853650662182445e-24,2.1303775920812036e-24,0.9086866500222773,6.7716514893336e-22,0.003482938893241487,1.0,1.0,1.0,4.0074297772448556e-41,1.0,0.5541250703579182,0.01995702314596478,2.9456152485506177e-17,1.2147716583910686e-12,1.0,1.0,1.0,1.0,1.922156713663725e-32,0.004162120194926627,1.0,1.0,1.0,4.92709359734002e-35,1.2682313008831799e-14,1.0,1.5869079492602504e-07,1.0,4.602374491854881e-11,1.0,1.0,1.1874253316629059e-57,0.0007319913272201371,2.2077991176036825e-100,6.063222685208899e-16,1.0,1.0,1.0,1.0,3.962219313328026e-07,1.0,0.2325093724055045,1.0,1.0,1.0,1.0,1.0,1.0,0.15660805254738713,1.0,7.060671833803305e-05,1.0,5.749049939459253e-31,1.0,1.0,1.0,0.009116987960668448,1.0,1.0,2.1476898343820965e-51,1.0,0.009976491081042194,1.0,1.0,1.0,1.0,3.700267313163999e-10,3.2494038839841993e-09,1.0,0.06556858438038353,1.0,1.0,1.0,7.68448070385725e-22,1.0,1.0,1.0,1.650309999238155e-24,1.0,2.4186275320807432e-11,1.684207361377917e-56,1.0,1.0,2.4505874926959474e-32,9.700050670873446e-16,0.002128723040572825,1.0,1.0,1.0,0.0008599844007627051,1.0,1.0581361510861197e-08,6.47895139037712e-43,1.7020199264892695e-22,1.1498444863854066e-21,1.0,1.965543177719207e-15,1.935218122487778e-60,1.0,0.00024493084602407667,5.730498675535821e-16,1.0,8.226134180254355e-07,1.0,1.0,1.0,0.07355292567182437,1.0,1.0,6.454421937908602e-05,0.0597671403801833,1.0,1.0,1.0,0.0007367660700860177,1.0,1.8836795683537781e-25,1.0,1.0,1.1589743927816703e-15,1.2192336433999105e-07,1.0,5.693131925429723e-28,7.372044652636461e-19,0.0016984104511751426,1.0,6.410684840054967e-23,3.647793501032133e-15,1.0,2.1978648235989513e-05,1.0,1.0
125,0.004063682248361228,1.0,1.0,3.1383086286956805e-17,6.278424567634655e-43,1.0,1.0,8.808996532148194e-33,1.0,3.4022721596824037e-39,6.738098070223498e-13,2.6222618885841847e-76,1.768327492788319e-27,1.0,1.0,0.00045065678768952224,1.0,2.1156196912864374e-20,1.0,1.0,1.0,1.0,6.903311419806789e-22,1.0,9.992261312364996e-45,1.9781887316443156e-08,5.617298703639638e-22,3.917593402271335e-06,2.0810966485676802e-14,1.0,1.0,5.295504682153513e-05,1.0,1.0,9.807138982083012e-33,0.04598439025855302,0.31963865058637414,6.065260453066408e-61,6.062540870814759e-12,0.03125960239242827,1.0,1.0,4.361246415195528e-21,1.0,6.480775140168107e-08,3.715643771139763e-102,1.0431412035314536e-17,1.8203056506144546e-05,4.645152120688128e-10,0.18122993696368922,1.0,1.0,2.292556135382978e-56,1.0,0.02718355060951069,0.002034463332250368,0.08572385253184905,1.0,6.974881315675535e-16,9.568256467487822e-17,1.0,1.0,1.0,0.03435575288236558,1.0,0.0001968804473867003,1.0,1.074452637149575e-14,7.760926543293186e-39,3.7407307823897746e-14,1.0,1.0,0.0015976543789739356,1.0,7.120855250371499e-12,4.2039038531413264e-22,0.00014292130066855164,1.0,0.0008207887601848421,3.1726404110673677e-05,4.380004112652072e-14,1.0,9.703083271264633e-06,1.3926637842799114e-76,1.0,7.1311879446045315e-06,1.0,1.0,2.6156438308490313e-11,1.0,1.0,1.0,6.0107026942864405e-31,1.0,1.5583858249407303e-15,1.971695445942085e-07,1.0,3.371982179445549e-22,1.0,0.005339347440973115,1.0,4.137552710159564e-80,1.0,1.0,1.0,0.03355205223261027,0.05183522280940225,0.24349104661606427,1.0,0.45396591910544876,2.4612737425829345e-21,0.09051846628190476,3.469296944968117e-24,1.0,2.460030350236393e-11,2.1462463660821794e-34,1.0,1.0,4.038125589200827e-42,5.436378039826052e-42,1.0,2.8875633003953606e-09,1.0,0.025328850483829962,1.0,1.0,2.202747714624053e-62,1.0,4.312616414274176e-09,1.0,2.647132355860578e-06,0.003036013321209159,1.0,1.0,1.0,1.0,2.5786940189003068e-51,1.0,0.015506161677872535,1.0,1.0,1.52962194942378e-19,0.00011170477553942549,1.0,1.0,1.0,0.019332146124981346,0.00024405021202548516,7.294272186382994e-06,4.758900182119296e-38,1.0,2.9070582979847695e-74,1.2459074061442899e-29,1.0,1.4616557534162062e-07,1.0,0.9965786063489879,1.0,1.0,1.0,1.0,1.0,1.0,0.0029276591731516857,1.0,0.4417487695563046,1.0,1.0,1.0,1.0,2.1335039387965162e-17,1.0,1.0,1.0,1.0,1.0,1.0,4.294716911369883e-34,1.0,1.0,1.0,1.0,1.0,1.0,6.991739224009346e-21,0.0691209751626937,1.0,1.0,1.0,1.0,0.5602796427505525,6.148103174049856e-11,1.0,1.0,0.5753657003533083,7.111220421020434e-39,0.03490780310707977,3.55961113718987e-22,5.7893048498839784e-39,0.0901227425983812,0.03244803667111632,3.26721199253035e-19,1.4869686418278824e-06,3.619123068784331e-11,1.0,0.00043024943807970436,0.00047145219025054706,1.0480302470600486e-11,1.0,0.09647382766205037,7.086332045754699e-28,1.1939935557704413e-11,4.117550270804235e-35,1.0,1.964231836451042e-06,1.3486153327776492e-42,1.0,1.0,7.597425274396343e-28,0.013388482297766128,9.853000548756574e-16,1.0,1.0,1.0,1.0,1.0,1.0,1.0,1.0,0.00020175231510648377,1.0,1.0,1.0,1.0,5.941221908579977e-39,1.0,1.0,4.232504073588872e-07,0.19590389044344492,1.0,9.649223989287371e-17,1.2388993914135471e-09,1.7906631229478354e-10,1.0,7.493851200300922e-13,6.377877835634608e-07,0.010607148343950759,1.0,1.0,5.215467443466563e-06
126,1.05152109580206e-72,1.9724212169768432e-121,1.7760204228066832e-86,6.005942155427421e-39,9.614909080144804e-306,1.0057950576133386e-77,2.4664292059005196e-142,1.954217249121594e-275,1.3660098167579124e-100,1.4762903604328887e-292,7.7912437194748e-212,1.0,2.708900043703263e-24,3.0618826927806493e-91,6.7064183558854915e-133,7.939757066264745e-59,1.2823425354184642e-89,2.5146524975721275e-29,1.5518916080368382e-100,1.242467248363647e-78,5.346538282339129e-118,1.7523139240452662e-81,1.4560414007689361e-226,2.875662002821611e-137,4.870579330938761e-08,2.734816511858976e-179,8.830559953043553e-24,1.7280660355668205e-47,2.4701789879637262e-198,2.1797360469401528e-69,4.634755791177302e-101,5.145552621295443e-47,6.395828079694912e-95,9.054827451756186e-111,2.0888811147533374e-12,7.958389600354265e-55,2.822956139765465e-136,0.0,4.682597168540731e-32,1.8049765262080056e-52,4.928578438963833e-93,4.459563802166904e-81,2.583613532794066e-20,1.651003861821664e-77,7.270580888576168e-38,1.0,3.0000531204789656e-196,6.594370130175437e-42,1.2379829025269079e-169,2.771867780075623e-133,1.492114108387576e-71,9.706957224756181e-69,1.9054922136287154e-291,5.616368353374665e-77,5.2823179234521326e-49,2.2269201756379776e-140,3.846794644105523e-50,1.9267658939140093e-53,2.391649515599567e-183,5.117296439183214e-186,1.1699309760862414e-76,4.882001556578333e-91,1.550254775021408e-68,2.5703941075681754e-130,6.163686067261964e-88,1.1072823513677905e-39,1.2330604860303043e-56,1.796578237112288e-175,0.00011481907331746369,7.563920400004015e-23,3.9493504904258896e-88,1.7837701922762892e-50,4.548751400258286e-133,1.4661021322863402e-93,2.36766912102873e-25,2.1636649676696795e-195,4.453673143372438e-136,6.247731887412215e-92,4.0130157028218844e-38,6.244456293843468e-35,1.1974244908504748e-167,6.017166555739487e-85,4.0751683561988305e-33,1.0,5.004625132246493e-92,4.0479617826737074e-32,2.5589776732832097e-64,8.705613012885585e-49,6.406964500299516e-23,1.4540937550829529e-65,1.3435293633602818e-80,3.3194742718880404e-58,1.7589640462560896e-05,9.501578547577809e-48,1.981016892331425e-16,9.094018049593196e-27,2.850395767999997e-74,2.4137310709584597e-10,4.033792071830534e-44,3.510018137468102e-118,4.063146902063721e-85,5.17724656556707e-306,3.15986907347729e-42,9.284024479000681e-52,1.1772612244681006e-92,1.47079343266719e-35,6.582946728058247e-36,1.4962207314259153e-37,7.253483893446774e-87,5.398692293501537e-38,2.7720326317026883e-09,1.5157054039867955e-35,2.9549797834323484e-07,5.337042223004618e-55,8.548477817276369e-143,1.6362801485159615e-203,3.636277798803077e-40,1.598886619443427e-74,1.0,1.0,5.232995174874504e-72,2.5370261710088426e-132,6.092986066456503e-81,5.496543686779618e-31,4.0074297772448556e-41,2.202747714624053e-62,1.0,1.3322155774480425e-45,3.119072784127565e-18,4.414657482041501e-76,2.4066602840907803e-117,1.5009641378061588e-105,2.1816582608957915e-44,4.56348988393017e-55,1.1347184321514859e-49,1.087047541883645e-48,1.0,2.3245804449133878e-76,1.6225754831851175e-27,1.2628863332934758e-43,6.842328602766211e-42,9.707678934622016e-154,2.5389824401680096e-108,5.601778421666313e-39,2.2849256144913162e-88,1.0250293172306655e-52,1.332192377280613e-97,3.5642512453142737e-22,1.4810971107875215e-19,5.335534365341063e-192,7.099468929686757e-75,4.765036562106238e-263,1.0,1.7110923929282953e-56,3.4813627560506512e-15,5.362902010564318e-52,1.5627414946896799e-27,8.139839999074177e-82,8.994664095280416e-47,6.806159193039784e-63,1.9316062591362295e-27,2.604830564329837e-29,1.2326180752738289e-47,1.8958366642605003e-20,6.7308336409439794e-40,5.75281877831887e-25,1.4559989144728741e-62,4.7092161282397525e-32,3.5589156017230164e-73,4.250883886550248e-49,5.097935981058131e-134,9.071590506222863e-49,1.3437000113627618e-51,3.581212798207508e-41,1.594847164970781e-64,9.847115643429368e-50,5.052122510717298e-34,2.128871047590607e-169,2.4907884582088877e-36,6.107419068805458e-64,3.811354652742457e-39,1.2145857808604534e-53,5.172374374325981e-29,6.67572869849559e-29,0.18196389982822445,3.583675120312284e-81,2.3414671784685773e-47,2.4574695583288083e-59,1.7104663192047202e-29,3.627885416935195e-22,4.397626135031596e-21,4.666242668976254e-109,1.3113226714819921e-48,1.4141593267080545e-46,1.3618437683700037e-20,1.0,6.107994209228568e-18,1.0,1.49103338911461e-172,1.2803649765289975e-18,1.349837820885784e-17,1.7014688109920234e-128,3.2357008027853994e-94,2.93429717760177e-06,2.987886518058542e-34,4.756541068144348e-14,5.611843987635799e-14,1.097027611358923e-05,5.294839891208024e-43,1.7505551176660864e-76,6.390026248303935e-147,9.318510769284266e-108,1.0,3.5236227630425136e-46,4.040571926343603e-92,1.8038975627690864e-176,1.9099684711767537e-36,1.242105288610024e-63,1.0,2.220339805165418e-15,0.026988494402249444,1.5368628386211678e-40,1.3366625291382233e-21,1.373951231326604e-35,1.5933228888119996e-54,1.431620218355282e-42,1.5677201962505732e-23,3.004107296931868e-63,3.6371949068759464e-54,2.3885953289826746e-11,6.186556903887179e-47,4.37992664659141e-45,6.681501749301499e-59,1.0785628073634573e-23,1.0,5.333715628598281e-43,7.890381742626053e-46,6.88325921307676e-86,5.7965757549692475e-67,3.592564926587004e-42,2.1846828109230367e-109,4.5843712294257695e-91,0.0027740734742286864,4.186185830541685e-44,2.118578918844785e-98,2.5778864217228987e-82,5.222858105112328e-11,3.383543222887483e-59,3.0614376000428347e-28,1.2224889152017777e-06
127,1.0,1.0,1.0,6.319727554748715e-06,4.77770473549604e-64,1.0,0.00017107476587682678,1.4297282431276113e-51,1.0,2.3527247894203773e-59,3.2940997433145464e-26,6.883509887811721e-52,2.3432373300451393e-13,1.0,0.0014820568980499535,1.0,1.0,1.6501554053014563e-08,1.0,1.0,0.38141778791808995,1.0,4.283339393969291e-37,3.4356278783164277e-06,3.104601203922191e-27,2.104070841511082e-19,5.621899792804803e-10,1.0,2.763210655993007e-27,1.0,1.0,1.0,1.0,0.1308479457629779,2.480532152094475e-18,1.0,1.873909104391437e-08,9.5290706442477e-83,0.0024557381366070038,1.0,1.0,1.0,9.020255053019871e-10,1.0,0.8132393871005497,3.008968350479238e-76,7.162954823630149e-31,1.0,7.183446445222106e-21,1.1312909079277383e-08,1.0,1.0,5.9143173910359776e-77,1.0,1.0,1.6410888579196444e-11,1.0,1.0,3.6454373554703374e-28,2.9190237112975465e-29,1.0,1.0,1.0,1.6383750972379397e-09,1.0,1.0,1.0,1.9861299030441368e-26,4.9133848817477986e-24,2.8589688842858378e-05,1.0,1.0,2.4780584211580728e-11,1.0,0.0009966148788807278,1.33052140396582e-35,9.12572882906025e-13,1.0,1.0,1.0,2.4617482593386703e-25,1.0,1.0,5.6023169236425155e-56,0.4502232431701724,1.0,1.0,1.0,0.001449426235177729,1.0,1.0,1.0,1.947350694114958e-18,1.0,1.0954171105461452e-06,0.42969508063375345,1.0,1.0564105007889492e-11,1.0,4.967764054759343e-10,0.6982863859028333,1.748904222020779e-101,1.0,1.0,0.004994318219311941,1.0,1.0,1.0,0.08652229344039217,1.0,2.727742240412724e-11,1.0,1.624237779960576e-13,1.0,5.898468949481409e-21,6.207063672508655e-49,1.0,1.0,3.561987349921179e-28,4.215420363930807e-28,1.0,4.363381240852636e-18,0.22753806179274585,1.0,1.0,1.0,1.3322155774480425e-45,1.0,0.01386275515181787,0.9345022765288483,6.036111643672709e-14,9.115968670305863e-10,1.0,1.0,1.0,1.0,1.9267165305119286e-36,0.22964831104309225,1.0,1.0,1.0,1.9412411005554568e-30,1.3102788927750798e-11,1.0,2.9684566677718915e-05,1.0,1.9992803911668717e-08,1.0,1.0,7.280930060878811e-52,0.044632265444257115,1.349688285769391e-92,7.434080595168889e-19,1.0,0.06841187047148989,1.0,1.0,5.3011946761498034e-05,1.0,1.0,1.0,1.0,1.0,1.0,1.0,1.0,1.0,1.0,0.004797225196049599,1.0,5.507314909054064e-27,1.0,1.0,1.0,0.3120434502674686,1.0,1.0,2.412081605514161e-46,1.0,0.33199407985620905,1.0,1.0,1.0,1.0,1.8876893098856735e-12,5.317170677215872e-07,1.0,1.0,1.0,1.0,1.0,1.2027182927092793e-18,1.0,1.0,1.0,1.25912117107688e-27,1.0,1.134176220530379e-13,2.0914772457137056e-51,1.0,1.0,1.595522461411056e-28,4.960738704977926e-13,5.0331467217701976e-05,1.0,1.0,1.0,1.8733421403783303e-05,1.0,1.3144710098297431e-06,1.4741734890515056e-38,2.4872587481955327e-19,1.3727251116618583e-24,1.0,8.777586159651714e-13,2.88051856783687e-55,1.0,0.010453091044512905,1.5168368739603495e-18,1.0,1.019805787357182e-08,1.0,1.0,1.0,1.0,1.0,1.0,0.0029243722305917217,1.0,1.0,1.0,1.0,0.024234797686899387,1.0,2.0645434323954467e-28,1.0,1.0,3.6138730846188434e-13,8.655541202077624e-06,1.0,9.59419838327734e-25,3.433663363056675e-16,5.5639132433748017e-05,1.0,5.057236936016916e-20,9.022976951246338e-13,1.0,0.0008762533999448288,1.0,0.11925709793379097
128,0.02179014000894925,9.907292742339582e-21,4.257266717420766e-07,1.0,1.21627074766226e-125,6.063202165806635e-05,8.721359750745408e-32,1.4073816198916568e-107,2.878148049496943e-13,1.733346609274351e-118,1.1720871601706856e-69,2.923714663689631e-15,1.0,1.9926934186146867e-10,6.359128349903223e-29,1.0,2.97985780244547e-10,1.0,6.401634525680647e-15,1.2279529826042708e-06,6.046280674254652e-23,3.533489659988923e-08,1.4376414520358164e-83,3.163621374222318e-33,0.00308311662696444,3.3768245214272743e-56,1.0,1.0,3.9831456973522375e-68,5.9029871290401474e-05,1.5405271111073214e-17,1.0,2.5300047098583336e-15,1.5952376000198304e-22,1.0,0.7646589467278124,6.920730876163925e-36,3.4545686539353923e-143,1.0,1.0,2.7397848273510225e-15,2.649697761503661e-10,1.0,6.469222016673922e-09,1.0,6.617568535343194e-34,2.7230027874945884e-71,1.0,6.8567829519478675e-56,1.2830312171747809e-35,3.9498689593514743e-07,3.8164112108095105e-06,4.55664580569888e-134,2.2570542673551305e-09,1.0,3.302655234533249e-40,1.0,0.13420429750552426,5.30300315108042e-66,1.2645891328644897e-67,5.829910157642618e-10,3.1045355197295507e-16,5.96285883991855e-07,4.505680175526322e-36,4.871332445602192e-15,1.0,0.005584274909966351,1.0942234702090628e-62,0.0035417128796151453,1.0,1.1171978436317816e-15,0.29962347459068206,1.1770085220239935e-38,2.4851780622049896e-18,1.0,1.1194751943988203e-75,8.244084139763591e-41,3.8784733358005305e-18,1.0,1.0,5.110309034369134e-60,3.0278660165132253e-15,1.0,1.2114687942440286e-22,9.955278391003915e-19,1.0,6.668817283261435e-07,0.15413548404320895,1.0,1.1706634206091974e-07,2.294654235940324e-14,3.759796167285892e-05,0.3421788131021421,0.13986641459109683,1.0,1.0,6.268350279807222e-12,1.0,1.0,1.982292919536892e-34,2.464956892344416e-17,2.8633839172964843e-158,1.0,0.0016881980666277596,1.6186402014736493e-21,1.0,1.0,1.0,6.8159897949128365e-19,1.0,1.0,1.0,1.0,4.4376046800055364e-05,1.2362191466004322e-50,1.226335431604216e-89,1.0,1.0828107736732308e-13,5.326772779682328e-07,5.346092411692055e-07,6.170152732401621e-13,1.17581163385817e-45,2.4738119664836118e-17,1.0,0.5541250703579182,4.312616414274176e-09,3.119072784127565e-18,0.01386275515181787,1.0,1.1144111568026687e-15,1.8480239473809803e-38,9.28512483144581e-32,0.017617777039014286,1.412220213895673e-06,0.00019646991725452844,0.0004227767784939456,1.0906643662369871e-12,1.459730751056096e-16,1.0,0.016661105549186383,0.06514642476261925,5.62290214802878e-62,2.9354764125964428e-34,0.4115040156505067,1.692754568359592e-23,2.8708480189361192e-06,8.662154162676306e-29,1.0,1.0,1.3862321447409923e-89,3.0548853629987436e-17,1.5091981950148476e-140,0.006085088492547711,6.921178783896641e-09,1.0,6.006130118809073e-07,1.0,5.200667319878834e-22,4.729177745860795e-05,2.0207010774742397e-12,1.0,1.0,1.3150850658029222e-05,1.0,0.012928245828097958,1.0,1.3759210430426805e-12,1.0,3.8120382206649404e-18,1.738911350939744e-06,1.5927072899996217e-54,1.9627797175357065e-06,1.0595559324307169e-07,0.0014562899139760107,2.238500183954637e-14,2.4678207810489424e-07,0.473821874857813,1.318433398014789e-79,0.07145288550943026,3.0538671445240537e-14,0.004995508639040355,1.746750860284798e-09,1.0,1.0,1.0,4.112585072943011e-24,9.250665836869728e-07,1.4278186913764033e-12,1.0,1.0,1.0,2.1154217917773333e-41,1.1823045172328864e-07,7.675716032121546e-07,1.0,1.968790884272698e-09,1.0,0.33594373318580867,1.198867102625392e-84,1.0,1.0,1.0591156461984007e-54,6.849580803947243e-33,1.0,0.059909253282397455,1.0,1.0,1.0,1.3096035449517766e-05,8.648966061039377e-23,1.0638358453770055e-67,9.090960907243955e-42,1.0064223575264744e-07,3.7535442799993965e-07,3.2327910776309985e-32,8.17248782511747e-89,0.0052782108558445525,4.990464939502602e-16,0.00038303643382352366,1.0,1.0,5.634911613345864e-05,1.0,0.0053418351585798295,8.765989321783096e-12,4.099946863090191e-06,1.0,1.3400306526265913e-16,7.795884537114852e-12,1.0,1.8541241948871055e-08,1.1212226024743322e-07,9.649713255848689e-15,1.0,6.157643266645294e-11,6.717608187264773e-07,1.7898539472214468e-08,2.676885673733947e-31,4.463569008809668e-20,6.200386229027973e-07,4.696099446716743e-47,2.966731854372348e-35,1.0,2.4606467479195598e-08,2.2618316442138444e-40,3.621756932680742e-30,1.0,1.988300238507948e-16,0.2142010170812948,1.0
129,2.4834827510574035e-10,1.0,0.00019169280023867712,1.8322021517743394e-28,1.748848012259585e-27,7.511383627507039e-06,1.0,1.5683469902450851e-19,1.0,1.277863469828739e-24,0.00011004961866150114,1.013676234432032e-95,1.700114024540935e-40,0.48793752509559307,1.0,3.5078629969641555e-11,0.6621113090053078,8.012186020090778e-32,1.0,0.0041721526700712955,1.0,0.12574265295086978,1.1700814813448373e-11,1.0,1.0589104852541666e-59,0.05849101471812912,2.588852481690319e-33,1.2148292263142602e-13,3.3225835418649202e-06,0.0022836786018544,1.0,5.795740995836796e-12,1.0,1.0,1.4489053841696955e-45,6.51980058348456e-08,1.0,4.0859663633482044e-44,9.486773936652577e-21,4.5696486886118797e-08,1.0,1.0,9.17594053243508e-32,1.0,1.3527523480239939e-15,5.119278480576848e-122,5.335774977409852e-09,2.3764048970985996e-12,0.0020588847263014257,1.0,0.9848367395469662,0.23088528463915825,1.3194130953662218e-40,1.0,5.33343370292911e-08,1.0,2.7875335245571353e-07,2.87984767328168e-05,7.966464316095669e-08,1.7685888135309398e-08,1.0,1.0,1.0,1.0,1.0,1.0243473023536118e-10,0.0029249119887147295,4.789495506947665e-07,1.1646477218613322e-51,6.499313245519152e-23,1.0,4.442199927178471e-05,1.0,1.0,4.340181484751533e-20,7.880196106214904e-13,1.0,1.0,1.0181404072658688e-09,1.4033070754115321e-11,9.458963376645398e-07,1.0,3.3703341186841143e-12,5.1979955726110826e-93,1.0,2.53165027042337e-12,1.0,0.0008943720369777931,4.1612728527053805e-19,1.0,1.0,1.0,4.880307859132302e-42,0.0025101715444798486,4.6493181624621876e-24,3.9629937362617026e-14,1.0,7.155742554711817e-32,0.00037311480060299543,1.0,1.0,5.122428882620441e-63,0.00021069385972749638,0.585997180770869,1.0,3.442565928206674e-07,6.334857468871225e-07,5.450883870153821e-06,1.0,1.3490112464536529e-05,1.3316321235921795e-30,1.5313312657889316e-06,6.959957042854445e-34,1.0,4.012976958302342e-05,9.276831200850033e-24,0.0006164411135619344,1.0,5.246164205580705e-54,7.841164850621274e-54,1.0,0.0011301415042929124,1.0,4.038412469651232e-07,0.01995702314596478,1.0,4.414657482041501e-76,0.9345022765288483,1.1144111568026687e-15,1.0,0.1263011341996142,1.0,1.0,1.0,1.0,1.0,1.0517974177331188e-63,1.0,3.1310986738726455e-07,1.0,0.7649745443812507,5.584460396410799e-12,1.0,0.18735969275754324,1.0,1.0,1.0,1.838155294778353e-09,2.1815081660145572e-11,9.338993102865482e-28,1.0,1.086953293812424e-59,4.149467157345188e-39,1.0,2.542601000373231e-13,1.0,0.00014941170905902315,1.0,1.0,1.0,0.0005744435346663753,0.00497041656856818,1.0,8.193846816117334e-08,1.0,6.098895194083739e-05,1.0,0.15694493872166965,1.0,1.0,9.608177118358735e-11,1.0,1.0,1.0,1.0,1.0,1.0,5.225520679485198e-25,1.0,1.0,1.0,1.0,0.19894068469498638,0.19505063568379621,1.683856114631604e-28,1.0,1.0,1.0,0.7117620504749849,0.000469358136556202,0.0001452637344808217,8.801821343602249e-06,1.0,1.0,0.00016157891615985407,1.925811884806872e-48,4.16821536925616e-06,8.545900044654515e-30,1.3456254251132152e-29,1.4581809373056083e-05,3.9690002639597945e-06,1.2424160326937216e-12,0.020596585842842248,4.8203649395202446e-17,1.0,1.7502923093473666e-08,2.0138602560322225e-08,1.1791330106051715e-17,1.0,1.0,4.632414241761303e-20,1.847399626614703e-06,3.8868350818020413e-44,1.0,0.022851689155267606,5.67240208498254e-33,1.0,1.0,5.4947167219163194e-36,1.642228029277185e-06,3.3587442623499535e-22,1.0,0.015519722843007218,1.0,1.0,1.0,0.26309631290930924,1.0,1.0,1.078684532812014e-08,1.0,1.0,1.0,1.0,6.956822547445437e-48,1.0,1.0,0.004007014311159032,1.0,1.0,4.361061166282646e-11,3.280762857630481e-05,1.1320885231934966e-15,1.0,6.88972806046832e-08,0.0044661593033222275,2.6591443833887346e-06,1.0,1.0,2.498231882769922e-10
130,7.466099585060053e-40,9.4654436343973e-13,1.5920679633132967e-28,9.953297988018916e-68,0.002016157867407715,1.1548858315345974e-30,0.00010178305933596522,1.0,3.3573679783066893e-18,0.029601604411564446,1.0,3.5694396844873666e-156,6.046210168288303e-84,2.6296349178531153e-20,5.85091179399391e-05,3.0937571844608965e-39,9.331821581498051e-20,8.767949121706792e-71,4.1574508599446304e-14,3.324839450065419e-24,1.7405851086134805e-07,9.037053835499149e-21,1.0,0.08203612156698208,1.9673557131565742e-107,1.0,1.821820796463102e-71,5.366216311413215e-42,1.0,1.2935554977770825e-23,4.736760713244027e-09,1.4897528854776741e-38,2.717268804818704e-10,2.7453832805513695e-05,3.7733701829238954e-87,1.2032116464494186e-31,1.0,1.7954512878389894e-14,8.49783521210727e-52,1.4641540227441423e-31,2.012412616666774e-09,3.8547114382808145e-14,1.653382838820271e-67,9.808776043428995e-16,1.2005236322272072e-43,3.834674342484552e-182,1.0,2.950466596257985e-38,1.0,1.0,3.358623102315969e-17,1.6136120551858152e-18,7.177041966534363e-13,4.233711760904296e-14,8.531060738885366e-31,1.0,1.7794474324167964e-29,1.2035319299492997e-25,1.0,1.0,2.3811607399345714e-12,8.997354934461298e-07,1.157043820088858e-15,1.0,1.9045500037890089e-07,1.558789969456254e-34,1.4976780749999433e-21,1.0,3.240562108052292e-92,6.1368683048138295e-53,2.0286710286772038e-06,9.609236596063958e-25,1.0,0.00014558070994664517,1.1742617299787885e-48,1.0,1.0,0.0003316270449570587,3.3061528340029334e-32,3.373644027950985e-35,1.0,9.730580826286383e-06,5.5105655348506286e-36,9.388593150076088e-143,0.001931826391179294,5.459002313947252e-36,6.132234661962572e-13,1.5161889688851798e-21,3.891333637157393e-46,1.3513531963560966e-11,2.761917185968089e-05,3.2392418660426393e-14,2.4663733132326725e-77,2.3215389072497048e-20,1.0718579239373786e-52,4.45787694112646e-38,1.118353735634992e-06,2.135611744540741e-63,1.2159291210412021e-21,1.0,0.009574838045700322,2.8664088212581425e-30,7.181489777020099e-22,2.7417636629984027e-15,1.0,1.5227345412163972e-26,4.5542645828913615e-26,1.939103802826083e-24,0.18023207703857622,1.0856257331903458e-23,9.702500790866404e-61,3.334061922680711e-25,4.192783131287502e-65,3.69404480413998e-12,1.0,2.4258458866007278e-05,1.7120461235454797e-20,0.0009194824092412876,1.0143826819956057e-90,2.1349625978663163e-90,0.0006989249966293646,1.0,0.26053927011061556,1.8393332435152167e-25,2.9456152485506177e-17,2.647132355860578e-06,2.4066602840907803e-117,6.036111643672709e-14,1.8480239473809803e-38,0.1263011341996142,1.0,1.0,2.2444405718327904e-13,6.039145676683518e-08,1.8184323967570193e-10,7.770645818540186e-11,2.688110429931938e-101,1.0,6.185091498961084e-25,1.1497317482965217e-12,1.2248586032922165e-13,1.0,1.0,1.1426557040511687e-14,1.0,2.6463740109719106e-07,1.0,4.985705849487965e-28,5.7530818754090355e-31,6.068734411351983e-09,1.0,6.058739708037669e-31,1.2087182716310417e-68,0.0009509615197440846,3.3320984509810295e-33,2.622862187358401e-05,1.7489672613469273e-19,1.0,8.864853857026405e-07,0.5021303825639253,3.0383309854416095e-18,1.3291204245480374e-16,6.593558981757086e-06,2.0372562191320803e-24,2.242500090785863e-09,9.284775433165035e-20,1.0,9.289122263928161e-14,1.0,9.926660469545566e-05,1.0,0.00011539694504386707,0.001431210125946227,2.883554159176096e-07,1.0,0.002404250530407867,1.2520272848988913e-10,3.397846108419577e-08,2.7406792595861087e-09,1.0,1.7425891929295007e-07,0.16756495351939105,5.038536077736781e-13,5.029782686905455e-13,1.708840837449164e-52,1.0,0.0029299941832910707,1.0,7.625408403982045e-12,2.3486434996909377e-17,3.705216884998937e-18,1.0,0.030935317073555475,0.010134837496500225,5.893550918228635e-18,2.7099692330120607e-77,1.7607215745188777e-20,1.3431674055693739e-53,9.992604758657908e-12,1.3958827103883615e-19,1.949732726003149e-20,0.2765512581090564,1.0,2.6021532607334972e-36,1.9420947394675497e-07,5.851010044790055e-24,7.978976191807809e-24,4.428183751548603e-37,0.002587309580523039,1.0,1.0326970873906695e-05,1.0,1.9024886125991422e-71,0.055680845609153276,1.0,2.5979890372604752e-14,1.0176535186867481e-05,1.0,6.127214256960233e-61,1.3217024885451302e-20,8.836730278862305e-43,0.0025218075399975944,4.338326009553383e-14,3.592883649372198e-05,1.0,0.04073825022785528,8.224056025758607e-12,1.0,1.0,1.5887251842329875e-23,1.0,1.0,1.0,3.4291907660043614e-10,1.5254363629987848e-74,0.5571156885545011,1.0,1.0,1.0,1.0,0.39186758958389956,1.0,1.7648902328618528e-32,1.0,1.0,1.0,5.455246997937095e-19,1.0,7.322041458980565e-05,8.244495307210618e-25
131,1.3087995444435658e-30,1.9594612414451565e-07,8.700956751974882e-21,7.4979312687595285e-56,1.4263106720321862e-07,8.746481991119657e-23,0.3639385081033651,0.003064503147035263,4.476406544856981e-12,4.751209717761645e-06,1.0,3.7051206243169455e-138,6.08860155718535e-71,5.909961238575851e-14,0.20280444116181856,1.4655796642479642e-30,1.5302533577103504e-13,4.171201895274344e-59,8.220261886264306e-09,2.0265911775277206e-17,0.0019367753680568187,1.542547032425785e-14,1.0,1.0,2.5434196205980677e-93,1.0,4.221141548156125e-60,2.4357807124153567e-33,1.0,3.670052398099658e-17,7.678771645010521e-05,1.989970694075725e-30,6.827605950677918e-06,0.07193068617217876,7.016506172850552e-75,2.7045417902553058e-24,1.0,3.54397731474623e-20,1.7201960349638936e-42,2.6572966910772535e-24,3.066617755770792e-05,3.5810936632261957e-09,6.421410944869985e-57,1.5862265763830195e-10,3.546544022520862e-35,1.8145397734108768e-164,1.0,2.19901180812839e-30,1.0,1.0,7.702215783304081e-12,5.572121755658784e-13,3.3156297669308783e-18,3.2398309901555997e-09,8.93089632748939e-24,1.0,1.2690545894566195e-22,2.6877381264378164e-19,1.0,1.0,8.143535583305441e-08,0.003252168582393738,1.1894150389628742e-10,1.0,0.0008960151461326801,2.6584025766829695e-27,8.71373762270658e-16,1.0,2.187127583632042e-80,4.845320272638559e-44,0.005582558763680164,1.2435330643977741e-18,1.0,0.16556700840135669,3.6375879851816078e-40,0.2900497410610392,1.0,0.2948078734785446,2.2071702325082236e-25,4.507533569437423e-28,1.0,0.016961482919153767,7.906768866864461e-29,2.461469128274142e-128,1.0,7.051415129224691e-29,1.5947095778191523e-08,5.278032712459341e-16,3.94961135063084e-38,2.056661371388647e-07,0.033343655465230874,1.0799816081023322e-09,4.338393313002357e-67,4.817212137916374e-15,2.737883939583493e-44,6.131962097906283e-31,0.0023059035602826967,3.2910631138695506e-54,3.1688371214499874e-16,1.0,1.0,5.758080510223945e-37,1.7740151830184576e-16,1.0061482092876154e-10,1.0,1.1555735023224792e-20,3.022415372545438e-20,8.367545951045203e-19,1.0,3.7278733889629194e-18,5.568540384175198e-52,1.588193744236254e-19,4.719095479792099e-56,4.409219040689648e-08,1.0,7.727980004367305e-09,2.1959405720889785e-15,0.40912023617924,3.557949732730836e-80,6.737267960626088e-80,0.3102800649120164,1.0,1.0,6.376440514052013e-20,1.2147716583910686e-12,0.003036013321209159,1.5009641378061588e-105,9.115968670305863e-10,9.28512483144581e-32,1.0,1.0,1.0,2.5184755971598952e-09,0.00011376177989136793,8.154414686319599e-07,3.8815887976591584e-07,1.4327006933080358e-90,1.0,1.2923645043997574e-19,9.30263258221408e-09,1.3180628865432097e-09,0.054614423442632336,1.0,1.5315355337924648e-10,1.0,0.00033784097718295804,1.0,1.6343452848794333e-22,3.4799285860691686e-25,1.1154655722639856e-12,1.0,5.91359664525598e-37,3.2581017619158333e-60,0.2501007923532288,2.2058795352498935e-27,0.012817807322281547,5.749839613664115e-15,1.0,0.0006971669792348292,1.0,6.448117038122656e-14,1.8411650792584533e-12,0.003614836289440515,1.7299187035112593e-19,3.894390493481201e-06,2.6702185697951775e-15,1.0,5.584114397921356e-10,1.0,0.03309893638455419,0.08345809511752567,0.03684762169199925,0.29435882349979187,0.00021929698504591274,1.0,0.41556820821677115,2.590259879865545e-07,1.4391434269210443e-11,3.7965524415280784e-06,1.0,0.0001322043432414167,1.0,1.868051028583812e-09,1.8508050474880072e-09,1.1432988302912889e-45,1.0,0.44876358553135137,1.0,1.8855789896350027e-08,2.3174274297348294e-13,4.329001362760679e-14,1.0,1.0,1.0,6.143175095336642e-14,3.513928588398949e-69,3.204203277886455e-16,7.505482198575557e-47,2.1401634268758657e-15,2.0407485477269665e-15,3.369608765753559e-16,0.001981548414487579,1.0,8.84772021568612e-31,0.00011315572293945369,2.0052464760758954e-19,2.599446342905329e-19,1.6414344272110025e-31,0.35077713981525266,1.0,1.4197136025616308e-08,1.0,8.998599669531666e-64,1.0,1.0,3.456006679571796e-18,0.0031880622762628006,1.0,6.540295489248046e-54,1.8785976493566174e-16,6.264342557627932e-37,0.3148007631875454,1.331500180661899e-10,0.008530232594184095,1.0,1.0,1.3174553893309903e-08,1.0,1.0,3.3175421857547343e-19,1.0,1.0,1.0,3.086013705543512e-07,4.203965384244478e-67,1.0,1.0,1.0,1.0,1.0,0.004754408746719238,1.0,1.0689832883435534e-27,1.0,0.4804288335830439,1.0,2.753156372731301e-15,1.0,0.010804446319212306,1.2011389029960634e-20
132,1.0,1.0,1.0,1.457082354031502e-05,2.1496831557072713e-60,1.0,0.0005045113821752103,1.270490589067212e-48,1.0,5.258146575643105e-56,1.3451246071597485e-24,1.9655899311453438e-49,1.103807544737946e-12,1.0,0.003736890845155578,1.0,1.0,4.52953920693818e-08,1.0,1.0,0.7061965418743603,1.0,4.245296951528775e-35,1.113611561664958e-05,4.703255862869261e-26,2.912430275498893e-18,1.6417281456108377e-09,1.0,8.519410569576782e-26,1.0,1.0,1.0,1.0,0.24242758514086155,1.4187186718002995e-17,1.0,7.028781873766155e-08,5.978858231715677e-79,0.003814669352150661,1.0,1.0,1.0,2.351003111352189e-09,1.0,1.0,2.601100215410604e-73,2.392213655675747e-29,1.0,8.780177366299026e-20,4.153648175740248e-08,1.0,1.0,1.4805302374860882e-73,1.0,1.0,7.7505374636522e-11,1.0,1.0,7.976707161184279e-27,7.073664000240346e-28,1.0,1.0,1.0,6.087884995285436e-09,1.0,1.0,1.0,3.390555208786781e-25,3.46536937768327e-23,4.815225614495023e-05,1.0,1.0,1.0480511523541812e-10,1.0,0.0014967817557813487,4.925616038822025e-34,4.311613104085188e-12,1.0,1.0,1.0,3.379094305200182e-24,1.0,1.0,3.8719200045657274e-54,0.7239227592947031,1.0,1.0,1.0,0.0020874887370105396,1.0,1.0,1.0,7.496533372554316e-18,1.0,1.895344316391936e-06,0.5233295581063407,1.0,2.5241379861223673e-11,1.0,1.6252363230971826e-09,1.0,6.737053344970247e-98,1.0,1.0,0.009070930687754905,1.0,1.0,1.0,0.14128625967916994,1.0,6.035260300100899e-11,1.0,4.115300088743129e-13,1.0,4.1816789542822575e-20,3.4903726734153174e-47,1.0,1.0,2.17148795502537e-27,2.5326443662130383e-27,1.0,2.344903055177888e-17,0.3508742665559975,1.0,1.0,1.0,2.1816582608957915e-44,1.0,0.017617777039014286,1.0,2.2444405718327904e-13,2.5184755971598952e-09,1.0,1.0,1.0,1.0,1.640841836159498e-35,0.34516326441569406,1.0,1.0,1.0,2.0999787554920837e-29,3.9848196375296066e-11,1.0,5.780110055304656e-05,1.0,4.7996273429823686e-08,1.0,1.0,2.6911125726061206e-50,0.06875749516173582,5.91864941048837e-90,2.05766566641635e-18,1.0,0.08094314878935707,1.0,1.0,9.652733590797656e-05,1.0,1.0,1.0,1.0,1.0,1.0,1.0,1.0,1.0,1.0,0.007601079244710469,1.0,3.568190220160588e-26,1.0,1.0,1.0,0.43678767130910523,1.0,1.0,4.239795582252765e-45,1.0,0.4627467741431739,1.0,1.0,1.0,1.0,3.351196862236887e-12,1.0238006115954553e-06,1.0,1.0,1.0,1.0,1.0,4.283981757228842e-18,1.0,1.0,1.0,4.133756818716112e-27,1.0,2.056652137223042e-13,3.906070355850523e-50,1.0,1.0,9.171706707792201e-28,1.2791547648757035e-12,6.418572129997027e-05,1.0,1.0,1.0,2.422607720323488e-05,1.0,2.390164823390799e-06,1.3594121202547566e-37,8.720739955817705e-19,3.8096654878058455e-24,1.0,2.1873653748313387e-12,5.876930482413221e-54,1.0,0.015328041892368907,3.2342938146619282e-18,1.0,1.4672177787862385e-08,1.0,1.0,1.0,1.0,1.0,1.0,0.004347149024690679,1.0,1.0,1.0,1.0,0.03407129559572697,1.0,5.893430395960188e-28,1.0,1.0,8.288421447238202e-13,1.410780491532233e-05,1.0,3.581030231042731e-24,8.782320116092774e-16,6.71928083808315e-05,1.0,1.5026385823377974e-19,1.9589670942868162e-12,1.0,0.0012809308075698582,1.0,0.130111832520778
133,0.945070421690466,1.0,1.0,2.1540106718760292e-12,1.4352813624809573e-45,1.0,1.0,1.8998412524052892e-35,1.0,7.404223160951262e-42,2.9621873917179164e-15,2.5876365116693594e-64,2.6604646407631304e-21,1.0,1.0,0.11945005039041476,1.0,2.473391797762049e-15,1.0,1.0,1.0,1.0,2.0293302392833948e-24,0.6027495883282831,7.712052285046355e-37,1.594144310861408e-10,6.83779701239817e-17,0.00199611102975792,9.718043329492914e-17,1.0,1.0,0.014814783820324848,1.0,1.0,1.6889955393479243e-26,1.0,0.010441476347022853,1.544294349552563e-63,1.9922995505226686e-08,1.0,1.0,1.0,2.3075536051514675e-16,1.0,4.8680791644004095e-05,2.554805029721598e-89,4.4208001078003066e-20,0.0051522123964242985,3.749728357681767e-12,0.005872335248867616,1.0,1.0,5.248553619983525e-59,1.0,1.0,4.434092656861498e-05,1.0,1.0,3.612376095512521e-18,4.665950458865485e-19,1.0,1.0,1.0,0.0010245650962155412,1.0,0.0303878432419136,1.0,6.391558410925543e-17,1.85390746776398e-32,1.449481324431945e-10,1.0,1.0,3.795556648310324e-05,1.0,1.324582861390779e-08,1.6084888886214823e-24,2.8710882496276476e-06,1.0,0.08766995314900726,0.005760982363013946,2.949219350609687e-16,1.0,0.002041636289175626,4.623167436112269e-67,1.0,0.0015136958962839696,1.0,1.0,3.119482810602835e-08,1.0,1.0,1.0,9.584947559292934e-26,1.0,5.3008101483941924e-12,6.097637757715072e-05,1.0,6.101353939432329e-18,1.0,0.0001686690764048131,1.0,1.0522439950542605e-82,1.0,1.0,1.0,1.0,1.0,1.0,1.0,1.0,2.675719107418818e-17,1.0,7.197068961305748e-20,1.0,2.6827408181066277e-13,6.509550240303963e-37,1.0,1.0,2.968938677149492e-36,3.734089661585093e-36,1.0,4.171973438700818e-11,1.0,0.9984678972610698,1.0,1.0,4.56348988393017e-55,1.0,1.412220213895673e-06,1.0,6.039145676683518e-08,0.00011376177989136793,1.0,1.0,1.0,1.0,5.244382160178102e-45,1.0,0.5854872435491398,1.0,1.0,1.0582711088643378e-21,3.431458714828508e-06,1.0,0.23412528362647383,1.0,0.0009140407597706936,0.015491458366036827,0.0007352710087551132,1.5957714989939101e-40,1.0,6.339394436765018e-77,2.5151173227919013e-25,1.0,2.0628886690151027e-05,1.0,1.0,0.2515141237708333,1.0,1.0,1.0,1.0,1.0,0.10841619473653918,1.0,1.0,1.0,1.0,1.0,1.0,2.1714401781793923e-19,1.0,1.0,1.0,1.0,1.0,1.0,1.9718627800516854e-36,1.0,1.0,1.0,1.0,1.0,1.0,1.2049278205237984e-17,0.004702895620203195,1.0,1.0,1.0,1.0,1.0,1.25061322962988e-12,1.0,1.0,1.0,2.1116050072987743e-34,0.7343727612288996,6.435492984078364e-19,2.50830805473979e-41,1.0,0.6797257350202256,3.560644343311688e-21,5.150004189201389e-08,7.0828119479221124e-09,1.0,0.015205219299484386,0.01633848541856316,2.2561149191980227e-09,1.0,0.007307401940684036,4.9031422796671065e-30,2.4281498879273123e-13,5.616086366851137e-31,1.0,7.163097747523342e-08,5.5151913516986465e-45,1.0,1.0,2.952848709866965e-24,0.2906509954147189,4.1889592031046e-13,1.0,1.0,1.0,1.0,1.0,1.0,1.0,1.0,0.0066661014286410825,1.0,1.0,1.0,1.0,7.860301422177935e-35,1.0,1.0,1.7022150976462778e-08,0.018622933973757996,1.0,1.6578689219970685e-18,3.9431175265525254e-11,1.81741299583635e-08,1.0,1.8109558754625414e-14,2.812010572860725e-08,0.18484399049114106,0.6040243041474265,1.0,0.0001979938726199864
134,1.0,1.0,1.0,8.507484568689174e-09,1.5592616110032744e-52,1.0,0.15076095232178782,1.2802093607755867e-41,1.0,1.688056295666995e-48,1.4214644107689647e-19,9.734857286167901e-57,7.862811171687614e-17,1.0,0.6907703450155527,1.0,1.0,1.532809879539426e-11,1.0,1.0,1.0,1.0,2.090015892439e-29,0.004751315824159567,2.5706595188327374e-31,4.356247713719717e-14,4.694839296288263e-13,0.2793944338602189,6.0324177502897955e-21,1.0,1.0,1.0,1.0,1.0,6.562469651692915e-22,1.0,4.848075624363843e-05,7.850837143518615e-71,1.2179640703095521e-05,1.0,1.0,1.0,9.990805122847853e-13,1.0,0.00997021588804316,3.1839278917282804e-81,2.0851508757544778e-24,0.4966487104429337,1.095971829298726e-15,2.7492784002312917e-05,1.0,1.0,6.815451380938997e-66,1.0,1.0,1.0434285384000982e-07,1.0,1.0,3.2942355687226543e-22,3.5452761492205953e-23,1.0,1.0,1.0,4.302746075468223e-06,1.0,1.0,1.0,8.801571715785312e-21,1.0123161352284112e-27,1.1103651685737099e-07,1.0,1.0,1.0849658986942526e-07,1.0,5.938757961718374e-06,5.516741105982156e-29,6.071922729007517e-09,1.0,1.0,0.4272600370777777,5.792049115476287e-20,1.0,0.17254512878875838,1.5904699459710646e-60,1.0,0.1301314196603738,1.0,1.0,1.0541053273891408e-05,1.0,1.0,1.0,1.0474499934064123e-21,1.0,4.0435854976649245e-09,0.007371728026928705,1.0,1.5531573708949174e-14,1.0,8.465251057358751e-07,1.0,6.1332770072934015e-90,1.0,1.0,0.5940034405435579,1.0,1.0,1.0,1.0,1.0,4.959778527441506e-14,1.0,2.108211477475432e-16,1.0,1.7778982167257147e-16,8.968788050683246e-42,1.0,1.0,9.451121651452787e-32,1.143319334859324e-31,1.0,5.094570167228491e-14,1.0,1.0,1.0,1.0,1.1347184321514859e-49,1.0,0.00019646991725452844,1.0,1.8184323967570193e-10,8.154414686319599e-07,1.0,1.0,1.0,1.0,3.343664567251148e-40,1.0,1.0,1.0,1.0,2.477444251321606e-25,1.779650249267289e-08,1.0,0.005349038807925217,1.0,9.812190467755627e-06,0.5747917479429488,0.04060370492621478,3.633819360211084e-45,1.0,3.81050795469092e-83,8.29003142487468e-22,1.0,0.0015596320795944214,1.0,1.0,0.006951720897131429,1.0,1.0,1.0,1.0,1.0,1.0,1.0,1.0,1.0,1.0,0.29492268038957914,1.0,1.3623525444795073e-22,1.0,1.0,1.0,1.0,1.0,1.0,1.488859365997366e-40,1.0,1.0,1.0,1.0,1.0,1.0,7.206016460197084e-15,9.596703049725417e-05,1.0,1.0,1.0,1.0,1.0,3.3614620876906634e-15,1.0,1.0,1.0,1.0198787255346734e-30,1.0,4.0805824796340346e-16,1.5903648251836587e-45,1.0,1.0,2.6999999085550652e-24,3.6110528262838844e-10,7.732272114909428e-07,1.0,0.3791786856324687,0.40110601885389563,2.6738046151799414e-07,1.0,0.00017921015807670324,1.2523229740883422e-33,6.611879695172217e-16,1.5964744058829965e-27,1.0,5.523305335786379e-10,2.884305287324185e-49,1.0,0.4176199276223993,3.402265656615077e-21,1.0,8.812582787735943e-11,1.0,1.0,1.0,1.0,1.0,1.0,0.1284055442426254,1.0,0.1616898927460471,1.0,1.0,0.7496498719287545,1.0,2.2975613145331715e-31,1.0,1.0,1.604607610524732e-10,0.000667906837069099,1.0,3.409404588083736e-21,2.523852205949237e-13,1.22966868277966e-06,1.0,7.142621878213543e-17,3.1260523571131116e-10,1.0,0.035471909500404034,1.0,0.005696236961382354
135,1.0,1.0,1.0,3.247817029022605e-08,2.4989778247860616e-53,1.0,0.07429783792333423,2.3327629272310852e-42,1.0,2.8452466899477843e-49,3.7463259745232745e-20,2.8110904548685038e-55,4.520952633037463e-16,1.0,0.36005533693077685,1.0,1.0,6.456670254767548e-11,1.0,1.0,1.0,1.0,4.790165099592102e-30,0.0022311921532885376,2.5076376124630857e-30,1.381086617378887e-14,2.0333435071186153e-12,0.581992989613791,1.641641146196033e-21,1.0,1.0,1.0,1.0,1.0,4.0696192424753545e-21,1.0,2.1424492432672337e-05,1.2079110988016172e-71,3.336813219895844e-05,1.0,1.0,1.0,3.985170276643575e-12,1.0,0.022398874382290983,1.2750820224778319e-79,5.546369697899801e-25,0.9773329928960747,3.522033500540623e-16,1.218816223866553e-05,1.0,1.0,1.1151557723443473e-66,1.0,1.0,4.259078954377198e-08,1.0,1.0,9.384934456939654e-23,9.914484951249503e-24,1.0,1.0,1.0,1.8882527468232926e-06,1.0,1.0,1.0,2.6204478275983756e-21,6.837294430559048e-27,3.2057278176638423e-07,1.0,1.0,4.550342013549159e-08,1.0,1.553040516204015e-05,1.42887130026888e-29,2.4576530351262725e-09,1.0,1.0,0.8107364857869662,1.7941308836212453e-20,1.0,0.33530002208347964,2.71255132815364e-59,1.0,0.2538830480422689,1.0,1.0,2.6306510513254668e-05,1.0,1.0,1.0,5.1243155950411444e-21,1.0,1.177067446879825e-08,0.015327775203393438,1.0,5.697276218898172e-14,1.0,3.827467386079465e-07,1.0,9.584547739484898e-91,1.0,1.0,0.34620505791111855,1.0,1.0,1.0,1.0,1.0,1.7179312817830206e-13,1.0,7.983879200590066e-16,1.0,6.334734028220685e-17,2.1455088835173762e-42,1.0,1.0,5.81082544060946e-31,6.9755058706428085e-31,1.0,1.9505847851610417e-14,1.0,1.0,1.0,1.0,1.087047541883645e-48,1.0,0.0004227767784939456,1.0,7.770645818540186e-11,3.8815887976591584e-07,1.0,1.0,1.0,1.0,2.3941749220867577e-39,1.0,1.0,1.0,1.0,7.904076788390556e-26,8.14439633172578e-09,1.0,0.0029661726821275463,1.0,4.929622015644707e-06,0.9860540498151421,0.07461133994523114,9.16254453843379e-46,1.0,7.039175048368165e-84,3.2574723498038485e-21,1.0,0.003036739662634424,1.0,1.0,0.003968711022182099,1.0,1.0,1.0,1.0,1.0,1.0,1.0,1.0,1.0,1.0,0.18215025566362641,1.0,4.872725944703591e-23,1.0,1.0,1.0,1.0,1.0,1.0,4.242907757407482e-41,1.0,1.0,1.0,1.0,1.0,1.0,2.057890189678547e-14,5.282565689267534e-05,1.0,1.0,1.0,1.0,1.0,1.4308933766018462e-15,1.0,1.0,1.0,4.372189127269758e-30,1.0,1.1808323209748943e-15,4.46125541249864e-46,1.0,1.0,9.904527772993178e-25,1.7330435174372431e-10,1.622011476527697e-06,1.0,0.6150326123529459,0.6489925844728183,5.693568670243904e-07,1.0,0.00010131293275170145,4.069683175315366e-34,2.8227908790359365e-16,6.1732511710763366e-27,1.0,2.68513539860161e-10,7.94269949787451e-50,1.0,0.26906741160385017,1.105203728153936e-20,1.0,2.0852408706078912e-10,1.0,1.0,1.0,1.0,1.0,1.0,0.08176730966186631,1.0,0.2618843206302124,1.0,1.0,0.49601184720911784,1.0,8.978198198065455e-31,1.0,1.0,8.034264024267441e-11,0.00039921803069972576,1.0,1.4131933767259326e-21,1.2037897994995595e-13,2.387897208044875e-06,1.0,3.207659342912928e-17,1.60113219329102e-10,1.0,0.022719800223789475,1.0,0.009542181231327416
136,3.5435461979098885e-55,3.4314403638085813e-97,3.74354151594735e-67,2.4583114899739107e-27,4.359628013892e-260,4.347871030070613e-60,5.368700306961515e-116,1.3490247166113958e-233,8.998280533679601e-80,7.031845668170794e-249,2.321700191997935e-177,1.0,1.1599066514381313e-15,4.30238999986058e-72,1.7051720340132727e-108,1.6275812858853691e-44,6.530514393538138e-71,6.350092713908448e-20,1.586848745971405e-80,1.2546226493399177e-61,6.512917795520879e-96,2.3433231312728603e-64,1.4784405228781173e-192,3.0456048015698144e-113,0.0025857705963033507,1.315380871945136e-150,1.030072426173345e-15,1.7954053597991798e-35,6.161759001675951e-168,2.0033534621356137e-54,4.639428537007721e-82,2.3307997777565489e-35,6.99033333786216e-77,7.954964689219566e-91,8.2237223902276e-07,4.521794199949539e-42,1.1962714805804058e-113,1.6316545162724358e-269,7.000532959804576e-23,3.1961879052345286e-40,1.4463541957329624e-75,4.328491811022485e-65,3.112573651236973e-13,5.593150205886252e-62,7.462589838490997e-28,1.0,9.08535411543159e-168,2.2518896281080924e-31,5.137175211800132e-144,1.6881657871102232e-111,5.300094590864806e-57,1.4302954748012593e-54,2.2708710334502708e-254,8.089571829422475e-62,1.5036112250633799e-37,3.968535564721403e-118,1.4474423621306305e-38,1.5132735545892581e-41,4.3396822643153844e-157,1.689166652291256e-159,7.388138179668484e-62,1.412583621642722e-74,8.276736548402844e-55,1.2522218720243565e-109,6.477532689461135e-72,7.008901517935655e-30,1.5955837822003052e-44,1.6538302052300687e-150,0.34638822230976407,1.0472824938711445e-15,2.5956173764472774e-72,2.8715023774122433e-39,1.6864826923809494e-112,3.4482225366494205e-77,7.868910545030356e-18,8.384926062086428e-169,2.212084417900081e-115,5.753032449382871e-76,8.279764453170185e-29,4.477904953390628e-26,3.598309349728722e-144,6.776768525634378e-70,1.3709057110945438e-24,1.0,2.8967806634168213e-76,8.445650835595418e-24,8.3168475764514e-52,3.160270222462306e-38,4.792089247345282e-16,5.079894974991822e-53,1.834678358448124e-66,1.1295117285255145e-46,0.056010154884938705,1.6514871008520721e-37,9.250587469982837e-11,1.8916204649558645e-19,5.4408765653968926e-61,7.958603897370296e-06,1.8481585625995615e-34,1.5702961816849957e-100,8.001881107870254e-71,8.35881508978786e-273,6.535623358569347e-33,2.6329565915208017e-41,9.366108683463156e-78,3.6338412272360374e-27,1.7576469917531967e-27,6.292488680106744e-29,1.1869738339484003e-72,2.4148223659190152e-29,4.3193216328126925e-05,2.9648936856120737e-27,0.0017372020314328593,2.433148822320359e-44,1.5598503501476925e-123,3.1427572756713724e-179,2.287991792857548e-31,7.531264545259264e-62,1.0,1.0,9.476742571663835e-60,2.027830722908841e-114,8.065395227713217e-68,1.45644828734492e-23,1.922156713663725e-32,2.5786940189003068e-51,1.0,1.9267165305119286e-36,1.0906643662369871e-12,1.0517974177331188e-63,2.688110429931938e-101,1.4327006933080358e-90,1.640841836159498e-35,5.244382160178102e-45,3.343664567251148e-40,2.3941749220867577e-39,1.0,3.2180070220648435e-64,8.492012179198482e-21,5.767761624622561e-35,1.9522485669345574e-33,4.9324758878702495e-135,2.1318459608917935e-93,6.09628619046932e-31,2.4302783009438125e-75,3.636309016373929e-43,8.0750335079122545e-84,2.5917030704108256e-16,4.563884312501042e-14,4.4425576198505555e-171,2.304564036707836e-63,2.2953843658605306e-237,1.0,6.355373959241229e-47,1.7430883779374234e-10,6.789191900719981e-43,3.569457897247076e-21,4.8264889379606814e-70,2.559511105035004e-38,6.831480225909656e-53,3.464471184970382e-21,7.666159609445894e-23,3.6199211712162213e-39,4.11482907333507e-15,2.863137577690863e-32,4.630738548193374e-19,1.054553591219261e-52,2.468041478512067e-25,2.096350585199691e-62,1.410079384134261e-40,1.9681009075638989e-118,2.588378712197357e-40,7.150832002426994e-43,1.3658637560990001e-33,9.421288901451836e-55,2.361648216038203e-41,2.9290073834821982e-27,9.819993404451056e-152,2.5631760202543426e-29,2.836872181255737e-54,7.11927443628609e-32,5.1814664662536103e-45,6.897320137923104e-23,8.518382026729499e-23,1.0,3.2148949575467045e-70,2.2383799361949528e-39,2.7264449237991813e-50,2.17807027556029e-23,6.320602152727869e-17,5.494009326538489e-16,3.997841052515889e-96,1.2709312619413682e-40,8.079899491509107e-39,1.348735102251481e-15,1.0,2.7680773741527257e-13,1.0,1.6709648747753316e-155,6.909160238060209e-14,5.256177940855078e-13,2.100444807563177e-114,1.4184453266808596e-82,0.0023599149501888307,8.54479188515155e-28,5.894724031727021e-10,6.647671600335481e-10,0.0068473988165831815,1.043534163693952e-35,2.6171751354862113e-66,9.134467579039931e-132,2.9324310653821896e-95,1.0,1.2594871853781286e-38,8.289703332289841e-81,1.4355692141734992e-159,7.646453781313044e-30,1.3308460735002528e-54,1.0,3.4332664988536743e-11,1.0,1.2418762750077525e-33,1.120689737069977e-16,3.395346405674056e-29,2.0337881347657055e-46,1.4877799357883075e-35,1.917181775987918e-18,1.7469143914697717e-54,3.664114378335188e-46,8.607833456189904e-08,1.2652386905827202e-39,5.695825255872277e-38,1.2347489363878999e-50,1.0420162907513342e-18,1.0,3.884666976697481e-36,8.6578643269203e-39,7.660221500307878e-76,2.579904515926809e-58,1.6160201846014558e-35,6.06190415840639e-98,7.4286525290040625e-81,0.3916211261123471,1.976397691083766e-37,8.218814096777515e-88,8.219250413302348e-73,1.0601681120762317e-07,2.3816377705078254e-51,4.816287409095943e-23,0.0005789397293848177
137,3.157289191860643e-11,1.0,2.6424488627643585e-05,4.356219642391174e-29,4.976741011354576e-23,9.998613098061199e-07,1.0,5.588687562503684e-16,1.0,1.6108688147002982e-20,0.005909993961741545,3.890220793785645e-94,7.575077655957848e-41,0.08740729086845565,1.0,4.455895350603954e-12,0.12146760633239535,1.9757539617192164e-32,1.0,0.0006453024836215592,1.0,0.022027367645427183,3.558834008014851e-09,1.0,1.220934674783981e-59,1.0,6.132803098857141e-34,1.5573645847656776e-14,0.0002118411066285026,0.0003611925127531155,1.0,7.381068986279704e-13,1.0,1.0,5.710186955610653e-46,8.690461803133271e-09,1.0,8.361215864555597e-39,1.3319982122165357e-21,6.112227825815507e-09,1.0,1.0,1.792408751848321e-32,1.0,1.7437130524129413e-16,2.8632604324038213e-120,5.676946064669128e-07,3.0349148626643304e-13,0.047860975150159656,1.0,0.20289730935320258,0.04461281419950311,9.625843222482665e-36,1.0,7.244431366342097e-09,1.0,3.868932157997936e-08,4.34463807356845e-06,5.482476785134783e-06,1.429574004148875e-06,1.0,1.0,0.5994551631983911,1.0,1.0,1.341293372677002e-11,0.0005011361583859776,2.512583625826992e-05,4.433402928285015e-52,9.013016750922733e-24,1.0,6.898182784256146e-06,1.0,1.0,5.741765580869535e-21,1.5098737574231677e-10,1.0,1.0,1.373988137439484e-10,1.8368568929654668e-12,4.137240405706215e-05,1.0,4.3917612845397937e-13,1.403307320730477e-92,1.0,3.303179340906383e-13,1.0,0.0001545407716526758,5.38095452632863e-20,1.0,1.0,0.7725255386719535,1.025532707337916e-42,0.0004542329994565081,6.274108694114693e-25,5.12998752074756e-15,1.0,1.1104684009837877e-32,6.467820136952733e-05,1.0,1.0,2.463976112117034e-57,3.6340795059177356e-05,0.13341958860023376,1.0,5.224636408869829e-08,9.72591683748012e-08,8.728399509535687e-07,1.0,2.207918942678582e-06,1.939360962066119e-31,2.409208380105298e-07,1.079186100947646e-34,1.0,0.0008939614502497399,7.206508202445865e-21,0.00011228601652177629,1.0,1.3696238474819253e-54,2.0161537885353369e-54,1.0,0.016871007584145586,1.0,6.3814190543304e-08,0.004162120194926627,1.0,2.3245804449133878e-76,0.22964831104309225,1.459730751056096e-16,1.0,1.0,1.0,0.34516326441569406,1.0,1.0,1.0,3.2180070220648435e-64,1.0,5.0754346963366137e-08,0.6295311584461329,0.19177808787585598,3.771153096509852e-10,1.0,0.04455396110399154,1.0,1.0,1.0,2.798795842667184e-10,3.149449453366724e-12,6.490481995473395e-25,1.0,4.929639597362472e-55,6.143438783793404e-40,1.0,3.5904767978464624e-14,1.0,2.9223760197193014e-05,1.0,1.0,1.0,0.00011830659241851424,0.0010952065503038112,1.0,1.3864923255017009e-08,1.0,1.1906806050704943e-05,1.0,0.0396253244748436,1.0,1.0,3.652366782259986e-09,1.0,1.0,1.0,1.0,1.0,1.0,1.4385129197628192e-22,1.0,1.0,1.0,1.0,0.05262326398355918,0.05160527065204685,2.1733620338749395e-29,1.0,1.0,1.0,0.20112927659089092,0.00010245085862753541,3.0770393993366556e-05,0.00012107920899113887,1.0,1.0,3.459974798443227e-05,2.858852203233527e-49,8.171176930393642e-07,1.1035656986232409e-30,5.017615507059402e-27,2.9489867789287676e-06,7.808532910105283e-07,4.841567581649335e-11,0.14645901782874085,6.8179010150638075e-18,1.0,3.1129307021632247e-09,3.598884457249918e-09,1.6556250845016918e-18,1.0,1.0,4.790061894402131e-18,2.664499180290052e-05,5.400990498474025e-45,1.0,0.15666969731763816,2.7288657346463803e-30,1.0,1.0,7.178667091099245e-37,3.252910018521074e-07,4.51625201191487e-23,1.0,0.0039681536829001204,1.0,1.0,1.0,0.07559198863875263,1.0,1.0,1.984322183731203e-09,1.0,1.0,1.0,0.45855275804959833,9.555160252493258e-49,1.0,1.0,0.027445293919192933,1.0,1.0,9.486762279663597e-10,0.0003047369975581143,1.774608215955987e-16,1.0,9.295856875092162e-07,0.028715226323301972,5.792790273974905e-07,1.0,1.0,4.6110555378489356e-11
138,1.0,7.606028468048387e-08,1.0,1.0,8.411121960437101e-88,1.0,1.2240661898276117e-15,1.2366764674577314e-73,0.0025592515632501985,2.1107871451037748e-82,6.163540730127019e-44,1.4647064706386245e-26,0.09038053871145928,0.09835876790975223,5.82347182402662e-14,1.0,0.10712635430054804,1.0,0.0001270465351156781,1.0,5.211222032346982e-10,1.0,3.9416239739458804e-56,1.8133063408077003e-17,1.1741947139577214e-10,8.634850016129116e-35,1.0,1.0,2.7213019499594166e-44,1.0,9.47150253621904e-07,1.0,2.3429709732914385e-05,2.8447930230072534e-10,2.0974792274586664e-05,1.0,4.357981961110952e-20,1.487997678972667e-106,1.0,1.0,1.805356509867013e-05,0.030040702864310678,1.0,0.21397518983098765,1.0,3.282232263662533e-47,6.863265498255097e-48,1.0,8.938343638975431e-36,3.644951366120776e-20,1.0,1.0,8.063396792596823e-100,0.08838997037320215,1.0,8.321682081513348e-24,1.0,1.0,2.815597611801714e-44,1.400802874781451e-45,0.029117725143590116,1.962617522287055e-06,1.0,6.0605853763059454e-21,1.1861773528088988e-05,1.0,1.0,5.7014758345543993e-42,7.539703353523162e-10,1.0,3.4542679158937907e-06,1.0,3.7308318325385497e-23,4.615016844758649e-08,1.0,1.1439541837115195e-52,6.307773182002541e-25,4.939920903335474e-08,1.0,1.0,2.5355485486491847e-40,4.518461063164179e-06,1.0,1.4559572188224528e-33,1.4857958725631132e-08,1.0,1.0,1.0,1.0,0.37773108095407615,1.1654672163350635e-05,1.0,1.021982709222956e-06,1.0,1.0,1.0,0.0004688925249427692,0.01723574549499299,1.0,9.335497307493756e-21,6.443060519746225e-08,1.449919924235335e-124,1.0,1.0,4.599460474455087e-11,1.0,1.0,1.0,3.4978796831858606e-09,1.0,0.01972158975251717,1.0,0.0007594594075152431,1.0,4.414449217570814e-34,1.6114572780998728e-66,1.0,1.4274722473605815e-05,4.193349767705715e-14,4.394007019593885e-14,4.1103982856895e-05,2.3458028803745596e-30,2.6591865902497787e-08,1.0,1.0,0.015506161677872535,1.6225754831851175e-27,1.0,1.0,3.1310986738726455e-07,6.185091498961084e-25,1.2923645043997574e-19,1.0,0.5854872435491398,1.0,1.0,8.492012179198482e-21,5.0754346963366137e-08,1.0,1.0,1.0,1.6141686823884404e-44,8.408988643866197e-22,1.0,2.0503106228708555e-13,0.7284927528517099,1.3574074911919863e-17,1.0,1.0,1.6197003966307311e-68,8.359352446025852e-09,4.805353718416069e-113,2.5308288099382395e-08,0.008303860263847565,1.0,0.17674411843894736,1.0,1.1058327138824194e-12,1.0,1.9359649870446955e-05,1.0,1.0,1.0,1.0,1.0,1.0,1.2672061021328856e-05,1.0,7.61389056825729e-10,0.26848978750257024,1.550053197257678e-39,0.28165911080924694,0.03722963203825174,1.0,4.1074947633667797e-07,0.05578659463225689,1.0,2.326852999915934e-61,1.0,4.832956961174385e-07,1.0,0.00142217763596507,1.0,1.0,0.00018574198091964126,7.439506247681464e-15,0.11570940329636648,6.543348348836761e-06,1.0,1.0,1.0,3.653798591132767e-29,0.023780437475231328,0.08551203278844383,1.0,7.282528191160064e-16,1.0,1.806905131953461e-05,1.729993114767981e-66,1.0,1.0,1.3296933860500914e-40,3.08984662008021e-22,1.0,1.0,1.0,1.0,1.0,0.5389840355261853,4.4462831086306446e-14,6.0649782627057425e-52,9.543124220845037e-30,1.0788395224303051e-13,0.04224861460545031,8.187456924859054e-22,1.648243710310231e-70,1.0,8.511514527199111e-09,3.3680361569384368e-09,1.0,0.030728753833691506,1.0,1.0,1.0,1.2507806607046889e-05,0.18120140238906168,1.0,2.1204034318483806e-09,1.0317829265521673e-05,1.0,0.003208475273575324,0.01152016662721242,4.841107306988412e-08,1.0,3.1907283076410815e-17,0.03897207808336587,0.002473904265040845,1.0672238324823813e-21,1.8225905231263884e-12,0.030839129052438987,3.025204471413849e-35,3.4513991331247313e-25,1.0,0.002318863512429648,1.2297907123968651e-29,5.416108775153459e-21,1.0,1.1031211669372962e-09,1.0,1.0
139,1.0,1.0,1.0,1.931482304625542e-05,9.858640013194562e-57,1.0,0.0018987390687241472,1.2817652976752474e-45,1.0,1.2673296967861882e-52,7.126021471881142e-23,9.359019694980773e-48,2.38151285477692e-12,1.0,0.011949322275054713,1.0,1.0,6.762821909259076e-08,1.0,1.0,1.0,1.0,5.522458741478577e-33,4.69134648928903e-05,2.4082013175754394e-25,5.4640583362278635e-17,2.5655086177320286e-09,1.0,3.565906863866024e-24,1.0,1.0,1.0,1.0,0.556357255212994,3.5701038444587235e-17,1.0,3.493562087124222e-07,4.387686568905477e-75,0.003996624598721815,1.0,1.0,1.0,3.4184278647012634e-09,1.0,0.9729413749182113,3.228978274235241e-71,1.1125861485047181e-27,1.0,1.4911405441881324e-18,2.026773459969818e-07,1.0,1.0,4.648557407410522e-70,1.0,1.0,4.950233981172644e-10,1.0,1.0,2.464673322974664e-25,2.421864774080278e-26,1.0,1.0,1.0,3.028430240195547e-08,1.0,1.0,1.0,8.213800522277442e-24,1.0297599621022051e-22,5.30659421678412e-05,1.0,1.0,6.006525569431413e-10,1.0,0.0015422298696857986,2.6111226835418475e-32,2.7837945070767638e-11,1.0,1.0,1.0,6.621467827745788e-23,1.0,1.0,6.715819765576174e-53,1.0,1.0,1.0,1.0,0.0021032196591690205,1.0,1.0,1.0,1.4454873231464653e-17,1.0,2.1290510892988853e-06,0.484359596944188,1.0,3.495253764209052e-11,1.0,7.151423796929433e-09,1.0,3.614429825207829e-94,1.0,1.0,0.020647943634821093,1.0,1.0,1.0,0.28377425210864055,1.0,7.952971087860475e-11,1.0,5.942147642808043e-13,1.0,4.229774285833766e-19,2.952094792969885e-45,1.0,1.0,5.899029313357296e-27,6.808505358965526e-27,1.0,1.7771450061240104e-16,0.6590271517098881,1.0,1.0,1.0,1.2628863332934758e-43,1.0,0.016661105549186383,1.0,1.1497317482965217e-12,9.30263258221408e-09,1.0,1.0,1.0,1.0,5.767761624622561e-35,0.6295311584461329,1.0,1.0,1.0,3.3629769770623038e-28,1.6412712127103262e-10,1.0,0.0001437792908399217,1.0,1.5190596829598163e-07,1.0,1.0,1.5450425721317413e-48,0.1295045195585218,4.11444092348292e-87,3.180582678778183e-18,1.0,0.07418646931712113,1.0,1.0,0.00022269799101603936,1.0,1.0,1.0,1.0,1.0,1.0,1.0,1.0,1.0,1.0,0.014853433836744126,1.0,3.383500925423675e-25,1.0,1.0,1.0,0.7319529209140776,1.0,1.0,1.1569618379780444e-43,1.0,0.7713987161945647,1.0,1.0,1.0,1.0,3.8572609717077596e-12,2.5331035441143245e-06,1.0,1.0,1.0,1.0,1.0,2.13577456319346e-17,1.0,1.0,1.0,7.262002643359995e-27,1.0,2.401288472808218e-13,1.1470414866176675e-48,1.0,1.0,7.729590988605867e-27,4.445173831262625e-12,6.0997519917311405e-05,1.0,1.0,1.0,2.3186567212064797e-05,1.0,5.537124321430841e-06,1.904205017711026e-36,4.2838282861846175e-18,5.9415694955843036e-24,1.0,7.319296886906639e-12,1.901748349879506e-52,1.0,0.027305917736288553,4.205359521587152e-18,1.0,1.4884294726817765e-08,1.0,1.0,1.0,1.0,1.0,1.0,0.007885052066045688,1.0,1.0,1.0,1.0,0.05760639874495343,1.0,9.403407299099029e-28,1.0,1.0,2.5336628218997234e-12,2.8735030354351918e-05,1.0,1.9028501250878737e-23,3.047709747017364e-15,6.23065003335157e-05,1.0,6.189235416674525e-19,5.627661963407843e-12,1.0,0.0022797127738469433,1.0,0.11621440791417449
140,1.0,1.0,1.0,0.00017677750919615137,3.642216730802307e-59,1.0,0.0002625936341475736,8.242962318763601e-48,1.0,5.877366277832564e-55,1.703028492467772e-24,2.189659732844343e-45,4.471119905564577e-11,1.0,0.0019250038624161166,1.0,1.0,7.609410930270425e-07,1.0,1.0,0.3689093370083582,1.0,8.438657233502808e-35,5.878803264685818e-06,1.124410613221325e-23,2.3371276468201995e-18,3.113341456272224e-08,1.0,9.622360881532596e-26,1.0,1.0,1.0,1.0,0.12686363230452294,8.161494994219571e-16,1.0,3.8073307238946083e-08,1.3581552659103287e-77,0.022083434913486223,1.0,1.0,1.0,3.714844266840354e-08,1.0,1.0,1.362926293283839e-68,2.830699908100328e-29,1.0,6.771210975317316e-20,2.2434960519177727e-08,1.0,1.0,1.9288871641475335e-72,1.0,1.0,4.4162599295789945e-11,1.0,1.0,7.839893900598712e-27,7.272295932251222e-28,1.0,1.0,1.0,3.3002287307608873e-09,1.0,1.0,1.0,3.004649595928307e-25,2.863875243758702e-21,0.00033508667809071727,1.0,1.0,5.834978262877051e-11,1.0,0.008142981723388645,6.183406546793922e-34,2.463227021461329e-12,0.9396840805092259,1.0,1.0,2.748317614366702e-24,1.0,1.0,8.471299493611484e-51,0.3917098396602548,1.0,1.0,1.0,0.010382283774915499,1.0,1.0,1.0,2.4117261507760814e-16,1.0,1.4113352013692001e-05,1.0,1.0,3.530842128280547e-10,1.0,8.656024069015746e-10,0.5889154840523464,1.2264949234620672e-96,1.0,1.0,0.004783879933241472,1.0,1.0,1.0,0.07625375009717908,1.0,7.361775640046871e-10,1.0,6.463745732415897e-12,1.0,2.6948067960504264e-20,5.483119824673967e-47,1.0,1.0,1.5069997588930378e-25,1.71938239658005e-25,1.0,1.3929927790440293e-17,0.19292390684221788,1.0,1.0,1.0,6.842328602766211e-42,1.0,0.06514642476261925,0.7649745443812507,1.2248586032922165e-13,1.3180628865432097e-09,1.0,1.0,1.0,1.0,1.9522485669345574e-33,0.19177808787585598,1.0,1.0,1.0,1.578166530476445e-29,2.1079741944621905e-11,1.0,3.0267625616847397e-05,1.0,2.493915770772884e-08,1.0,1.0,3.483042001673349e-50,0.03789453790297017,2.9697456152461857e-89,3.895126548791692e-17,1.0,0.246656724825164,1.0,1.0,5.1057743614929984e-05,1.0,1.0,1.0,1.0,1.0,1.0,1.0,1.0,1.0,1.0,0.004154987351321317,1.0,2.2535137260686592e-26,1.0,1.0,1.0,0.25127489660055025,1.0,1.0,3.92067682356446e-45,1.0,0.2668335452420385,1.0,1.0,1.0,1.0,2.72926348832011e-11,5.379923221489526e-07,1.0,1.0,1.0,1.0,1.0,2.3301015867365666e-18,1.0,1.0,1.0,1.0861937002680124e-25,1.0,1.7563402849913348e-12,3.7224637964728545e-50,1.0,1.0,5.601739687112379e-28,6.685485799394262e-13,0.0002427900805181994,1.0,1.0,1.0,9.511954614655301e-05,1.0,1.2668947673367592e-06,9.72245883874704e-38,4.732888542505085e-19,7.43442143255339e-23,1.0,1.1414867652587204e-12,5.836243909407924e-54,1.0,0.008638976071061589,3.8433649818597754e-17,1.0,7.53175882116535e-08,1.0,1.0,1.0,1.0,1.0,1.0,0.002437249238361814,0.952585602858646,1.0,1.0,1.0,0.01960534115576077,1.0,1.2229664862454115e-26,1.0,1.0,4.3222344842169817e-13,7.670049679350341e-06,1.0,1.970287749106799e-24,4.596107961691375e-16,0.0002195828513393726,1.0,7.972439507171179e-20,1.022830191615066e-12,1.0,0.0007242366122854301,1.0,0.30641575617342454
141,2.2442837338764469e-72,5.181339107118609e-35,3.690026554328581e-57,2.710366880005424e-106,1.0,1.7694908103079006e-59,7.879320489396653e-22,1.0,2.0232555705095234e-42,1.0,0.00938662077188323,1.648783976386209e-207,7.104562196679269e-125,5.707750259731556e-45,8.817152857990568e-22,8.339252587493124e-70,5.818739761135796e-44,1.5019035317797287e-108,9.167645469652825e-36,7.7940877125608695e-50,1.3533653241844462e-25,8.245692330656121e-45,1.0,1.0567585751220296e-15,1.925012548403532e-150,0.0004145417563208331,3.01784544784378e-108,3.4306360875349707e-72,1.0,5.4270030793708934e-48,3.042993172707411e-27,3.196247085181763e-67,6.145541177024475e-29,4.0895256103421885e-21,7.897516120589413e-126,2.712066999937292e-58,1.3822548789226648e-10,0.685282180902787,2.4653773833884233e-83,7.262698914534469e-58,2.6202927580607176e-27,3.1238895414230446e-34,3.9308948733032624e-102,1.72144515243974e-36,5.0531465365086086e-73,3.355204362350569e-232,1.0,4.856513827936864e-66,0.21365319316127684,1.8497998105005137e-09,2.8812182314753357e-38,4.607521276049526e-40,1.0,8.297955938178054e-34,2.741932512222103e-56,1.7426692565984812e-06,1.6651201027224927e-54,2.9999509045722344e-49,1.0,1.0,6.367824762233936e-31,1.5752718129584487e-22,1.53516784971843e-35,2.365341353305263e-07,1.6817079356970005e-23,2.2650921400826086e-60,1.884289223185706e-43,1.0,1.9950836404788797e-129,5.019019431374231e-83,1.0734909128459486e-21,1.5594641565769108e-47,2.9430797272256445e-05,1.1009218044305998e-18,1.1072513381402198e-77,1.0,0.0005188821083984841,6.502666444465885e-18,8.829525794145071e-57,1.432984193204818e-60,1.0,2.9798826306219466e-20,2.1693090431886285e-61,1.2456816953077466e-185,1.7791744760915368e-16,3.1681126548949226e-61,9.048090683501253e-31,1.6301187900545643e-42,1.0985551191055354e-73,1.0589095660104545e-28,3.9485693274844294e-19,3.2267741726214974e-32,2.0201369427233456e-110,1.3686521997637124e-40,3.70842967467487e-81,3.251427791147077e-63,3.902031412102156e-21,8.219497945662867e-94,4.523400374331496e-42,0.0004760019346179235,1.0261542690550267e-14,1.1459142409667873e-11,3.6259600743652805e-42,3.127424122986333e-33,1.1489352818177939e-10,3.7560109827513304e-48,1.659630864547687e-47,2.392827741474491e-45,2.5352232364804785e-12,2.6522507412109686e-44,6.662985983966566e-90,3.5084682147175595e-46,5.372723320417714e-95,1.3283657730857362e-28,1.0,1.0,8.01927989421861e-40,6.255756983025002e-16,3.1667573922744453e-124,8.909141016304735e-124,5.669607206792984e-16,1.0,1.1836804635008637e-11,7.413745613814105e-46,4.92709359734002e-35,1.52962194942378e-19,9.707678934622016e-154,1.9412411005554568e-30,5.62290214802878e-62,5.584460396410799e-12,1.0,0.054614423442632336,2.0999787554920837e-29,1.0582711088643378e-21,2.477444251321606e-25,7.904076788390556e-26,4.9324758878702495e-135,3.771153096509852e-10,1.6141686823884404e-44,3.3629769770623038e-28,1.578166530476445e-29,1.0,1.0,8.829301294203743e-31,9.296546366562899e-05,2.0677983062254053e-20,0.041265340835812105,4.8611683706702894e-48,1.0307223579112933e-51,1.0,9.775658578952229e-08,7.887221279910596e-14,2.136557867644061e-96,1.4000135050425978e-14,6.641944622891326e-54,5.985572591088147e-17,1.7169976627586594e-36,0.0012329934731295919,5.602358442796514e-19,5.678496696221825e-10,1.2531356630459542e-34,1.9208893912763463e-32,1.3713684922565849e-17,1.6700766273703358e-42,1.5337419814921645e-22,1.7307622291893622e-36,2.5786300807185703e-09,1.7318217890190848e-28,4.749397275975885e-05,1.0611801893111002e-15,1.0,1.4703984710695434e-15,7.08275329092557e-14,3.0653461004635813e-19,9.82914777864468e-07,2.5180259794240033e-13,7.308584693979976e-24,1.0,5.285212422758106e-22,1.269482347571746e-06,2.1666743319748642e-19,2.944629134377052e-10,6.006431207302221e-27,6.2033758701201935e-27,1.3026891162269874e-75,0.957903400689629,5.585722212156131e-13,5.189290174297379e-07,3.437166459660353e-25,1.8473739101002691e-32,1.8239941941173498e-33,1.0,3.05584798390473e-11,5.896892564224606e-12,4.4073512689023034e-33,9.428513783131606e-104,2.6354315790270154e-36,2.1083713370076624e-76,0.03080095812174084,4.04388763970442e-35,3.5615908248951904e-36,1.0,1.0,1.0136671788808062e-55,8.66873205703385e-19,1.5718205276003795e-40,2.543306225438659e-40,1.4041636452474428e-56,1.039534287987592e-12,1.0,1.0,1.0,1.1118022202041238e-96,1.3727231922831047e-10,1.0,0.0005404458093346319,3.3739857148913557e-16,0.0033166881586465555,2.1022302473023946e-84,5.5773953092458296e-36,5.650695299750333e-63,1.6249075112327474e-12,1.768149860936654e-27,3.371310616405599e-15,2.2083951244253948e-05,1.5048383124446876e-10,2.594342117270739e-24,0.03856334004348895,4.87342568044703e-05,2.7573737715354328e-39,1.6470981197287618e-07,4.364861784446405e-08,0.011318720383049798,7.690518349479367e-22,6.151209967298279e-99,1.6577917657879636e-08,1.35535288225964e-06,1.0,1.0,1.0862126894220878e-07,1.0,1.0,2.312926787613589e-49,1.3180262267467818e-05,1.0,1.0,1.0606794235857112e-32,1.0,6.427685192349227e-14,7.46148941548123e-40
142,2.079753593635821e-33,1.4165798065386653e-09,1.9771735517317266e-23,1.2112957031589534e-58,0.00015574085829712448,1.891086764145675e-25,0.009595867357782988,0.49804866283497845,2.0121974432120837e-14,0.002630671359828306,1.0,1.3243908983809698e-139,1.2762063014814096e-73,2.352524926108533e-16,0.005351579240514521,2.5616556051094223e-33,6.505995762888547e-16,6.600490951426521e-62,5.888858768932833e-11,6.544472931368063e-20,3.350652689729484e-05,6.452283041773187e-17,1.0,1.0,8.099387885343154e-96,1.0,6.460161867850564e-63,4.252058540923675e-36,1.0,1.364587409491765e-19,1.1516429198744246e-06,3.9360297396512545e-33,8.841577390521991e-08,0.0020504802962151496,1.2533570622391068e-77,6.849304624979875e-27,1.0,9.224582306545577e-16,2.6815210436606414e-45,6.947920711816407e-27,4.650252712671981e-07,3.091343892026829e-11,9.368733605034566e-60,1.1703575923941208e-12,6.41326998545307e-38,5.536340895888565e-166,1.0,4.654114947415359e-33,1.0,1.0,5.14645045768585e-14,3.3421623440427652e-15,3.902825551521765e-14,2.942246428778597e-11,2.5513586482108555e-26,1.0,3.8836224489354546e-25,1.0338788775992087e-21,1.0,1.0,9.38784216907794e-10,8.059819054937348e-05,9.841205007473871e-13,1.0,2.0138197711349394e-05,6.946266078045813e-30,4.54016867452766e-18,1.0,3.638364436317509e-83,7.998554425208144e-47,0.0001522526051876299,5.359117844822768e-21,1.0,0.006344080464848931,6.503662307535329e-43,1.0,1.0,0.012415723499690473,6.760229442016691e-28,1.2204596221024884e-30,1.0,0.0005462703113462726,2.11240781955271e-31,9.62428719751392e-131,0.055279542958864225,1.915047540190882e-31,1.9723237961621914e-10,3.0913900963125093e-18,7.939737459847596e-41,3.0217633251926735e-09,0.0012294724776216728,1.227974594329885e-11,6.341747167517315e-70,3.2177642271007064e-17,4.959742240661615e-47,1.6399441436321848e-33,6.883991213717568e-05,5.1756263745883e-57,1.986764922862029e-18,1.0,0.19416729063397448,1.4089294928234607e-31,1.1252009871743432e-18,1.102468756502887e-12,1.0,5.527195788832505e-23,1.4920872375337184e-22,4.588096568306179e-21,1.0,2.163983238296637e-20,9.35546509895026e-55,8.481532740940856e-22,7.552791787681418e-59,6.926407825716221e-10,1.0,2.331830774517072e-06,1.6536217303836504e-17,0.02230779476712776,5.2360780605792924e-83,9.90187557968502e-83,0.01688332719804041,1.0,1.0,3.661846637833575e-22,1.2682313008831799e-14,0.00011170477553942549,2.5389824401680096e-108,1.3102788927750798e-11,2.9354764125964428e-34,1.0,1.0,1.0,3.9848196375296066e-11,3.431458714828508e-06,1.779650249267289e-08,8.14439633172578e-09,2.1318459608917935e-93,1.0,8.408988643866197e-22,1.6412712127103262e-10,2.1079741944621905e-11,1.0,1.0,2.269450138352862e-12,1.0,1.1782844294988858e-05,1.0,9.41264909503079e-25,1.7212978524995918e-27,5.193323311401791e-10,1.0,3.0121700435902005e-32,5.799705497785037e-63,0.016625025537299044,1.0620693042916239e-29,0.0006542687413977951,6.31706285560074e-17,1.0,2.9174684707261317e-05,1.0,8.115607245188734e-16,2.6646080971673722e-14,0.00017509151989874793,1.4240619455960604e-21,1.1879682706138671e-07,3.04595471751708e-17,1.0,1.0746151816417288e-11,1.0,0.001972328607321437,1.0,0.0022350403265767003,0.021608742308111852,9.233569724080244e-06,1.0,0.03281959177603927,7.340939162691121e-09,3.379316927443933e-09,1.2563138801226067e-07,1.0,5.557195405867312e-06,1.0,4.246283064911924e-11,4.2178412976898085e-11,3.354739888084131e-48,1.0,0.03725627651349881,1.0,4.970628119647163e-10,3.714848134102156e-15,6.549742616254874e-16,1.0,0.30142872877322374,0.10917268959858097,9.646643797504012e-16,6.688610555235105e-72,4.178017296404672e-18,2.269516607430947e-49,8.680135879471827e-13,2.858473166940673e-17,4.464680009211831e-18,0.054149536788044045,1.0,4.9334021149976275e-33,5.2551185135364704e-06,2.133593570054868e-21,2.808545451180824e-21,8.950348127593022e-34,0.030563241934367387,1.0,1.3195163322924908e-06,1.0,1.933655803861681e-66,0.4835058853041513,1.0,2.072467946172843e-15,0.0001918926900436715,1.0,1.7586336949712847e-56,2.6426542405285375e-18,2.9086596947680608e-39,0.028363638803163206,3.2068589645262485e-12,0.0005769522582935816,1.0,0.34441313623213693,4.0524296614380375e-10,1.0,1.0,4.098566055275401e-21,1.0,1.0,1.0,1.1871289269936875e-08,9.694014487527157e-70,1.0,1.0,1.0,1.0,1.0,0.0881493342849115,1.0,9.427167015226282e-30,1.0,1.0,1.0,5.4607977725286394e-17,1.0,0.000889861868775169,1.6520426586390752e-22
143,1.0,1.0,1.0,0.004015503460844438,1.367196536364512e-60,1.0,2.8761423779153213e-05,2.8610304558176884e-49,1.0,2.112613214488189e-56,7.041100430210512e-26,3.819025842362925e-41,3.749908699431374e-09,1.0,0.00023935043276291452,1.0,1.0,2.539845229590379e-05,1.0,1.0,0.06252270276210566,1.0,3.1169131840955864e-36,6.016365895701673e-07,5.854041777898545e-21,1.2249658901117245e-19,1.2115424842065036e-06,1.0,4.161920924251477e-27,1.0,1.0,1.0,1.0,0.021592904495892247,1.0467624366491e-13,1.0,3.5325085187764417e-09,5.337352838111682e-79,0.22740036264694224,1.0,1.0,1.0,1.2143913531825333e-06,1.0,1.0,1.0902733150824253e-63,1.2028853675008039e-30,1.0,3.6731500470481125e-21,2.1104677081034035e-09,1.0,1.0,7.079183709674563e-74,1.0,1.0,3.5715884565739646e-12,1.0,1.0,3.626745942498785e-28,3.288264192282885e-29,1.0,1.0,1.0,3.0804094354340936e-10,1.0,1.0,1.0,1.4763037502110096e-26,5.597896392452175e-19,0.004405108687474451,1.0,1.0,5.024548521326492e-12,0.2217229815988033,0.07985567409535937,2.5730322602833297e-35,1.9901155963861285e-13,0.20184081934627823,1.0,1.0,1.4336688689724172e-25,1.0,1.0,4.1467593897108114e-47,0.0809882636119092,1.0,1.0,1.0,0.09240954849995092,1.0,1.0,1.0,1.8151193566608253e-14,1.0,0.00020572394137179643,1.0,1.0,1.0678679500231984e-08,1.0,8.817080967889894e-11,0.13139504010127026,4.709050384265978e-98,1.0,1.0,0.0008451658646419939,1.0,1.0,1.0,0.01551634127467258,1.0,1.9288947583684016e-08,1.0,2.257016860075313e-10,1.0,1.7794169048391175e-21,2.1349379743051347e-48,1.0,1.0,2.6355355590005934e-23,2.9430856383659406e-23,1.0,1.0483943607309123e-18,0.042870571187172885,1.0,1.0,1.0,5.601778421666313e-39,1.0,0.4115040156505067,0.18735969275754324,1.1426557040511687e-14,1.5315355337924648e-10,1.0,1.0,1.0,1.0,6.09628619046932e-31,0.04455396110399154,1.0,1.0,1.0,8.829301294203743e-31,2.269450138352862e-12,1.0,4.951330506953023e-06,1.0,3.2823476323605757e-09,1.0,1.0,1.438135731720329e-51,0.008495399233418027,1.0329023861155027e-90,1.7488925983872072e-15,1.0,1.0,1.0,1.0,9.080669505746503e-06,1.0,1.0,1.0,1.0,1.0,1.0,1.0,1.0,0.9020109801847047,1.0,0.0008957473813465257,1.0,1.5436139563305337e-27,1.0,1.0,1.0,0.06674366593099712,1.0,1.0,1.889539735518121e-46,1.0,0.07147400648768797,1.0,1.0,1.0,1.0,4.753895238116186e-10,8.968913964331001e-08,1.0,0.3701879283076949,1.0,1.0,1.0,2.238031396436573e-19,1.0,1.0,1.0,7.288699749495469e-24,1.0,3.2575421972304836e-11,1.7640812720190206e-51,1.0,1.0,4.06008599726577e-29,8.271286115874993e-14,0.001645159818749457,1.0,1.0,1.0,0.0006768531402685893,1.0,2.269440510046578e-07,5.7337769063569323e-39,4.596193429569787e-20,3.600304694007461e-21,1.0,1.4570217288713724e-13,2.7048180305059604e-55,1.0,0.002124446615621002,1.0584605447040002e-15,1.0,7.567605238797032e-07,1.0,1.0,1.0,0.3650452409549981,1.0,1.0,0.000586711229943538,0.297284235958805,1.0,1.0,1.0,0.0052155464749032935,1.0,6.451333224214048e-25,1.0,1.0,5.983691529021921e-14,1.602093435431561e-06,1.0,1.8333055927674198e-25,5.739245000366643e-17,0.0012502416337142842,1.0,8.766517575654254e-21,1.4990864669358036e-13,1.0,0.00018030574978505952,1.0,1.0
144,2.228201724580635e-19,0.03759998651662933,6.3761460173176035e-12,6.615376638354804e-40,2.6332285436753177e-12,1.2903595069371714e-13,1.0,3.386606276932319e-07,1.4575608281100111e-05,1.6173612500145205e-10,1.0,1.2687191877332255e-109,9.31920493839423e-53,4.755529354868216e-07,1.0,5.476392966301751e-20,8.385430383738482e-07,2.7131424393411186e-43,0.0022512043565793534,8.540116807359221e-10,1.0,1.0767162933303944e-07,0.00983379238164856,1.0,1.1308231192772692e-72,1.0,1.0971393443538231e-44,1.2364566856009484e-22,1.0,6.829855870307524e-10,0.9242092514891733,1.6616788719575617e-20,0.15716520884960142,1.0,1.2096321899908244e-57,1.3395187680275452e-15,1.0,8.136747324560532e-26,1.5023797881418994e-30,1.0381229422667858e-15,0.3960902729970231,0.0005573874964756014,1.049832213800967e-42,5.423209512287322e-05,1.3144416938013977e-24,6.2559668088897124e-136,0.16126780635219104,9.171327378750607e-21,1.0,1.0,4.721497874076956e-06,6.227983705563519e-07,1.3221819137594972e-23,0.00042869075641117346,1.7632028285720202e-15,1.0,1.4103237746503734e-14,5.416963170976236e-12,0.5745704303613599,0.23113376444242947,0.003914235412820959,1.0,2.7480539600471603e-05,1.0,1.0,1.3916827751475229e-18,2.596309894861947e-09,1.0,1.1668378099270096e-63,1.4315717494964415e-32,1.0,1.2802944658113938e-11,1.0,1.0,2.305508268423516e-29,0.00027491385518986673,1.0,1.0,3.166709716719426e-17,1.926491059321838e-19,1.0,1.0,3.9691143124006665e-20,2.3880955384528036e-106,1.0,3.140574526640353e-20,0.0006971384494473289,9.575542042110997e-10,5.082547764012463e-28,0.004478190552357931,1.0,7.349925697209324e-05,4.582690233660196e-53,4.493274516330001e-09,1.8719156552525624e-33,3.572138924265063e-22,1.0,5.005809437209096e-42,4.3811026437099453e-10,1.0,1.0,4.4814390560573555e-43,2.3941829383385756e-10,8.896314303805829e-06,1.0,8.535954830954297e-14,1.8393102191526512e-13,2.706268877477718e-12,1.0,8.741635686177382e-12,1.887786779877863e-40,6.202079223237743e-13,5.185498614375275e-44,0.0008767407241024751,1.0,7.893813880609078e-13,1.301842885851485e-09,1.0,2.0500308640564004e-65,3.262967395387189e-65,1.0,1.0,1.0,1.8289233903892467e-13,1.5869079492602504e-07,1.0,2.2849256144913162e-88,2.9684566677718915e-05,1.692754568359592e-23,1.0,1.0,1.0,5.780110055304656e-05,0.23412528362647383,0.005349038807925217,0.0029661726821275463,2.4302783009438125e-75,1.0,2.0503106228708555e-13,0.0001437792908399217,3.0267625616847397e-05,9.296546366562899e-05,1.0,4.951330506953023e-06,1.0,0.4551448138964142,1.0,5.588268380447916e-16,3.0099600315124552e-18,8.556450721462203e-17,1.0,1.2463235480206909e-42,5.88316603317301e-49,1.0,2.498249413234119e-20,1.0,7.750464840633033e-10,1.0,0.5868469187125228,1.0,4.921190508578984e-09,7.739268655629157e-08,1.0,9.918380115866162e-14,0.00967675207135683,3.222782490500574e-10,1.0,7.61430104383601e-06,1.0,1.0,0.00024028479366781932,1.0,1.0,0.19637006821026462,1.0,1.0,0.0008966546000470159,2.4031214564851597e-15,0.007681084937298097,1.0,0.12254526780488166,1.0,1.4831068642432825e-05,1.4591335734503744e-05,6.643593092597101e-37,1.0,1.0,1.0,8.940470682568415e-05,7.473292649076062e-09,1.783518402377148e-09,0.44258980887643246,1.0,1.0,2.2108892440221417e-09,3.0843239667679055e-58,2.5492040131871607e-11,3.597968411745897e-38,2.164215248814617e-19,1.1980312970114652e-10,2.528689140332666e-11,4.249749648158403e-06,1.0,5.455632678096873e-24,0.0837859696417587,4.104004889723289e-14,4.9834983366389565e-14,1.1698817304761257e-24,1.0,1.0,6.930787481406231e-12,0.12084717973779617,1.5440002195953236e-53,1.0,1.0,2.452306344862338e-22,1.0,1.0,9.893298244009975e-45,1.15880282186561e-11,1.3086610011540558e-29,1.0,9.840698136312783e-07,1.0,1.0,1.0,4.1426261053249885e-05,1.0,1.0,3.807944213601602e-14,1.0,1.0,1.0,0.00047566068988655444,3.6560497904678326e-57,1.0,1.0,1.0,1.0,1.0,1.92742015608492e-05,0.43010256878524405,6.797022604557433e-22,1.0,0.004424397293196117,1.0,4.9879774279941434e-11,1.0,1.0,9.908526145589461e-16
145,1.0,1.0,1.0,2.190671160641953e-11,2.460962800848261e-41,1.0,1.0,4.1718638853457474e-32,1.0,5.431590126659104e-38,1.3298827736934394e-13,1.369561301617511e-59,1.0372613328144016e-19,1.0,1.0,0.20674847295549378,1.0,3.291445806494816e-14,1.0,1.0,1.0,1.0,3.4394365488153302e-22,1.0,2.267871107531529e-34,2.269733357616016e-09,9.662151363780367e-16,0.004162374956618931,3.8971082260819806e-15,1.0,1.0,0.026711792021810465,1.0,1.0,8.031915536522843e-25,1.0,0.03396156054748548,9.076911590979702e-59,7.466100189255064e-08,1.0,1.0,1.0,2.4355923229706275e-15,1.0,0.00011577159895129508,6.920094803559751e-84,2.3075205772138882e-18,0.009436950352944822,5.410333097239524e-11,0.019228124622814112,1.0,1.0,1.0057115908355589e-54,1.0,1.0,0.00019999987122328782,1.0,1.0,1.1826245854259843e-16,1.7475826084763786e-17,1.0,1.0,1.0,0.0035739211677438213,1.0,0.04868771252108165,1.0,1.5832599901585317e-15,1.1441234737540553e-30,5.984439536295315e-10,1.0,1.0,0.0001592205137500162,1.0,4.289638815788219e-08,1.1472733180402147e-22,1.3992917884363579e-05,1.0,0.13028323310984175,0.009678715146528604,5.846494814718868e-15,1.0,0.003565072035181145,1.4779930109460113e-63,1.0,0.002655384504357263,1.0,1.0,8.932646951142725e-08,1.0,1.0,1.0,1.8050812252006908e-24,1.0,2.1692905735162015e-11,0.0001189842506301128,1.0,4.6580690998171054e-17,1.0,0.0005651466095811994,1.0,7.003138705927749e-78,1.0,1.0,1.0,1.0,1.0,1.0,1.0,1.0,1.7096952435217523e-16,1.0,5.932692655236354e-19,1.0,2.5915904322121955e-12,1.1180134859869516e-34,1.0,1.0,1.1965981333990833e-34,1.4611227835229491e-34,1.0,2.8741982494427064e-10,1.0,1.0,1.0,1.0,1.0250293172306655e-52,1.0,2.8708480189361192e-06,1.0,2.6463740109719106e-07,0.00033784097718295804,1.0,1.0,1.0,1.0,3.636309016373929e-43,1.0,0.7284927528517099,1.0,1.0,2.0677983062254053e-20,1.1782844294988858e-05,1.0,0.4551448138964142,1.0,0.002331080350474922,0.02139493214336237,0.0011234734576517412,1.92325776776263e-38,1.0,2.941658108466105e-73,2.1988016249456356e-24,1.0,3.437330322776547e-05,1.0,1.0,0.4651318463293931,1.0,1.0,1.0,1.0,1.0,0.1359695303553438,1.0,1.0,1.0,1.0,1.0,1.0,2.347494411876864e-18,1.0,1.0,1.0,1.0,1.0,1.0,9.388612517948597e-35,1.0,1.0,1.0,1.0,1.0,1.0,4.319173434006926e-17,0.009745056320366237,1.0,1.0,1.0,1.0,1.0,6.135143861230029e-12,1.0,1.0,1.0,2.3033367550726207e-33,0.8445430605499535,2.3651303697894815e-18,1.405017432714503e-39,1.0,0.7815705382848483,3.532527245925054e-20,1.6232363097320766e-07,1.3131419778322101e-08,1.0,0.01911987537338979,0.020477468156325694,4.294533000433482e-09,1.0,0.014332984659765992,9.854150548013801e-29,1.1928664789810126e-12,4.4662394091904534e-30,1.0,2.1761161236849268e-07,3.649484847827022e-43,1.0,1.0,1.4431883552871436e-23,0.33698500227349476,9.72864138999516e-13,1.0,1.0,1.0,1.0,1.0,1.0,1.0,1.0,0.008323832267700592,1.0,1.0,1.0,1.0,6.32968603494968e-34,1.0,1.0,4.8365818071408735e-08,0.03280440440983029,1.0,9.674910237622579e-18,1.3264749671212168e-10,2.903695661050142e-08,1.0,7.631790681847839e-14,7.518375876202308e-08,0.20883408763855554,0.9267458083857841,1.0,0.00025570088592648146
146,6.14543071388377e-26,1.1158053219986343e-05,2.272733502241003e-17,1.8661702306710888e-48,2.7426724105548376e-07,3.168935252602828e-19,1.0,0.0032789342446029844,8.524107002317664e-10,7.237297105743143e-06,1.0,2.433660127008005e-122,3.62317175063398e-62,1.666093646894935e-11,1.0,2.7532455635668004e-26,3.578078051885203e-11,7.94896394698474e-52,5.137972219340281e-07,1.2109357304636568e-14,0.026107604862667576,3.925359769169215e-12,1.0,1.0,5.386292907886866e-83,1.0,4.341560077897895e-53,5.095563192885209e-29,1.0,1.4224827348105492e-14,0.0013257075836818478,1.5584757991591852e-26,0.00014978037786581944,0.535995643639524,9.040481035182808e-67,5.01655638295069e-21,1.0,2.5353038929554087e-19,1.6134754554369146e-37,4.3197510193699395e-21,0.0005333686331590865,1.656835796286264e-07,1.1850829572364077e-50,1.0167116775506396e-08,5.913124449784418e-31,9.40946747709299e-149,1.0,1.158736420357885e-26,1.0,1.0,6.248122833980847e-10,5.843944492848753e-11,1.6213000242145805e-17,1.3824927059311236e-07,1.0122369598079328e-20,1.0,1.0856421394906264e-19,1.0152241028804226e-16,1.0,1.0,2.2849474330177427e-06,0.029837352073856162,6.260467944210371e-09,1.0,0.009326693033760216,4.716645468317431e-24,1.3629340508758068e-13,1.0,1.2168771855499435e-72,2.315972621445689e-39,0.04616122490001742,3.37435391762038e-16,1.0,0.9411632204734626,7.536118038136398e-36,0.22583681855363605,1.0,1.0,2.0272796940414608e-22,7.044063308830556e-25,1.0,0.11762446624901643,1.3281708666640177e-25,3.1628255558289708e-117,1.0,1.1090303656526497e-25,4.1562409850143604e-07,6.401384593095459e-14,3.3971741730027875e-34,4.079076560143147e-06,0.20285956908543631,3.3063356912823185e-08,5.3404891281039726e-61,4.3278484677522404e-13,5.56259943403154e-40,1.0739628290784166e-27,0.017830382931225956,3.597192860266064e-49,3.343910411883051e-14,1.0,1.0,1.2728748470087598e-35,1.8387496071307138e-14,3.360363284597613e-09,1.0,2.523619547853915e-18,6.043615366553401e-18,1.2612010709583234e-16,1.0,4.866754152542892e-16,2.588374281070631e-47,2.586872736138607e-17,4.167808401496483e-51,8.195116088909996e-07,1.0,9.410497156405806e-09,1.5737332157203398e-13,1.0,1.107371124333372e-73,1.8868207435568172e-73,1.0,1.0,1.0,8.858006870649533e-18,4.602374491854881e-11,0.019332146124981346,1.332192377280613e-97,1.9992803911668717e-08,8.662154162676306e-29,1.0,1.0,1.0,4.7996273429823686e-08,0.0009140407597706936,9.812190467755627e-06,4.929622015644707e-06,8.0750335079122545e-84,1.0,1.3574074911919863e-17,1.5190596829598163e-07,2.493915770772884e-08,0.041265340835812105,1.0,3.2823476323605757e-09,1.0,0.002331080350474922,1.0,2.3650828653035468e-20,7.600761010595264e-23,1.5236529379782303e-12,1.0,5.516674357583504e-36,9.746121416643703e-56,0.934432425971667,5.338763120767061e-25,0.06084429874456555,2.1048705899680336e-13,1.0,0.004050215565013862,1.0,1.8723111765512278e-12,4.242124121795138e-11,0.01819743420831298,1.1315291968604627e-17,3.221744532617022e-05,9.255459996979633e-14,1.0,8.404606781687462e-09,1.0,0.13778181349603555,0.061261284455282096,0.1511649204518552,1.0,0.001284271619068257,1.0,1.0,2.3725129109999353e-06,1.6144577047310787e-11,2.89782957432061e-05,1.0,0.0007795664661138521,1.0,2.2777843882903966e-08,2.2502076755171082e-08,1.6879075513632074e-42,1.0,1.0,1.0,1.9088185635501875e-07,4.69931675339316e-12,9.62277300225118e-13,1.0,1.0,1.0,1.2930368799761606e-12,6.603160931929172e-65,9.140180813605809e-15,9.944176757727518e-44,2.777440917273573e-15,5.1699909681102815e-14,9.37755152980325e-15,0.0014941634983063326,1.0,1.5402365131152096e-28,0.0006127365721162401,8.273514458813997e-18,1.0436457728605881e-17,3.0412319900646606e-29,1.0,1.0,1.286998849844214e-08,1.0,7.114851307039505e-60,1.0,1.0,5.031916470482681e-18,0.013536620562153294,1.0,1.501989913493799e-50,4.7948154876321244e-15,1.8613944583240138e-34,0.9570738445500685,1.5469737502311865e-09,0.032854945456345,1.0,1.0,1.1337566375355343e-07,1.0,1.0,1.0682462463678031e-17,1.0,1.0,1.0,2.0784331918236715e-06,2.2666010250457063e-63,1.0,1.0,1.0,1.0,1.0,0.0034689989218136693,1.0,6.725881843641025e-26,1.0,0.3425052936811355,1.0,4.3045779047064053e-14,1.0,0.03608201181929252,3.3178003605228664e-19
147,1.0,1.0985039782883206e-10,0.1806273997936246,1.0,2.6571527278519193e-91,1.0,6.5348968189236825e-19,2.377363221628736e-77,1.1138678745326791e-05,5.236106654723303e-86,8.801600620882316e-48,1.5710405605443593e-19,1.0,0.0007378595584753185,4.1261946848796393e-17,1.0,0.0008445328849866296,1.0,4.513085234090351e-07,0.1915012749074259,6.748516120128135e-13,0.01574980834152196,5.457309737534617e-60,9.986284324615807e-21,1.4948088861268967e-06,1.668748837036575e-38,1.0,1.0,4.196573231439675e-48,1.0,2.5634511147217306e-09,1.0,8.814611782882001e-08,4.361883126343729e-13,0.019850004507096064,1.0,2.2586706679568286e-23,4.580220594432409e-110,1.0,1.0,7.076973372705617e-08,0.0002679931051813747,1.0,0.0025039758335717705,1.0,2.8806665935616557e-38,1.0725200977744566e-51,1.0,1.9635815455794932e-39,2.02284691533683e-23,0.03725949457069009,0.17286079606293528,1.8177642993504546e-103,0.0009719537352440943,1.0,3.616553513936773e-27,1.0,1.0,5.020989669404197e-48,2.4204083390107e-49,0.00029572823649561236,7.3636223618145555e-09,0.03732205330175044,3.551975034436319e-24,5.314979899269106e-08,1.0,1.0,1.1297199012836555e-45,2.93392787873516e-06,1.0,1.454961751326669e-08,1.0,1.9532673911851327e-26,1.3841901840757403e-10,1.0,1.8064593200253873e-56,2.981888139918799e-28,1.5643862427054675e-10,1.0,1.0,5.683115341985104e-44,2.134056289332863e-08,1.0,6.948133802807011e-27,4.509210929941638e-11,1.0,0.025232903180696396,1.0,1.0,0.006706168843190247,6.632611375569048e-08,0.36621022588113405,0.0007851869612211245,1.0,1.0,1.0,3.956461195983087e-06,1.0,1.0,7.681088211799244e-24,2.586902335410337e-10,3.3714231164975546e-128,1.0,1.0,1.1738107310545074e-13,1.0,1.0,1.0,1.213584449206335e-11,1.0,1.0,1.0,0.14474285402695966,0.29639618423392866,1.6683990171614604e-37,2.4634444549286652e-70,1.0,1.0160299834126259e-07,2.798997081475469e-10,2.847643740466921e-10,3.3533007672178106e-07,1.1760868422331659e-33,1.209224005837745e-10,1.0,1.0,0.00024405021202548516,3.5642512453142737e-22,1.0,1.0,1.838155294778353e-09,4.985705849487965e-28,1.6343452848794333e-22,1.0,0.015491458366036827,0.5747917479429488,0.9860540498151421,2.5917030704108256e-16,2.798795842667184e-10,1.0,1.0,1.0,4.8611683706702894e-48,9.41264909503079e-25,1.0,5.588268380447916e-16,0.02139493214336237,2.3650828653035468e-20,1.0,1.0,2.85174580451741e-72,4.684134830601889e-11,6.964337354149897e-117,1.4397019032151946e-05,0.00015871615331695656,1.0,0.00482909890889357,1.0,4.010678380685085e-15,0.11931668790388306,2.207856999290182e-07,1.0,1.0,0.042847401546236744,1.0,1.0,1.0,1.4461279927436775e-07,1.0,4.378325787187249e-12,0.008472009314741635,7.750205534683708e-43,0.009036020530956744,0.0009428808155854752,1.0,3.918702046839415e-09,0.0015626340253421728,1.0,5.7998772356741745e-65,1.0,4.750893540684223e-09,1.0,2.8331207951400288e-05,1.0,1.0,0.019196126901999656,2.6575534908018367e-17,0.0037356704942903204,8.457382869441624e-08,1.0,1.0,1.0,4.0214083614983957e-32,0.0006698185640568273,0.002810050751126554,1.0,1.6370774180931304e-12,1.0,0.0023506711082774377,4.307822544020654e-70,1.0,1.0,8.143622842478227e-44,6.028819426792244e-25,1.0,1.0,1.0,1.0,1.0,0.022993666555112847,1.9888672060919432e-16,2.418424695717174e-55,1.1150833139146866e-32,1.2596072903750628e-10,0.0013640381247073514,1.750070008539563e-24,3.979370913898326e-74,1.0,7.868218887494586e-11,1.158402855110208e-06,1.0,1.0,0.06231875034766128,1.0,1.0,2.0619067099996924e-07,0.007414508736426068,1.0,1.9612525972180884e-11,1.7230957202319745e-07,1.0,8.986401545835861e-05,0.0003699116927989486,5.791253788570657e-10,1.0,5.6296691780004824e-14,0.001453631383436008,7.247501527315568e-05,3.056193890284771e-24,1.3253976994758222e-14,0.0011856007269134934,3.627576577042268e-38,8.043949079800903e-28,1.0,7.390535540501064e-05,2.1804815464191015e-32,1.8404564325749574e-23,1.0,1.2481948709880019e-11,1.0,1.0
148,1.0,2.295631997143662e-13,0.004133338864646343,1.0,6.89829900366987e-98,0.12816257145862073,3.4667230790305887e-22,2.0780170050079998e-83,8.092596507008794e-08,2.29765587903549e-92,1.2404689348562527e-52,2.2695102050005847e-16,1.0,9.295815745181741e-06,3.429485069845948e-20,1.0,1.1242570272388589e-05,1.0,2.7237072477034003e-09,0.005352358660984243,1.2844825587148946e-15,0.0003284717971184268,3.782000655144554e-65,5.747109990926837e-24,0.00013365419070324763,1.0329266613906405e-42,1.0,1.0,1.0321124551543705e-52,0.06878228778212872,1.1926073944269751e-11,1.0,5.879696535017983e-10,1.057192366164536e-15,0.5403665801567744,1.0,1.2069322564617162e-26,1.2951622110995268e-116,1.0,1.0,4.982523838321802e-10,4.25534386137908e-06,1.0,5.113617588496938e-05,1.0,2.6350276734895896e-34,2.8564974343265413e-56,1.0,1.814950493606988e-43,1.2191947625087756e-26,0.0011001501815642379,0.006245623104222059,1.0581218544426273e-109,1.8978942148046526e-05,1.0,1.4542085134883008e-30,1.0,1.0,2.410224106703342e-52,1.0284616170156587e-53,5.43430511903321e-06,5.0773860645986106e-11,0.0012048721583888882,2.3695910837179883e-27,4.4188421271341495e-10,1.0,1.0,7.807439607568435e-50,0.00017055180481985818,1.0,1.1436019851603986e-10,1.0,1.0954488054314147e-29,7.601081086455921e-13,1.0,5.125284854261638e-61,1.4143832205837736e-31,9.176969864449738e-13,1.0,1.0,5.668334459332911e-48,1.91306521232213e-10,1.0,9.397601643660419e-24,2.542699659233736e-13,1.0,0.0009030500025536402,1.0,1.0,0.00021219653598523696,7.286190098831561e-10,0.01911805073910613,0.021955211168308324,1.0,1.0,1.0,6.414137259113719e-08,1.0,1.0,8.834464716223098e-27,2.012983319368428e-12,1.874465735203079e-134,1.0,0.326410578554022,5.62263503672634e-16,1.0,1.0,1.0,8.16163558227332e-14,1.0,1.0,1.0,1.0,0.016841214252644603,5.479768179183546e-41,5.867280425266811e-75,1.0,1.4331223437958843e-09,2.34854130507465e-08,2.3620904790794727e-08,5.426171833917364e-09,6.434316343772001e-37,1.0979389232225448e-12,1.0,1.0,7.294272186382994e-06,1.4810971107875215e-19,1.0,1.0,2.1815081660145572e-11,5.7530818754090355e-31,3.4799285860691686e-25,1.0,0.0007352710087551132,0.04060370492621478,0.07461133994523114,4.563884312501042e-14,3.149449453366724e-12,1.0,1.0,1.0,1.0307223579112933e-51,1.7212978524995918e-27,1.0,3.0099600315124552e-18,0.0011234734576517412,7.600761010595264e-23,1.0,1.0,1.360914452128448e-76,5.450264150515086e-13,2.8492393960647946e-122,0.00038959810288927843,5.863566078146466e-06,1.0,0.00024298994231115374,1.0,3.011387604258942e-17,0.008494998277325088,5.167072921041868e-09,1.0,1.0,0.0028078126930591142,1.0,0.8008579508089261,1.0,3.4019414033534084e-09,1.0,5.338198735538818e-14,0.0004883799881319786,4.4023673199123784e-46,0.0005290521006226243,4.520979286507717e-05,0.12137511711439193,7.882867291871993e-11,8.229962619939986e-05,1.0,8.138462636605652e-69,1.0,9.850521996408613e-11,0.31700627358217526,1.1189996170031808e-06,1.0,1.0,0.22550584327025178,2.0109422934733357e-19,0.00022366795458156073,2.279526160623417e-09,1.0,1.0,1.0,7.531839441972477e-35,3.594773117671764e-05,0.0001720570198441567,1.0,9.438444641021238e-11,1.0,0.03166098144784908,6.081765831064108e-74,1.0,1.0,6.561903320099198e-47,2.3297632570316965e-27,1.0,1.0,1.0,1.0,1.0,0.0017589327904266837,1.9325969248346485e-18,9.384296395909108e-59,2.2781349265640057e-35,5.309184621975241e-09,8.298816144489186e-05,7.563523362239219e-27,5.213622527105711e-78,0.2653369647707162,1.5764417313778833e-12,2.6373796109185654e-05,1.0,1.0,0.005476778507172276,1.0,0.24912719932749797,7.077756657574436e-09,0.0005550299427654481,1.0,3.966848319767454e-13,6.002416394887051e-09,1.0,4.92433155379587e-06,2.278813803185993e-05,1.4987118865529425e-11,1.0,3.0099631625122846e-12,0.00010181935177238879,4.160895055422858e-06,1.8845135312032985e-26,2.1581104291500073e-16,8.575192641784851e-05,7.862187602005991e-41,3.947750094220908e-30,1.0,4.604898508399008e-06,7.765922795309899e-35,1.3810426324463202e-25,1.0,3.121808502759146e-13,1.0,1.0
149,8.029411767373294e-110,2.3255691688277333e-64,1.5598911508890708e-91,5.50980892405571e-148,0.12517257654957845,8.19195757298528e-94,1.0542259129566855e-46,6.0307544612824494e-05,4.157060828904837e-73,0.017961099679997997,4.1295632601256065e-18,1.5321372281221928e-257,4.316920645149888e-168,7.618682321377342e-76,4.012450954937934e-46,3.0074099859377576e-105,2.282414414166505e-74,2.2493826062183657e-149,5.042646458405939e-64,2.687858110885662e-81,7.805236573051201e-51,7.415809238927434e-75,4.29426270661218e-08,3.6353936402282575e-37,8.081263843486115e-195,1.302221893152826e-19,4.065346749437642e-148,5.114956181215077e-107,9.399433890985405e-13,4.837964166010005e-78,4.120190448759229e-52,1.1650586415926487e-100,4.3050102362054867e-54,7.560162293560653e-44,6.316409160778197e-167,4.4003663659e-90,5.267990334766602e-29,1.0,6.164642785688665e-119,2.852538687637678e-89,1.2078566120846751e-51,1.916702742419686e-60,4.413744729553318e-140,2.924956724109196e-63,7.517616365065292e-107,4.947654059614908e-281,7.368707037502739e-08,1.593730658884606e-98,5.255482808557679e-14,5.159273895186224e-27,3.5536756491220563e-65,2.3136185291734822e-67,1.0,1.6013791875110575e-59,7.828779802943161e-87,2.5443814851375094e-22,1.215790244085112e-84,4.090903747882218e-78,7.631732939274574e-08,2.9924484597731056e-07,1.7408206735381757e-55,1.2698321520928872e-44,3.519308901980963e-61,2.3860922082560285e-23,8.217050056829038e-46,5.745381251968523e-91,9.487956814192552e-71,6.056545625751198e-08,5.093085037995485e-169,4.822171952716897e-117,3.35428343597045e-43,1.6092801480085032e-75,7.530950632541165e-20,3.903893106865473e-39,8.264829218081381e-111,0.0030642654559249584,9.575918428964984e-18,7.125452963492685e-38,4.053537476090419e-86,1.4197398256129071e-90,2.6488032437966355e-07,7.409688611955947e-41,2.2852814813171447e-91,2.956368789728706e-229,1.0172151511686027e-35,5.218651840783817e-91,3.3303207651007945e-54,1.200149580070454e-68,2.3388454889491947e-105,2.0022202902592774e-51,6.930657529343573e-39,1.2324229732070263e-55,1.759405581556483e-146,6.013766172373439e-66,1.8920994857859739e-113,1.010431354707919e-92,2.4018604367423433e-41,1.1344139529187415e-127,1.6370622510951443e-67,4.9943126853926e-17,1.3930058852778904e-32,1.0,2.0630588719454997e-67,2.216777330741809e-56,9.028186828088662e-27,1.7148906973860325e-74,1.089895415510083e-73,4.707941235502218e-71,5.18402647794495e-29,1.0043141759524904e-69,1.462005972275319e-122,6.883288968452239e-72,3.062190921511125e-128,2.697619178558998e-50,2.667477355522845e-06,1.0,5.174981531471808e-64,1.1390849523864238e-33,2.653478922379845e-160,9.740516174620788e-160,1.5170249824388611e-33,3.28368578392317e-07,1.403997758802474e-27,8.198983216267448e-71,1.1874253316629059e-57,4.758900182119296e-38,5.335534365341063e-192,7.280930060878811e-52,1.3862321447409923e-89,9.338993102865482e-28,6.068734411351983e-09,1.1154655722639856e-12,2.6911125726061206e-50,1.5957714989939101e-40,3.633819360211084e-45,9.16254453843379e-46,4.4425576198505555e-171,6.490481995473395e-25,1.6197003966307311e-68,1.5450425721317413e-48,3.483042001673349e-50,1.0,5.193323311401791e-10,1.438135731720329e-51,8.556450721462203e-17,1.92325776776263e-38,1.5236529379782303e-12,2.85174580451741e-72,1.360914452128448e-76,1.0,5.843719042608705e-21,0.029125226145269502,3.0141722054135488e-127,3.225733283104025e-30,1.4934037494878136e-78,2.4675121236863374e-33,8.39268446877984e-58,1.7149034338909632e-14,8.535534748550695e-36,1.0903513237777283e-23,2.8393289242052104e-55,1.4057849193495772e-52,7.329184510196775e-34,1.1468265255762908e-64,3.5797822365721637e-40,2.110209960968383e-57,1.233858092375748e-22,1.564150853077071e-47,2.0116440264238996e-16,3.150054226576751e-31,1.0,5.470436148541234e-31,9.651360803196367e-29,1.3425432204641222e-35,1.1832952404835708e-18,9.431957662660696e-28,2.394011079668173e-41,1.0,5.288772585353542e-39,1.9627867468523475e-18,1.3483388561620695e-35,2.032560750930282e-23,5.3949339589366736e-45,5.842448872663888e-45,5.415597942880648e-102,3.3230745955619055e-09,5.085313293409942e-27,9.626124315006084e-19,1.2747613203668722e-42,1.6319697486228536e-51,1.077692692828147e-52,0.7283407025862978,1.6620201474507794e-24,2.072840020373723e-25,4.297894426540146e-52,5.93469481056354e-133,5.885939915312583e-56,2.2137198396850595e-102,1.0,1.7194068787330156e-54,1.020989742236837e-55,1.0,0.0022868523096743008,1.3320218710469083e-78,3.5006946101202036e-34,8.32181873899218e-61,1.6295324788086723e-60,1.6034688332955236e-79,3.2541511632209086e-26,3.2794520869996774e-08,1.0,1.0,9.93926250183875e-125,2.66368541340726e-23,0.004114260182458363,1.0,1.084291217660574e-30,1.0378737487458052e-12,7.604421937835769e-111,4.97238580500782e-55,1.9745154428468294e-86,1.0907622479100552e-25,1.2420609277696465e-44,3.8408227101191826e-29,9.155917415316145e-16,6.423479061315756e-23,1.4629094831677578e-40,7.885433280209233e-11,3.544307747320337e-15,1.4607868016768109e-58,1.336692045354891e-18,2.3709585238068077e-19,1.6678703395634786e-11,3.8468101046688975e-37,5.4871115252122306e-126,7.922632511961049e-20,4.565012528784699e-17,0.4549638049488245,3.1577259708532047e-06,1.7262135382546364e-18,1.0,1.0,2.126772875185252e-69,2.341338710594055e-15,1.0,1.0,1.0095844655283333e-49,1.43551456102429e-07,1.9104673576130363e-26,4.182978929470674e-58
150,8.974813351086142e-12,1.0,4.583967738240571e-06,1.2282642782830595e-28,3.135244708890847e-17,1.845543478965284e-07,1.0,1.885467330873819e-11,0.1942065353550085,3.3053145691228135e-15,0.6130856216426726,9.734298261887112e-89,1.1111077180056847e-39,0.014198824912316697,1.0,1.1837914822575549e-12,0.01987009741222483,6.364435052703213e-32,1.0,0.0001046678770845324,1.0,0.0035728365005764156,4.491728605470463e-06,1.0,1.8530869850655476e-57,1.0,1.8088678634729376e-33,4.6661653891535734e-15,0.03181512884238715,5.856915255884032e-05,1.0,1.8202776037642207e-13,1.0,1.0,6.756671011786116e-45,1.6349203121734112e-09,1.0,1.761796322049156e-31,6.963335940615146e-22,1.1437221024459618e-09,1.0,1.0,3.06456022752754e-32,0.23629016787517942,5.4587787805726946e-17,2.427079587704913e-114,0.00019181403106946623,7.229904075900824e-14,1.0,1.0,0.034994516152375615,0.007486912916481963,4.844227119312446e-29,0.9639177788275868,1.320045622770659e-09,1.0,6.822690937583151e-09,7.180214699122751e-07,0.001065605731808379,0.0003483380644850278,1.0,1.0,0.1081278609272543,1.0,1.0,2.7075170572919195e-12,8.173079915901829e-05,0.0034459521601105524,5.1291115361438254e-51,4.466969574455588e-24,1.0,1.131351830632371e-06,1.0,1.0,2.1879027072528787e-21,1.3272890340561363e-07,1.0,1.0,2.5602324631904484e-11,3.740730826734769e-13,0.004593378132589879,1.0,9.145178516137038e-14,1.954552743028617e-89,1.0,6.85057831342812e-14,0.9007936740814756,2.5313172931056613e-05,1.697687059811355e-20,1.0,1.0,0.14724795533496587,2.3136468651301745e-42,7.518107798608157e-05,2.697636686393297e-25,1.1229285176579794e-15,1.0,8.992687385593598e-33,1.0619375635309595e-05,1.0,1.0,3.9266747876548836e-49,5.966560652703186e-06,0.024557859616279706,1.0,8.691645212579462e-09,1.611179137219708e-08,1.4324191392963344e-07,1.0,3.617922142476926e-07,1.216289004893826e-31,3.967551817936099e-08,8.764659976941914e-35,0.7622931550935829,0.04301638526264154,6.254653693487485e-17,1.8676481465078484e-05,1.0,6.079381838956436e-54,8.573295360679887e-54,1.0,0.4747704267798624,1.0,1.0523740516871985e-08,0.0007319913272201371,1.0,7.099468929686757e-75,0.044632265444257115,3.0548853629987436e-17,1.0,1.0,1.0,0.06875749516173582,1.0,1.0,1.0,2.304564036707836e-63,1.0,8.359352446025852e-09,0.1295045195585218,0.03789453790297017,9.775658578952229e-08,1.0,0.008495399233418027,1.0,1.0,1.0,4.684134830601889e-11,5.450264150515086e-13,5.843719042608705e-21,1.0,3.066093328816779e-48,4.195562325186309e-40,1.0,6.37459005497129e-15,1.0,5.0153393364186795e-06,1.0,1.0,1.0,2.0807307212253472e-05,0.00019987021635127654,1.0,2.2928637739034913e-09,1.0,2.044268205274235e-06,1.0,0.007919070908807158,1.0,1.0,4.5285283896560555e-07,1.0,1.0,1.0,1.0,1.0,0.3176401095328863,3.595042584054931e-19,1.0,1.0,1.0,1.0,0.01092184756475865,0.010713194359238114,5.9695218595000314e-30,1.0,1.0,1.0,0.04403913383815219,1.8663597890307536e-05,5.512183002931082e-06,0.003594455594133813,1.0,1.0,6.238064133068013e-06,1.9990690708321718e-49,1.4102723800209469e-07,3.0171756696129904e-31,2.133668988982465e-23,5.162325660097738e-07,1.3500579084480246e-07,6.688044903841817e-09,1.0,1.2187322592230067e-18,1.0,5.206350542514188e-10,6.026217320298309e-10,2.9888312706798525e-19,1.0,1.0,2.9023334865778947e-15,0.0008635234697534404,2.7511248379093973e-45,1.0,1.0,1.7782514792672272e-26,1.0,1.0,2.3879614659220614e-37,5.6479490757594444e-08,8.901812123496005e-24,1.0,0.0008062461757089796,1.0,1.0,1.0,0.01686591930286036,1.0,1.0,3.3543717549431963e-10,1.0,1.0,1.0,0.11140482957363551,4.569166690900773e-49,1.0,1.0,0.3211345055047199,1.0,1.0,6.017656589244784e-08,0.005571291194345425,2.978311707189519e-17,1.0,2.9415726147360207e-05,0.3118021697676093,1.0609438307859432e-07,1.0,1.0,7.823499084638827e-12
151,6.496150954657969e-185,2.9495731291431276e-124,2.0008268328586808e-160,1.815932067132287e-231,8.633351291947767e-25,3.2563133127511553e-162,1.2073222192689457e-98,9.458838175034846e-32,7.731303090191085e-135,1.8033972710560803e-26,2.954389597317709e-55,0.0,1.4882015327173629e-254,1.5345394776184683e-137,1.2049835200964928e-96,3.751141290383816e-175,5.050075679777715e-135,3.893292280606158e-230,8.134252759676232e-121,1.261527028719628e-143,1.9082065107001447e-102,2.1725095640659383e-134,2.7025284443303387e-36,2.040763308890801e-82,4.456241572613194e-283,1.0307416081375936e-55,3.3709052631690254e-226,5.857432546963715e-175,4.3606447219016154e-44,5.416648122951469e-137,3.0206540757027192e-102,1.4799692271582625e-165,1.6888147789107134e-104,2.493316268937561e-90,3.822292122192789e-247,6.7353692599902065e-152,1.4233130984103253e-68,2.302007273160289e-06,1.0923487582879154e-187,3.7369457919103125e-150,2.2318543723301578e-100,2.9272982522049668e-112,2.2121888373516976e-213,5.297203241906321e-116,4.6440650832406985e-172,0.0,4.405335881030994e-34,4.347206954264237e-161,1.5106968473549937e-44,7.169336251019429e-65,6.740241797030436e-118,1.020241827628166e-120,1.3738549399325608e-06,3.680178838662242e-110,9.886324795047586e-146,2.2606416533603723e-57,9.23580359036381e-143,8.141645530970039e-134,2.8016974844244075e-33,3.3236024446163643e-32,7.238172711242694e-104,5.623380431654844e-89,3.0063301769404295e-111,3.0245812518522866e-58,1.9851791498093975e-90,1.9462194240773795e-149,1.8006134696246556e-123,5.321586990582963e-33,7.796332847906846e-245,1.0703381798846824e-181,2.6453855945431654e-86,2.7756041533685638e-129,2.4291029154764504e-52,1.6091071226428103e-80,1.0334484445353172e-173,6.249854049091749e-24,7.794634921178248e-49,2.8792057654429255e-78,6.594228013216142e-142,1.5586025210961936e-147,3.426242598085039e-31,4.09692696570425e-82,3.6940914789311764e-148,0.0,8.728007790106898e-75,2.4453599392940812e-147,8.83429243547939e-100,1.2523899507322683e-118,5.340728530356249e-165,1.045354955094459e-95,2.4030576868691103e-78,7.400044298224146e-101,3.4317959301198357e-214,2.3930032769284168e-114,6.383000117213037e-174,3.8901167006568514e-148,2.453898101903969e-81,5.3306345935858896e-191,7.194372107039041e-116,5.8328391569680596e-46,8.876833705940431e-69,1.0,2.831924251701989e-115,9.79387590871001e-101,4.0484349825477773e-60,4.1792618974016675e-124,5.179618393120415e-123,1.5371106602793966e-119,3.8530982921853614e-63,1.1118686295666571e-117,3.304607660384236e-183,2.9651268921603413e-120,6.042768218713982e-190,4.6706788601176884e-92,1.5873973678850854e-27,4.6358571316905026e-08,1.0538013693792846e-109,4.208541021131217e-69,3.2065109203633385e-227,2.1739036402817805e-226,1.5249254820629645e-68,1.1781357353923743e-28,4.996099353274616e-60,2.0101088720001036e-117,2.2077991176036825e-100,2.9070582979847695e-74,4.765036562106238e-263,1.349688285769391e-92,1.5091981950148476e-140,1.086953293812424e-59,6.058739708037669e-31,5.91359664525598e-37,5.91864941048837e-90,6.339394436765018e-77,3.81050795469092e-83,7.039175048368165e-84,2.2953843658605306e-237,4.929639597362472e-55,4.805353718416069e-113,4.11444092348292e-87,2.9697456152461857e-89,7.887221279910596e-14,3.0121700435902005e-32,1.0329023861155027e-90,1.2463235480206909e-42,2.941658108466105e-73,5.516674357583504e-36,6.964337354149897e-117,2.8492393960647946e-122,0.029125226145269502,3.066093328816779e-48,1.0,4.399338769035902e-183,7.098481263753372e-61,1.8900850452304767e-123,4.223411000209472e-65,3.2761444058234795e-97,6.522486809144585e-38,4.684742100261612e-68,3.127241408968982e-51,1.999771183742455e-93,6.682341301656833e-90,3.5236249517928523e-65,3.3713901791538236e-105,1.5966138876059757e-73,6.8065932029155965e-96,1.8867156574951166e-49,5.281040537757716e-83,2.533277221368824e-40,2.7988615029102577e-61,9.827443092226498e-11,7.626087354993097e-61,9.734082005908416e-58,1.0569846719789874e-66,4.4664338997001705e-43,7.4378189423071895e-56,4.487573124153539e-74,0.42517984243494455,5.506415694042916e-71,1.2394660548260802e-42,2.6421370490976825e-66,1.799196999844025e-49,1.9525431851150255e-78,2.3447893670930435e-78,6.10022332426882e-149,2.3308098461493317e-28,2.678235128900178e-54,1.4693128131218445e-42,5.759911159933349e-75,2.364140479903002e-86,8.837835887395529e-88,1.0516800521901029e-13,1.8205504213675952e-50,1.353541926213006e-51,9.627148463332454e-87,1.4240206317613585e-184,1.3410614418714136e-91,2.2499951453051537e-148,1.0,1.1509532164708889e-89,3.91611574224204e-91,2.6535706566038025e-06,3.765469803594428e-18,2.510215222056192e-119,3.9660041816606695e-63,2.5872261216323167e-97,7.319431869126671e-97,2.6410114451947542e-120,2.755241352491697e-52,4.3295173678879463e-26,0.12095678883745302,1.1002843147089005e-11,3.9781999983297214e-174,3.847565408137223e-48,1.7855725028036682e-17,1.0,3.7742837997416866e-58,8.136532722360232e-33,2.3335122836260933e-157,2.2749238714747322e-89,8.077414157178167e-128,4.990008912090586e-51,5.983892773839e-76,1.450216222426741e-55,6.158949010780604e-37,6.027756341042394e-47,2.2794881019408946e-70,1.7638046362555168e-29,6.714656254168088e-36,5.349554709065679e-93,1.3112223412758707e-40,1.4509477695567224e-41,3.534753588373211e-30,2.9928818576919795e-65,4.5753535406569796e-173,5.0664977229589284e-42,6.35284336371876e-38,1.019483038522396e-12,1.596436876261844e-21,1.0251276236299123e-39,0.0004791914588215115,3.2630511799127276e-09,1.7631710829410766e-104,7.578966084341497e-35,3.788874717283852e-06,1.4955455040423107e-11,5.1886975471202135e-80,3.119494223240524e-23,6.7093312179004775e-50,3.0043243383516554e-90
152,4.770450682179677e-25,1.019096260258211e-53,3.032899843807315e-33,2.2515020914801734e-08,1.7390803385512302e-174,4.399493220924722e-29,7.034972493646135e-68,4.332543875445587e-155,1.8553309739230937e-42,9.340469208496959e-167,4.118729037728641e-113,1.0,0.029059625847530877,1.0292976691493012e-37,1.4725065686353028e-63,1.450245746137281e-19,3.3409621046632992e-37,9.974629415695981e-05,4.3893494254479887e-44,3.962765025686952e-31,3.388208870386699e-55,2.3368614331826176e-33,1.054495506341668e-127,2.5544121989566336e-68,1.0,3.015501906223449e-96,0.00886120056575355,1.6229919016639263e-14,7.054612098271562e-110,2.724043741991833e-27,1.0518211919065708e-46,8.07435858033323e-15,2.6598203605108375e-43,2.2970857033941306e-53,1.0,3.008712588133125e-19,1.542075121062429e-70,2.9601857846244797e-191,3.01445604748105e-07,2.9402102352505694e-18,7.383993714076545e-43,2.0909170232062173e-35,0.07917742726689327,3.173176670833578e-33,2.1318190664911554e-10,0.00020089414418685968,2.157953020040758e-112,9.654195515305863e-13,2.2314426659701035e-94,1.0211965303336752e-69,4.663560252572331e-30,2.1532944192014723e-28,3.779904716013286e-181,1.4859985997548427e-33,6.61878471983816e-17,3.623190095848624e-75,1.2407307924526065e-17,8.092037925511098e-20,1.2637624134938076e-105,1.69016506320283e-107,4.724087349976896e-34,2.7180427614878868e-43,3.6607268654448406e-29,1.6030452560283827e-69,1.7797830434279808e-41,2.5235191345230768e-12,3.8238517906664946e-22,2.3243467690295708e-101,1.0,0.0012024426736152488,4.135674789513639e-42,1.0977465332113915e-18,2.420453831848872e-72,8.761353425583897e-46,6.245812214665532e-05,4.118366218081806e-116,7.839472835909373e-75,3.1306030341193156e-45,5.4759827482237365e-12,3.221991397824635e-10,1.2854179184870096e-97,5.809838321661219e-41,2.3620765409166485e-09,0.49334247504024825,8.784712096075933e-46,6.2235867033596385e-09,4.452352980303757e-28,1.3765059120901447e-18,0.00034349822724874816,4.000359860145711e-29,4.15381417952635e-39,8.535435610209283e-25,1.0,2.288939925667683e-18,0.26755535129026314,1.820880337267441e-06,2.5598020941290397e-35,1.0,1.9498116445752107e-16,1.78028171948852e-65,7.13814572903367e-43,1.1125055535614869e-204,1.5926975603868121e-15,1.8967241393998015e-21,2.2078677813064236e-48,1.05589463224319e-11,6.219509892889549e-12,6.17848506733306e-13,1.1338936032641775e-44,2.908734115442633e-13,1.0,6.614538971939557e-12,1.0,6.947163979120186e-24,1.31611953997372e-84,1.5595648246123467e-129,7.708949789374952e-15,5.769402372513569e-37,1.0,1.0,1.2244582834426741e-35,4.0318500956907947e-78,8.242032521203889e-42,8.182012293372948e-10,6.063222685208899e-16,1.2459074061442899e-29,1.0,7.434080595168889e-19,0.006085088492547711,4.149467157345188e-39,1.2087182716310417e-68,3.2581017619158333e-60,2.05766566641635e-18,2.5151173227919013e-25,8.29003142487468e-22,3.2574723498038485e-21,1.0,6.143438783793404e-40,2.5308288099382395e-08,3.180582678778183e-18,3.895126548791692e-17,2.136557867644061e-96,5.799705497785037e-63,1.7488925983872072e-15,5.88316603317301e-49,2.1988016249456356e-24,9.746121416643703e-56,1.4397019032151946e-05,0.00038959810288927843,3.0141722054135488e-127,4.195562325186309e-40,4.399338769035902e-183,1.0,8.38113560645413e-28,0.041137931189151475,8.563580584409759e-25,4.054874834653983e-09,5.935662628062577e-46,1.467108639211767e-21,1.1219450867875274e-32,2.855579908196823e-09,1.9425149135917456e-10,2.5614880974326773e-22,3.3246807073647076e-05,2.945012965375925e-17,7.107562792636193e-08,1.013468214907947e-32,2.62469707952346e-12,2.284270317351726e-40,1.5565557488745228e-23,1.0620415402165617e-85,2.1692238809152717e-23,2.4331070013770914e-25,1.5689623551383967e-18,8.945237474245872e-35,1.8242807920336508e-24,5.629163197046264e-14,3.5031345769868595e-114,1.7754071288959682e-15,1.7153390653734074e-34,2.0109338410891137e-17,1.7867034009870858e-27,5.856386402492487e-11,6.645235580676845e-11,1.0,1.896648518222508e-47,2.9895507238787676e-23,9.467676701486025e-32,1.9488712474864452e-11,6.681891907122488e-07,2.8273464414819493e-06,7.901855756255092e-69,2.1317833814715668e-24,4.417919780266996e-23,4.526769078864926e-06,1.0,0.00016229226021437088,1.0,6.572697024964772e-119,6.160844867472161e-05,0.0002310163495364411,2.1407233855743097e-84,4.6415433278542525e-58,1.0,6.474362853464494e-15,0.021042018259253302,0.021998814285009802,1.0,6.4537695119033006e-21,4.986282371981465e-45,2.746886330238179e-99,9.55905852782184e-69,1.0,3.195028101775414e-23,6.224919133682909e-57,4.054388909697132e-123,1.429928676712927e-16,7.811609031620995e-36,1.0,0.0024968491887060063,1.0,1.3443601397970034e-19,4.0137504585365376e-07,2.686746245649695e-16,1.2469597651316304e-29,3.275555682059806e-21,1.8247736117448246e-08,3.6626737710869715e-36,1.4725459055317832e-29,0.2927270222458772,1.5257435105269918e-24,2.5947678400847906e-23,2.393146993538875e-33,7.47115897536647e-09,1.0,5.287922472596747e-22,3.359913626540375e-24,2.3006816148183743e-54,5.27506696821529e-40,9.184840790795841e-22,3.372008355066716e-73,6.670469361101137e-59,1.0,1.5851237641757415e-23,6.134740736011808e-65,2.077036322080233e-52,0.1678682191456295,9.731796675220074e-35,1.7305289044449722e-12,1.0
153,0.00543751294530879,1.0,1.0,7.394311942669681e-15,7.339594225371201e-29,1.0,1.0,1.3199674085057347e-21,1.0,2.697515135372969e-26,2.630480828694775e-07,8.018164859481917e-63,2.007844024833445e-23,1.0,1.0,0.0006484167403624435,1.0,9.535411512563677e-18,1.0,1.0,1.0,1.0,3.1187398952698056e-14,1.0,3.745543058326956e-38,0.00020893285047003866,2.716141815897693e-19,8.726064037813456e-06,7.902864542442356e-09,1.0,1.0,7.821992180010179e-05,1.0,1.0,1.4883159876293334e-28,0.03292668763244765,1.0,1.2038019931749106e-44,6.219916698106553e-11,0.022616834190833802,1.0,1.0,8.084255315555043e-19,1.0,1.9153619227688007e-07,9.031505045083885e-87,1.2437531917998144e-11,2.6992379092337788e-05,6.687366332530024e-06,1.0,1.0,1.0,1.3462375214550396e-41,1.0,0.018988835348186198,0.5048652909480285,0.05401742743134698,0.9665229915952551,1.9136888946445853e-10,4.183351093936286e-11,1.0,1.0,1.0,1.0,1.0,0.00020145243068952904,1.0,1.2070102822155782e-09,2.025857178438363e-34,4.484426572157856e-13,1.0,1.0,0.3389711110924545,1.0,4.3973741744464334e-11,1.928094955246476e-15,0.053307059572653324,1.0,0.0006876163299057419,3.554336242152319e-05,2.5064661623317094e-09,1.0,1.18598859036771e-05,3.778106521855654e-67,1.0,8.756742601167604e-06,1.0,1.0,1.1087925844928286e-10,1.0,1.0,1.0,4.450968667237623e-28,1.0,1.6582858359874587e-14,3.064986525742369e-07,1.0,1.950210448109339e-20,1.0,0.5844163548630164,1.0,4.075302816123909e-63,1.0,1.0,1.0,0.019012402663399607,0.02854635677484672,0.1224756951067187,1.0,0.22038921859539579,8.310564803203358e-20,0.04767724406433908,2.347797019799528e-22,1.0,1.4255427762462964e-07,3.3605604605364474e-26,1.0,1.0,2.304698729137865e-38,2.834162002738653e-38,1.0,5.178121176805496e-06,1.0,0.013773512041606295,1.0,1.0,1.7110923929282953e-56,1.0,6.921178783896641e-09,1.0,0.0009509615197440846,0.2501007923532288,1.0,1.0,1.0,1.0,6.355373959241229e-47,1.0,0.008303860263847565,1.0,1.0,1.4000135050425978e-14,0.016625025537299044,1.0,1.0,1.0,0.934432425971667,0.00015871615331695656,5.863566078146466e-06,3.225733283104025e-30,1.0,7.098481263753372e-61,8.38113560645413e-28,1.0,1.3978866874465665e-07,1.0,0.43469987632646556,1.0,1.0,1.0,1.0,1.0,1.0,0.0015555676264137907,1.0,0.19520009854403747,1.0,1.0,1.0,1.0,2.839263073618975e-13,1.0,1.0,1.0,1.0,1.0,1.0,1.3741774964978419e-27,1.0,1.0,1.0,1.0,1.0,1.0,4.036488112711115e-20,1.0,1.0,1.0,1.0,0.5788637306749671,0.24092453802408645,4.667904111162465e-08,1.0,1.0,0.24674358864667803,7.592003404867367e-37,0.015964008872342082,2.143806137200967e-21,3.793306099446059e-32,0.0401581852625041,0.014827454674985783,3.698170185167798e-15,0.00020658709545412005,4.14759687986559e-11,1.0,0.00022500057854280933,0.0002450649395652028,1.2718519527575834e-11,1.0,1.0,1.1362957689145474e-22,9.540402235939008e-09,1.837816515913318e-33,1.0,0.00024096335352836984,1.7192786042239822e-35,1.0,1.0,9.303849665833427e-27,0.006166594751178565,1.8698261045191464e-15,1.0,1.0,1.0,1.0,1.0,1.0,1.0,1.0,0.0001033512670665578,1.0,1.0,1.0,1.0,2.5856318657882935e-37,1.0,1.0,4.393807739638364e-05,1.0,1.0,1.755370162710033e-13,2.5976047263003153e-07,1.4281004486353783e-10,1.0,3.8969953822896265e-10,5.3624587877078344e-05,0.004699974522533046,1.0,1.0,2.7860652104645354e-06
154,0.33060675595027855,1.3856453013065428e-15,6.164028863236483e-05,1.0,1.2676076460163837e-97,0.002684834754234685,1.9498131998135404e-24,7.3540551214560015e-84,6.962980586724013e-10,2.004098613085758e-92,2.8796135299816806e-54,3.989525402500699e-11,1.0,1.0234323995359955e-07,1.9095164127650715e-22,1.0,1.2764584906720223e-07,1.0,2.2068128978633253e-11,9.256574699571553e-05,7.706570730870553e-18,4.791149925435946e-06,1.5357662134580294e-66,3.2262705549557144e-26,0.07570887462147624,1.0079834291385381e-44,1.0,1.0,1.6485907048029102e-54,0.0016323312203275115,8.944568326614791e-14,1.0,5.020146827737931e-12,6.683788266301608e-18,1.0,1.0,6.817321966467808e-29,2.1764586053878799e-116,1.0,1.0,4.363794336237835e-12,5.45111875379086e-08,1.0,7.543323101934342e-07,1.0,6.668607993712292e-27,4.341734874795579e-58,1.0,1.499092388978086e-45,6.853618578313209e-29,2.047011174549096e-05,0.00013301512331074546,6.489283866834105e-110,2.746252004290214e-07,1.0,8.42082733883186e-33,1.0,0.7595855391439117,2.647136204864316e-54,1.2016530808783635e-55,7.647573975105134e-08,4.4547956928775246e-13,2.406165408434549e-05,1.3306745697068693e-29,4.193719149619005e-12,1.0,0.04973235643871357,7.24279836082049e-52,0.05335142647257212,1.0,1.0631238525625759e-12,1.0,6.190251002047385e-32,6.1474111900110275e-15,1.0,7.493213196761409e-63,8.077525263739837e-34,7.623679216190107e-15,1.0,1.0,4.547734656570165e-50,1.894327060567069e-12,1.0,2.5799962809952182e-18,2.08704291322434e-15,1.0,1.9738907302188935e-05,0.7202580984200333,1.0,4.2793534726349645e-06,7.9888437255151e-12,0.0005542204612134572,1.0,0.6333326532859335,1.0,1.0,8.637873357299818e-10,1.0,1.0,5.084611636496801e-29,1.8953599337689584e-14,1.2508822726401673e-134,1.0,0.013062316046275885,4.402212712456069e-18,1.0,1.0,1.0,7.259584698293485e-16,1.0,1.0,1.0,1.0,0.0005306664043515834,3.263349296984575e-43,9.532662377499731e-77,1.0,1.812125392376193e-11,1.838437001116081e-05,1.816383807820635e-05,7.420655348890094e-11,3.6572412140677327e-39,1.1193669490770658e-14,1.0,1.0,1.4616557534162062e-07,3.4813627560506512e-15,0.06841187047148989,1.0,2.542601000373231e-13,3.3320984509810295e-33,2.2058795352498935e-27,0.08094314878935707,2.0628886690151027e-05,0.0015596320795944214,0.003036739662634424,1.7430883779374234e-10,3.5904767978464624e-14,1.0,0.07418646931712113,0.246656724825164,6.641944622891326e-54,1.0620693042916239e-29,1.0,2.498249413234119e-20,3.437330322776547e-05,5.338763120767061e-25,1.0,1.0,1.4934037494878136e-78,6.37459005497129e-15,1.8900850452304767e-123,0.041137931189151475,1.3978866874465665e-07,1.0,7.292602935373219e-06,1.0,2.881410784573425e-19,0.00033835160464544924,9.095089739289408e-11,1.0,1.0,0.00010474744851626221,1.0,0.049127562744802136,1.0,6.024938752024983e-11,1.0,6.464389917787132e-16,1.6486580300748746e-05,2.5098336199299008e-48,1.8106043672717883e-05,1.323507369769818e-06,0.006522691256405381,1.2742377523397284e-12,2.606790424072977e-06,1.0,5.827303875304343e-71,0.21319622265207833,1.624264619468382e-12,0.01913126761825812,2.8609457292548645e-08,1.0,1.0,1.0,1.951592824558015e-21,7.89821070756522e-06,4.473143599816379e-11,1.0,1.0,1.0,4.722326419788674e-37,1.1681399069753637e-06,6.224084708580146e-06,1.0,4.7353175798507965e-08,1.0,1.0,4.3462537635642154e-76,1.0,1.0,3.75043121030191e-49,1.7581717568007755e-29,1.0,0.16507026688792567,1.0,1.0,1.0,7.702842926590286e-05,2.1186264206104938e-20,5.499636543531642e-61,1.455794865550661e-37,1.4857784691422066e-06,3.006507483411334e-06,5.932784699257175e-29,3.809504291459133e-80,0.017653255023918273,2.5819966364736896e-14,0.0023771329036508014,1.0,1.0,0.0002724933641637308,1.0,0.017121821628672006,1.6660907427050755e-10,2.4111701961984437e-05,1.0,6.571046703979759e-15,1.431073587332061e-10,1.0,1.6594756211680933e-07,8.454651228600786e-07,2.9196563173693364e-13,1.0,1.4220233924691523e-09,4.215480274999928e-06,1.4654952406306983e-07,1.7042237454034145e-28,3.1647235886415723e-18,3.6694394572186593e-06,5.122938342693331e-43,3.273352010106925e-32,1.0,1.7491656824022762e-07,5.7795079156728125e-37,1.3634858586864123e-27,1.0,6.0134033988757135e-15,0.4426409801577836,1.0
155,0.31863966786830217,1.0,1.0,8.405735189308427e-12,5.931791403368848e-33,1.0,1.0,3.2496733647934624e-25,1.0,3.324805693186179e-30,9.945456057023506e-10,8.250943737997372e-57,9.95368021355682e-20,1.0,1.0,0.042592539884578846,1.0,1.5156662109702806e-14,1.0,1.0,1.0,1.0,3.577481145849869e-17,1.0,1.1764452939067786e-33,2.0595687297659136e-06,4.693260457333675e-16,0.0008574875650556211,2.8117636937479465e-11,1.0,1.0,0.005510630260083434,1.0,1.0,9.510293832019397e-25,1.0,1.0,3.5300859899193575e-49,1.7841736438676025e-08,0.7380540775931891,1.0,1.0,9.983837019408384e-16,1.0,2.4320843691538244e-05,3.0333776997126486e-80,3.145293625177057e-14,0.001949630380022887,5.716325427834044e-08,0.7779105445502574,1.0,1.0,6.534110617352042e-46,1.0,0.5966223305962797,0.017359928328973807,1.0,1.0,6.911906161781668e-13,1.334559013169192e-13,1.0,1.0,1.0,0.17394149552494215,1.0,0.01026796450752598,1.0,5.488510053806442e-12,1.7520044613865304e-30,1.5004223056167643e-10,1.0,1.0,0.01220939242265467,1.0,9.808597606526446e-09,3.308419846620099e-18,0.0015323553646889416,1.0,0.028134133975167442,0.002026755872235197,1.3535740455781748e-11,1.0,0.0007431319577834387,8.597004986226796e-62,1.0,0.0005535137330867471,1.0,1.0,1.9735281798832876e-08,1.0,1.0,1.0,1.1391528891160896e-24,1.0,5.46340048171029e-12,2.473837549963123e-05,1.0,1.620762126209002e-17,1.0,0.027073621305660683,1.0,7.413988234159671e-68,1.0,1.0,1.0,0.4446783388615734,0.6328591180886934,1.0,1.0,1.0,5.4030828292511333e-17,0.9684216476938498,2.176723081579859e-19,1.0,1.4812214847397961e-09,2.3039209769650902e-29,1.0,1.0,1.3893370825058933e-34,1.6587757872457847e-34,1.0,7.933236812022669e-08,1.0,0.30055701471307117,1.0,1.0,5.362902010564318e-52,1.0,6.006130118809073e-07,1.0,2.622862187358401e-05,0.012817807322281547,1.0,1.0,1.0,1.0,6.789191900719981e-43,1.0,0.17674411843894736,1.0,1.0,5.985572591088147e-17,0.0006542687413977951,1.0,1.0,1.0,0.06084429874456555,0.00482909890889357,0.00024298994231115374,2.4675121236863374e-33,1.0,4.223411000209472e-65,8.563580584409759e-25,1.0,7.292602935373219e-06,1.0,1.0,1.0,1.0,1.0,1.0,1.0,1.0,0.0329559192349593,1.0,1.0,1.0,1.0,1.0,1.0,2.089904169972991e-15,1.0,1.0,1.0,1.0,1.0,1.0,2.0954480784003876e-30,1.0,1.0,1.0,1.0,1.0,1.0,1.0539788422825673e-17,0.15270301024282842,1.0,1.0,1.0,1.0,1.0,9.143050853949686e-10,1.0,1.0,1.0,1.061741236343947e-33,0.22696047332782832,5.842575005368212e-19,4.703066950526646e-35,0.5171339936728292,0.21017703263756565,2.787230625490391e-17,8.058398114341542e-06,2.7698112668660253e-09,1.0,0.004651178319916881,0.004996953979713365,9.05518897807001e-10,1.0,0.19473885262198995,3.790086747461071e-25,1.8189067651366854e-10,1.6748392027245e-30,1.0,9.897639766930298e-06,1.7844892175921098e-38,1.0,1.0,4.085725355985554e-24,0.08979138104238574,2.0903278774799958e-13,1.0,1.0,1.0,1.0,1.0,1.0,1.0,1.0,0.002043798337435989,1.0,1.0,1.0,1.0,2.4134623951376757e-34,1.0,1.0,1.917179319237533e-06,0.3327684839776495,1.0,2.3985466330332815e-15,8.293498743385767e-09,6.272817271389234e-09,1.0,8.544821216916449e-12,2.5642428533991963e-06,0.05823757560754676,1.0,1.0,6.123835104783978e-05
156,1.0,0.0006086709805354399,1.0,1.0,6.237212448355273e-67,1.0,6.35800454082837e-10,9.104431727589097e-56,1.0,7.959440559893317e-63,3.9408062013864375e-32,1.3782689220969037e-25,0.013334442498150877,1.0,8.875159379805358e-09,1.0,1.0,1.0,0.09639492856748397,1.0,7.919067860984784e-06,1.0,1.1695800193956909e-42,1.0848913224924271e-11,3.918346492304924e-11,1.6864414158240373e-25,0.31880161173043736,1.0,2.7835932268853773e-33,1.0,0.0017204359693538838,1.0,0.018584361915590004,2.9882454827312127e-06,3.639481281967141e-06,1.0,4.532122533945744e-14,3.011075312815728e-85,1.0,1.0,0.013622065321871074,1.0,0.21111731325959765,1.0,1.0,6.419765768184224e-45,7.592949641564507e-37,1.0,5.901253243311601e-27,2.9051781288387536e-14,1.0,1.0,2.9496484164804365e-80,1.0,1.0,2.7377032527793402e-17,1.0,1.0,3.1786367000497396e-34,2.6409749846871835e-35,1.0,0.0018611905868987201,1.0,4.216863294889255e-15,0.007357161307284,1.0,1.0,1.6387896956202928e-32,1.7348602669447283e-10,1.0,0.0025784161989608396,1.0,5.061295923405185e-17,8.357272243833355e-05,1.0,1.512810026506343e-41,1.564954733463481e-18,8.012262156752858e-05,1.0,1.0,2.0231385564961753e-31,0.00272535898026319,1.0,7.583362235395769e-33,2.7985032504883002e-05,1.0,1.0,1.0,1.0,1.0,0.004873338002243295,1.0,1.703455957419983e-07,1.0,1.0,1.0,0.08585765588254927,0.0025744249387808366,1.0,1.8230954613173496e-15,6.552902131564395e-05,2.4291886285228052e-104,1.0,1.0,1.6458054693313443e-07,1.0,1.0,1.0,5.418973989793151e-06,1.0,0.0029693339051254657,1.0,0.00011366304395912796,1.0,6.569502931912126e-27,9.859493578234194e-55,1.0,0.004123458294832916,1.089392098140002e-14,1.131662491334836e-14,0.00909502048828512,6.6127712739856665e-24,2.2358568476765954e-05,1.0,1.0,0.9965786063489879,1.5627414946896799e-27,1.0,1.0,0.00014941170905902315,1.7489672613469273e-19,5.749839613664115e-15,1.0,1.0,1.0,1.0,3.569457897247076e-21,2.9223760197193014e-05,1.0,1.0,1.0,1.7169976627586594e-36,6.31706285560074e-17,1.0,7.750464840633033e-10,1.0,2.1048705899680336e-13,1.0,1.0,8.39268446877984e-58,5.0153393364186795e-06,3.2761444058234795e-97,4.054874834653983e-09,0.43469987632646556,1.0,1.0,1.0,2.1047522075831233e-09,1.0,0.0026822958129188285,1.0,1.0,1.0,1.0,1.0,1.0,0.0017838101097061802,1.0,4.72480810745961e-07,1.0,7.020961972227684e-33,1.0,1.0,1.0,8.64501795428806e-05,1.0,1.0,2.0618253320788313e-52,1.0,9.643098514622424e-05,1.0,0.07661366780558797,1.0,1.0,2.8620508010796424e-05,1.6742345137728414e-11,1.0,0.000784217478792041,1.0,1.0,1.0,4.211742826894438e-24,0.7439871859809268,1.0,1.0,1.424917192213817e-16,1.0,2.7626075667877243e-06,1.810065796262386e-57,1.0,1.0,2.3880862586958936e-34,4.514392609232378e-18,1.0,1.0,1.0,1.0,1.0,1.0,5.895010685069586e-11,1.4431024707604431e-44,9.16834594934229e-25,1.8835134537000653e-14,1.0,9.142942524612618e-18,2.5427278467680173e-61,1.0,2.122976796846366e-06,5.201513897044581e-10,1.0,0.005312038527388019,1.0,1.0,1.0,0.0010307562764753095,1.0,1.0,5.478779796554807e-07,0.0008396457197660197,1.0,0.1093964909808688,0.3185076641587785,7.561290547846453e-06,1.0,5.93903157577843e-18,0.8668290197655518,0.08057212527282484,5.523189946251427e-18,8.488553558475031e-10,0.6688245239954048,3.1840369392788674e-30,3.458070259544231e-21,0.9434450114400792,0.06831450925321844,3.0986604412520395e-25,1.792327206880045e-17,1.0,2.0604320262536785e-07,1.0,1.0
157,4.80846129045754e-17,0.07241603735768365,1.5021500882763953e-10,4.495525548436235e-35,2.5963898674219216e-09,4.236831005060915e-12,1.0,4.306371437584628e-05,5.9569534485521995e-05,7.426639534658847e-08,1.0,5.247410337465134e-96,1.715809573361775e-46,2.625673555131407e-06,1.0,7.785064631304528e-18,4.202215744769253e-06,2.1337934913249684e-38,0.005065206085683236,8.429038635726137e-09,1.0,6.080779202501205e-07,0.1752000552988116,1.0,1.4303591509170643e-64,1.0,6.426216373954468e-40,2.3655069643152116e-20,1.0,5.62042358394747e-09,1.0,1.527542520465028e-18,0.22135749494178628,1.0,1.131901817469801e-51,3.7939907380597245e-14,1.0,2.6315690871100685e-21,1.3337648498262813e-27,2.7692834157504768e-14,0.5091684655973316,0.001201380962231839,1.6338644838165173e-38,0.00014218592123162668,2.57665241571494e-22,1.4762091113097561e-121,1.0,6.866919026116594e-19,1.0,1.0,1.4710197970919497e-05,2.3005643277482104e-06,1.550698800444605e-19,0.0009071815994551723,3.823439214409478e-14,1.0,2.4695117771525454e-13,5.1993142280468134e-11,1.0,1.0,0.006710808975688773,1.0,6.855284588353637e-05,1.0,1.0,4.8007950415567274e-17,1.357378336493949e-08,1.0,8.626291993017468e-58,9.438844769254733e-30,1.0,1.0181441151355728e-10,1.0,1.0,7.173538637571538e-27,0.00558447472323069,1.0,1.0,6.903156439681249e-16,6.5348219894809644e-18,1.0,1.0,1.4653157003647215e-18,1.0891731643654186e-96,1.0,1.1222481478768883e-18,0.0012279759969581348,4.58286072189227e-09,8.247006527913944e-26,0.006850152994841253,1.0,0.00014567851512152697,9.973879727147955e-49,1.796528743752631e-08,7.294181255990323e-31,1.523456347411253e-20,1.0,1.0077846062635866e-38,2.00389204882102e-09,1.0,1.0,2.102896065458155e-37,1.1020191678518923e-09,1.9231240667042094e-05,1.0,6.936630251976434e-13,1.4009319153271937e-12,1.6704228725163344e-11,1.0,4.87930334632885e-11,1.8841710324812683e-37,4.123539377432509e-12,9.841187308501609e-41,0.0013677070702478498,1.0,1.1409070799616885e-10,4.827995210947223e-09,1.0,1.6636502392886554e-60,2.4075943877211103e-60,1.0,1.0,1.0,1.1482706075766873e-12,3.962219313328026e-07,1.0,8.139839999074177e-82,5.3011946761498034e-05,5.200667319878834e-22,1.0,1.0,1.0,9.652733590797656e-05,0.2515141237708333,0.006951720897131429,0.003968711022182099,4.8264889379606814e-70,1.0,1.1058327138824194e-12,0.00022269799101603936,5.1057743614929984e-05,0.0012329934731295919,1.0,9.080669505746503e-06,1.0,0.4651318463293931,1.0,4.010678380685085e-15,3.011387604258942e-17,1.7149034338909632e-14,1.0,6.522486809144585e-38,5.935662628062577e-46,1.0,2.881410784573425e-19,1.0,2.1047522075831233e-09,1.0,0.5737057003959196,1.0,1.1613935521297386e-08,1.572809174825892e-07,1.0,4.191129572006853e-13,0.01108076187349726,8.642703633476705e-10,1.0,1.2030841206964502e-05,1.0,1.0,0.0022485612713830936,1.0,1.0,0.19550138326166996,1.0,1.0,0.0010990189368484538,2.1482410901609296e-13,0.008613623964158174,1.0,0.12302159620566741,1.0,2.1363727617798466e-05,2.0999479635556468e-05,4.505861457288811e-35,1.0,1.0,1.0,0.00011717206270648247,1.482556571584396e-08,3.7644903369871766e-09,1.0,1.0,1.0,4.5345280248769844e-09,2.790418585596606e-55,6.426083146481348e-11,2.32714334784459e-36,3.265116199150574e-17,2.789942019980581e-10,6.295364224713097e-11,4.770368969832198e-05,1.0,5.711061884157623e-23,0.08271742168844784,1.3626437561317928e-13,1.6261361113429552e-13,1.2992731923740851e-23,1.0,1.0,2.3353258465685835e-10,0.522498016157995,6.046333451446031e-51,1.0,1.0,5.503855382301519e-20,0.9853988588411305,1.0,1.1533454998717179e-42,2.785984281586075e-11,2.2785947147358813e-28,1.0,1.4388271229347591e-06,1.0,1.0,1.0,5.16415373884536e-05,1.0,1.0,1.1036107904927345e-13,1.0,1.0,1.0,0.0005302629737082274,1.1238044614954526e-54,1.0,1.0,1.0,1.0,1.0,0.00014428439996972743,1.0,3.487119385656356e-21,1.0,0.021051184271741,1.0,9.223974945977868e-11,1.0,1.0,2.7287408672324753e-15
158,1.0,1.0,1.0,1.0505084690517365e-08,6.888114900829093e-36,1.0,1.0,5.928926837855774e-28,1.0,4.544010099776077e-33,7.670126152638358e-12,1.5321862131996866e-49,8.626565571312969e-16,1.0,1.0,1.0,1.0,3.0848902876409053e-11,1.0,1.0,1.0,1.0,1.4126752659586485e-19,1.0,1.3850032887954422e-28,3.013259169795603e-08,1.1168978314928906e-12,0.06227407813592231,2.1450255028581292e-13,1.0,1.0,0.2804824662023406,1.0,1.0,1.3159182281516083e-20,1.0,0.07280484056926315,2.980772303956873e-52,4.766973253926835e-06,1.0,1.0,1.0,1.642605029216035e-12,1.0,0.00249620322588507,4.552285347738039e-72,1.9878958272714515e-16,0.10534584956735493,7.807486696375502e-10,0.041849159556089914,1.0,1.0,6.510207051365985e-49,1.0,1.0,0.0006411829919297376,1.0,1.0,5.476081446110507e-15,9.798384822792559e-16,1.0,1.0,1.0,0.00847704151311245,1.0,0.38799545792550016,1.0,5.0524066214522654e-14,4.0449010136363314e-26,5.177527272189593e-08,1.0,1.0,0.00047515157496624073,1.0,2.0836551218265045e-06,1.6983982126522723e-20,5.050158545487839e-05,1.0,0.8513903921548025,0.08908632463811718,1.403452837439171e-13,1.0,0.03659528225265504,2.2775190473844413e-55,1.0,0.027709845583725398,1.0,1.0,3.3185151548079104e-06,1.0,1.0,1.0,5.5328064038917736e-21,1.0,1.970225449703225e-09,0.0016787326571267337,1.0,1.8587991390543733e-14,1.0,0.0013159455103083399,1.0,5.5581474598922585e-71,1.0,1.0,1.0,1.0,1.0,1.0,1.0,1.0,4.6847257731635924e-14,1.0,2.9651278055117524e-16,1.0,2.4412188566221776e-11,7.367550340496788e-32,1.0,1.0,2.2720392837140863e-30,2.61426226309108e-30,1.0,1.7279437789390092e-09,1.0,1.0,1.0,1.0,8.994664095280416e-47,1.0,4.729177745860795e-05,1.0,8.864853857026405e-07,0.0006971669792348292,1.0,1.0,1.0,1.0,2.559511105035004e-38,1.0,1.0,1.0,1.0,5.602358442796514e-19,2.9174684707261317e-05,1.0,0.5868469187125228,1.0,0.004050215565013862,0.11931668790388306,0.008494998277325088,8.535534748550695e-36,1.0,4.684742100261612e-68,1.467108639211767e-21,1.0,0.00033835160464544924,1.0,1.0,0.5737057003959196,1.0,1.0,1.0,1.0,1.0,0.5649223442303861,1.0,1.0,1.0,1.0,1.0,1.0,2.85641473301582e-17,1.0,1.0,1.0,1.0,1.0,1.0,1.0783519218319946e-32,1.0,1.0,1.0,1.0,1.0,1.0,3.4813602364230106e-15,0.01364861826396251,1.0,1.0,1.0,1.0,1.0,2.5217129395084274e-11,1.0,1.0,1.0,2.9962412426075693e-30,1.0,2.0696906498581856e-16,2.169621523539935e-37,1.0,1.0,3.9392223402053046e-19,3.750979574122434e-07,1.8315091618367622e-07,1.0,0.08148225449597032,0.08634566683437546,6.466495291938142e-08,1.0,0.019005509147076556,3.1589845873136506e-27,4.9526622957183655e-12,2.7479872091661685e-27,1.0,4.815822939203638e-07,7.483559568066177e-41,1.0,1.0,2.666542184975184e-21,1.0,2.5763613247741474e-11,1.0,1.0,1.0,1.0,1.0,1.0,1.0,1.0,0.0349217110983141,1.0,1.0,1.0,1.0,4.257932906540148e-31,1.0,1.0,9.980296024906327e-08,0.03922467460227559,1.0,5.251449730593725e-17,3.405435833443374e-10,2.7086074756022837e-07,1.0,2.648802912669121e-13,1.4455879952543762e-07,0.6155964576301897,0.9746971779528596,1.0,0.0012169469088635647
159,1.7331382502303341e-06,1.0,0.030342168784787037,5.93978128449154e-20,3.476551636817393e-20,0.0024262156085628523,1.0,2.940747608056539e-14,1.0,4.042657014341753e-18,0.005828579159254084,2.2199394213269062e-70,3.497921562332726e-29,1.0,1.0,1.945166261959865e-07,1.0,5.56948808936946e-23,1.0,0.2097992367620516,1.0,1.0,1.510389507609601e-08,1.0,1.2533094625054673e-44,0.595219884434752,1.5065277235880203e-24,1.5995031897663633e-09,0.0002484618891152456,0.1053102989559679,1.0,2.3371430999096967e-08,1.0,1.0,2.1934269692431325e-34,3.05069509837249e-05,1.0,1.781124112611526e-34,2.9634037023921956e-15,2.0744005143877925e-05,1.0,1.0,6.834120745265146e-24,1.0,2.649237968172394e-11,1.4081596455210682e-94,1.0314264909535818e-06,8.135461926988258e-09,0.031346555426277234,1.0,1.0,1.0,4.8891323058822694e-32,1.0,1.9072699894120663e-05,1.0,6.813325586449115e-05,0.0024324035127341794,7.264541421054816e-06,2.14341296412369e-06,1.0,1.0,1.0,1.0,1.0,1.0448685416403092e-07,0.08597449246314383,2.7687647369652877e-05,2.369523000181852e-40,1.8972130747476025e-17,1.0,0.002966132177663602,1.0,1.0,3.1264428950148817e-15,4.902549022061025e-10,1.0,1.0,5.070803616044616e-07,1.6283318113204448e-08,4.09266838772751e-05,1.0,4.7997926743156235e-09,3.003893900889453e-74,1.0,3.5325400304331467e-09,1.0,0.026891609336406944,1.1014475937422148e-14,1.0,1.0,1.0,1.8864868522852657e-33,0.05719784994149186,7.643045974475795e-19,9.076268255885037e-11,1.0,2.9406838515795444e-25,0.01152572112963181,1.0,1.0,4.436354266581793e-52,0.0068650736358637325,1.0,1.0,3.486920835134935e-05,5.6900135782000546e-05,0.0003274786192490226,1.0,0.0006748759584103755,1.723034752465177e-24,0.00011003239561053314,3.2092773478772972e-27,1.0,0.0006101841011570397,1.1941660068166989e-19,0.01454116087146688,1.0,4.2104600922013866e-44,5.344619348120237e-44,1.0,0.009556601894085923,1.0,2.9677212191167043e-05,0.2325093724055045,1.0,6.806159193039784e-63,1.0,2.0207010774742397e-12,1.0,0.5021303825639253,1.0,1.0,1.0,1.0,1.0,6.831480225909656e-53,1.0,1.9359649870446955e-05,1.0,1.0,5.678496696221825e-10,1.0,1.0,1.0,1.0,1.0,2.207856999290182e-07,5.167072921041868e-09,1.0903513237777283e-23,1.0,3.127241408968982e-51,1.1219450867875274e-32,1.0,9.095089739289408e-11,1.0,0.0026822958129188285,1.0,1.0,1.0,0.007970343647575503,0.05018654708232687,1.0,3.9664199116926304e-06,1.0,0.0011344299533678607,1.0,0.9356343732623084,1.0,1.0,3.7099375230091282e-09,1.0,1.0,1.0,1.0,1.0,1.0,9.123225546451522e-22,1.0,1.0,1.0,1.0,1.0,1.0,3.0951022500229498e-24,1.0,1.0,1.0,1.0,0.005240567804077658,0.0018733739787520722,6.928963395266855e-05,1.0,1.0,0.0019921833011319343,7.65120184804182e-42,8.164201170436574e-05,1.5851203319282288e-25,4.669754696725831e-26,0.00024094273473653955,7.65443906097145e-05,5.152042341367681e-11,0.06796369505483506,2.0889675708592066e-14,1.0,6.473498486749045e-07,7.218758287818656e-07,5.866544031167371e-15,1.0,1.0,1.1656885215317299e-17,1.5655810898561672e-05,3.084879315445509e-38,1.0,0.07231713404970619,3.501618000352262e-29,1.0,1.0,3.8217367593431956e-31,3.129660031535677e-05,4.671906010810827e-19,1.0,0.09524184854167954,1.0,1.0,1.0,1.0,1.0,1.0,3.317689808485361e-07,1.0,1.0,1.0,1.0,4.3783749198593536e-42,1.0,1.0,0.012763626678831784,1.0,1.0,7.069810167590935e-10,0.00015339252058980485,1.4354245448404264e-13,1.0,5.406329213040875e-07,0.013241742264596495,3.3305211272521105e-05,1.0,1.0,8.042801402878419e-09
160,1.0,0.003622053149869923,1.0,1.0,1.9951724846938508e-62,1.0,9.465062258862866e-09,6.46718537079994e-52,1.0,1.3603281270332318e-58,1.2831285369129696e-29,2.9449194943420667e-25,0.00907470383466532,1.0,1.0388696192403759e-07,1.0,1.0,1.0,0.360419550188886,1.0,5.691566445643775e-05,1.0,1.0051253301848053e-39,1.772325838347652e-10,3.4883236402926126e-11,1.6820352612011597e-23,0.21213768860388188,1.0,6.883608644185859e-31,1.0,0.00800140369259296,1.0,0.07248355334440587,2.0607560590364966e-05,2.648055415928687e-06,1.0,8.801450309700406e-13,1.8364937411886566e-80,1.0,1.0,0.05303253704285997,1.0,0.14055104669381474,1.0,1.0,3.1272989732494005e-44,2.0905915904089163e-34,1.0,5.077554787684655e-25,5.422611517523325e-13,1.0,1.0,7.715712666599055e-76,1.0,1.0,7.134218332428829e-16,1.0,1.0,5.442777064460403e-32,5.090140260524995e-33,1.0,0.007787393876599223,1.0,7.873039832179314e-14,0.02806203209918839,1.0,1.0,2.101729382150025e-30,1.3882499841274818e-10,1.0,0.01031576859388805,1.0,1.1193416203760408e-15,0.00040881464377299506,1.0,4.7841158884065544e-39,4.0063297515323225e-17,0.0003849313600386002,1.0,1.0,1.9995506277330202e-29,0.010513525979304203,1.0,1.4702225589069883e-32,0.00013998623362953267,1.0,1.0,1.0,1.0,1.0,0.017517592626811126,1.0,1.221041643226678e-07,1.0,1.0,1.0,0.2570693594390785,0.0017273818397336668,1.0,2.73012842515002e-14,0.00029121639092393104,1.2879099871586109e-99,1.0,1.0,9.823037374403523e-07,1.0,1.0,1.0,2.674382319941755e-05,1.0,0.001988729255623876,1.0,7.70302107747379e-05,1.0,2.7989623528323973e-25,5.283670869266072e-52,1.0,0.013934866235950054,9.09555246171259e-15,9.423376665644109e-15,0.0290325728772514,1.9375766322661712e-22,9.727551093809966e-05,1.0,1.0,1.0,1.9316062591362295e-27,1.0,1.0,0.0005744435346663753,3.0383309854416095e-18,6.448117038122656e-14,1.0,1.0,1.0,1.0,3.464471184970382e-21,0.00011830659241851424,1.0,1.0,1.0,1.2531356630459542e-34,8.115607245188734e-16,1.0,4.921190508578984e-09,1.0,1.8723111765512278e-12,1.0,1.0,2.8393289242052104e-55,2.0807307212253472e-05,1.999771183742455e-93,2.855579908196823e-09,1.0,1.0,1.0,1.0,1.1613935521297386e-08,1.0,0.007970343647575503,1.0,1.0,1.0,1.0,1.0,1.0,0.00533665370572161,1.0,2.011978299378704e-06,1.0,2.5681432716118614e-31,1.0,1.0,1.0,0.0002866194974498956,1.0,1.0,2.8044529559802006e-50,1.0,0.00031615395484052886,1.0,0.18470661514214054,1.0,1.0,1.9208280709320124e-05,9.865547213666607e-11,1.0,0.002291186918262551,1.0,1.0,1.0,6.501764396143806e-23,1.0,1.0,1.0,1.086006588451984e-16,1.0,1.8591218289557595e-06,2.669703007583069e-55,1.0,1.0,7.301761449841207e-33,4.2374133678421855e-17,1.0,1.0,1.0,1.0,0.7218611705161825,1.0,3.0972452860178307e-10,8.419667905412617e-43,1.3716709041931477e-23,1.3750514762187215e-14,1.0,8.087168949020844e-17,4.209839706060819e-59,1.0,7.473269023821392e-06,3.583883544871844e-10,1.0,0.0035865596177179432,1.0,1.0,1.0,0.0027930822747777515,1.0,1.0,1.9585351469439528e-06,0.0022727738677410336,1.0,0.24089927956488252,0.6677492008037449,2.4033275093698975e-05,1.0,4.4459388225540746e-18,1.0,0.17624889816681988,4.162270645392745e-17,3.544532968297208e-09,1.0,5.094758016815528e-29,3.0886278913847196e-20,0.66200137503153,0.1466708299503426,3.492555647383714e-24,1.2216159800807475e-16,1.0,6.926472052415004e-07,1.0,1.0
161,1.0,0.04840637655004253,1.0,1.0,1.4721500260639213e-58,1.0,3.2587022045575624e-07,2.0009071588616312e-48,1.0,7.058102012186357e-55,5.389118793972334e-27,1.7177593189472135e-27,0.0007217690671607074,1.0,2.856200219968784e-06,1.0,1.0,0.26127174593665414,1.0,1.0,0.0009522026223602566,1.0,8.422275215020829e-37,6.7920137667441315e-09,9.246269776247044e-13,3.0103713964914644e-21,0.02423824648319965,1.0,2.4435338810518875e-28,1.0,0.08304058965917623,1.0,0.6102309947819078,0.0003345855358850559,1.4120059358610532e-07,1.0,4.024327525544533e-11,2.0754186137660134e-76,1.0,1.0,0.44725748962694467,1.0,0.01668032217019429,1.0,1.0,7.505010602247262e-47,8.180393817153291e-32,1.0,8.290656420323513e-23,2.404919929709619e-11,1.0,1.0,5.487730452341948e-72,1.0,1.0,4.3025734216636817e-14,1.0,1.0,1.5203448059905347e-29,1.552600005035067e-30,1.0,0.07238804018634545,1.0,3.5263828009032043e-12,0.23311398847734313,1.0,1.0,4.74948830991879e-28,5.137368278693373e-12,1.0,0.09114684424245016,1.0,5.889506304362592e-14,0.0045982861439665896,1.0,2.112881569173561e-36,2.4112432145079696e-15,0.0042512577622158074,1.0,1.0,3.7279753738540156e-27,0.08927241294612182,1.0,9.85071391517992e-35,0.0016252036395492477,1.0,1.0,1.0,1.0,1.0,0.13692897221199998,1.0,7.24341853134855e-09,1.0,0.2955548737541404,1.0,1.0,0.00018145757342199597,1.0,1.0158333003856182e-12,0.002967946752047583,1.4465961856985363e-95,1.0,1.0,1.4129716669241408e-05,1.0,1.0,1.0,0.00030969369000731907,1.0,0.00022161512124449392,1.0,7.060796470525943e-06,1.0,2.6963660050227546e-23,3.509092228121328e-49,1.0,0.10176150258616164,2.988763048294439e-16,3.1230831977051775e-16,0.19728874470355645,1.357069692334955e-20,0.0009760774609698065,1.0,1.0,1.0,2.604830564329837e-29,1.0,1.0,0.00497041656856818,1.3291204245480374e-16,1.8411650792584533e-12,1.0,1.0,1.0,1.0,7.666159609445894e-23,0.0010952065503038112,1.0,1.0,1.0,1.9208893912763463e-32,2.6646080971673722e-14,1.0,7.739268655629157e-08,1.0,4.242124121795138e-11,1.0,1.0,1.4057849193495772e-52,0.00019987021635127654,6.682341301656833e-90,1.9425149135917456e-10,1.0,1.0,1.0,1.0,1.572809174825892e-07,1.0,0.05018654708232687,1.0,1.0,1.0,1.0,1.0,1.0,0.03396495915857839,1.0,2.0119897469823614e-05,1.0,2.256246097625506e-29,1.0,1.0,1.0,0.002097749662068023,1.0,1.0,7.215290729047175e-48,1.0,0.002282088390264928,1.0,0.8758399545265768,1.0,1.0,2.3067484035210953e-06,1.4559156980502627e-09,1.0,0.014230441354962231,1.0,1.0,1.0,2.6263087874884504e-21,1.0,1.0,1.0,5.044872652165053e-18,1.0,2.0860323090052257e-07,7.383244230765542e-53,1.0,1.0,5.56229298341588e-31,1.0421828070813675e-15,0.34166194135768474,1.0,1.0,1.0,0.1663329141587596,1.0,4.028817367147251e-09,1.1177301361458666e-40,5.400067322552443e-22,7.78184723361324e-16,1.0,1.8735002626221186e-15,1.2774288577319012e-56,1.0,5.968238317270813e-05,2.9614214352538746e-11,1.0,0.0006188812441441271,1.0,1.0,1.0,0.015765546881392735,1.0,1.0,1.6007680693076013e-05,0.01282322537677673,1.0,1.0,1.0,0.00016892995854965844,1.0,2.2508759763635387e-19,1.0,0.733902779243085,8.217100865898302e-16,3.542046252428824e-08,1.0,2.1741059950290682e-27,7.332534797222711e-19,0.17052069364817,0.5957460057423909,1.056182920563206e-22,2.1690565333145368e-15,1.0,5.275109025196705e-06,1.0,1.0
162,1.0,1.0,1.0,1.9337888521942565e-09,4.2530403774576535e-33,1.0,1.0,1.4028286335604062e-25,1.0,1.932173571786038e-30,2.2842723954304456e-10,2.3522686765040447e-50,1.326458978416892e-16,1.0,1.0,0.5998490894236548,1.0,5.36881543881147e-12,1.0,1.0,1.0,1.0,9.738494282661027e-18,1.0,1.904238547372387e-29,4.6346601936144714e-07,1.909796391661337e-13,0.017864264769419935,6.495349673905965e-12,1.0,1.0,0.08656948674663344,1.0,1.0,1.9583090162112796e-21,1.0,0.3754224765887468,4.5589269218869794e-49,1.0769298694023684e-06,1.0,1.0,1.0,2.91166314884678e-13,1.0,0.0006666125637550328,8.205580331377492e-73,7.520028487519206e-15,0.03202835544182606,1.2859127426313721e-08,0.21916042327609606,1.0,1.0,6.176534362438575e-46,1.0,1.0,0.004447334977449338,1.0,1.0,1.5964487213249606e-13,3.114804638244076e-14,1.0,1.0,1.0,0.047682229823122535,1.0,0.12736857878378963,1.0,1.2494868073104124e-12,5.849757289945124e-27,1.1197673174500692e-08,1.0,1.0,0.003164838922366442,1.0,4.8669353691681e-07,8.347604808849631e-19,0.00038316667552749413,1.0,0.2938314403853298,0.0282149402062121,3.0616668445247954e-12,1.0,0.011298345202234801,3.2374532633814846e-56,1.0,0.008520637878950337,1.0,1.0,8.049761521532855e-07,1.0,1.0,1.0,8.816641991793985e-22,1.0,4.218843244374282e-10,0.00048320558751052987,1.0,3.411632280083294e-15,1.0,0.007411307851681653,1.0,1.3200521718482652e-67,1.0,1.0,1.0,1.0,1.0,1.0,1.0,1.0,8.881377758381895e-15,1.0,5.32896343595665e-17,1.0,3.37392314092961e-10,7.051854161528568e-30,1.0,1.0,3.3353382711712987e-31,3.845056755258113e-31,1.0,1.855484535290469e-08,1.0,1.0,1.0,1.0,1.2326180752738289e-47,1.0,1.3150850658029222e-05,1.0,6.593558981757086e-06,0.003614836289440515,1.0,1.0,1.0,1.0,3.6199211712162213e-39,1.0,1.0,1.0,1.0,1.3713684922565849e-17,0.00017509151989874793,1.0,1.0,1.0,0.01819743420831298,0.042847401546236744,0.0028078126930591142,7.329184510196775e-34,1.0,3.5236249517928523e-65,2.5614880974326773e-22,1.0,0.00010474744851626221,1.0,1.0,1.0,1.0,1.0,1.0,1.0,1.0,0.2220314899562006,1.0,1.0,1.0,1.0,1.0,1.0,4.741863764095695e-16,1.0,1.0,1.0,1.0,1.0,1.0,5.381995130063292e-31,1.0,1.0,1.0,1.0,1.0,1.0,7.476080823001039e-16,0.050191201938096744,1.0,1.0,1.0,1.0,1.0,2.2155846598240878e-10,1.0,1.0,1.0,4.964800847762669e-31,1.0,4.3940346781679935e-17,1.2535322304039506e-35,1.0,1.0,6.337509256173234e-18,2.178355102514757e-06,5.232209364093339e-08,1.0,0.031725504704682536,0.03373652900934703,1.8181148325468125e-08,1.0,0.0659672638985764,8.842400947809225e-26,4.399122598517325e-11,4.800866173115893e-28,1.0,2.705781275376072e-06,4.929625158135257e-39,1.0,1.0,5.192318608946093e-22,0.4663142653970343,6.5109601265354415e-12,1.0,1.0,1.0,1.0,1.0,1.0,1.0,1.0,0.01366121338144866,1.0,1.0,1.0,1.0,7.371275249219775e-32,1.0,1.0,5.33312659168616e-07,0.12062591829193664,1.0,5.632151450300946e-16,2.1745040320150966e-09,8.446058812307424e-08,1.0,2.113986132525199e-12,7.288922761618756e-07,0.27397515832590646,1.0,1.0,0.0004566260658230124
163,1.0,5.795195085420416e-08,1.0,1.0,1.8831771141902743e-75,1.0,7.032195366692795e-15,6.741292066386342e-64,0.0006903012040494364,3.4162408032804077e-71,4.1719727184215514e-39,5.743888389455493e-17,1.0,0.02059766261969317,1.7066876997715933e-13,1.0,0.022137625829239765,1.0,4.016871600755396e-05,1.0,5.020641861111043e-10,0.23261794025498092,4.830937080137871e-50,1.0689458846837667e-16,1.018290179464518e-05,8.111490631666182e-32,1.0,1.0,4.2895703899391055e-40,1.0,3.889314138700958e-07,1.0,7.369525864818956e-06,2.2695863217535662e-10,0.04566288167002614,1.0,3.3494954618294052e-19,7.014355726530071e-94,1.0,1.0,5.568597901626154e-06,0.006140207172230382,1.0,0.04080459704684254,1.0,5.1992061600914255e-34,1.0808330220806e-43,1.0,3.724897570468777e-33,2.3778853475761817e-19,0.38649681487171234,1.0,1.0761818122098142e-88,0.017166373539556544,1.0,1.201411026667795e-22,1.0,1.0,8.202287132951666e-41,5.88713231081547e-42,0.005798758662107371,6.3989367178695e-07,0.35761168227937257,3.5798126774151026e-20,3.4221244431895855e-06,1.0,1.0,6.230494265110872e-39,1.3021696926248609e-05,1.0,1.045724891362522e-06,1.0,3.1478599013427606e-22,1.8332753096556657e-08,1.0,1.930448241871264e-48,7.454556857755965e-24,1.884796438586365e-08,1.0,1.0,1.121478166635029e-37,1.2828265670285284e-06,1.0,2.5683677565986496e-24,5.931019838638949e-09,1.0,0.22369139538402794,1.0,1.0,0.06944458699047783,2.999187800916178e-06,1.0,0.001851278634032104,1.0,1.0,1.0,0.0001013496539386538,1.0,1.0,2.6666971802193277e-20,2.0938741873847304e-08,6.489177571442598e-113,1.0,1.0,2.2501008791649522e-11,1.0,1.0,1.0,1.2868174845262325e-09,1.0,1.0,1.0,0.21691191210329167,1.0,1.404330220717095e-32,7.696155265115565e-62,1.0,3.353201617441098e-06,1.8299238766709743e-09,1.839321715015914e-09,9.149020297597736e-06,2.7510896917174364e-29,8.09016450002111e-09,1.0,1.0,0.0029276591731516857,1.8958366642605003e-20,1.0,1.0,8.193846816117334e-08,2.0372562191320803e-24,1.7299187035112593e-19,1.0,0.10841619473653918,1.0,1.0,4.11482907333507e-15,1.3864923255017009e-08,1.0,1.0,1.0,1.6700766273703358e-42,1.4240619455960604e-21,1.0,9.918380115866162e-14,0.1359695303553438,1.1315291968604627e-17,1.0,1.0,1.1468265255762908e-64,2.2928637739034913e-09,3.3713901791538236e-105,3.3246807073647076e-05,0.0015555676264137907,1.0,0.0329559192349593,1.0,4.191129572006853e-13,0.5649223442303861,3.9664199116926304e-06,1.0,1.0,0.2220314899562006,1.0,1.0,1.0,2.601099054581107e-06,1.0,2.09029997782163e-10,0.05064780838895074,2.2048021305214474e-38,0.05322155272660171,0.006947692057187075,1.0,8.958471725657697e-08,0.010459383178304419,1.0,9.016367218343964e-59,1.0,1.0444065744314826e-07,1.0,0.00026783912336136536,1.0,1.0,0.025940677880625426,2.9331826510293037e-15,0.021931807654264317,1.3142505817933578e-06,1.0,1.0,1.0,7.161418022044161e-29,0.0044709995142509455,0.016251998696502283,1.0,7.370617227263185e-12,1.0,0.00342168075615189,7.301398274099809e-64,1.0,1.0,1.0806210621654684e-39,2.4004280711756744e-22,1.0,1.0,1.0,1.0,1.0,0.10602097204902788,1.480181272053339e-14,2.219933806684172e-50,1.698341583772622e-29,4.2225090123953154e-10,0.008027251162104666,5.687333001528793e-22,8.936023449488532e-68,1.0,1.904025668883221e-09,2.3604516745064545e-06,1.0,1.0,0.25244926066344825,1.0,1.0,2.421808904594454e-06,0.03545460406243162,1.0,4.765874410861855e-10,1.9962235959621796e-06,1.0,0.0006059354216924012,0.002193641875226083,1.004233814725848e-08,1.0,2.363444387043151e-13,0.00753795346949499,0.0004688430060576954,5.450534830053863e-22,4.592090715629449e-13,0.005993051560650315,5.448419668718062e-35,2.245336338918455e-25,1.0,0.00044254360102727476,1.1601455838391666e-29,2.3557028145102913e-21,1.0,2.34369784196198e-10,1.0,1.0
164,1.0,1.0,1.0,6.464037135726204e-05,2.3337276055951195e-41,1.0,0.43314262258585684,5.62095765413887e-33,1.0,2.267383344170892e-38,1.2017255063650584e-15,1.8876786517539458e-40,6.917634572000078e-11,1.0,1.0,1.0,1.0,3.980677853454521e-07,1.0,1.0,1.0,1.0,6.5965739000228074e-24,0.020032017614305682,3.5935125966096832e-22,1.5191948936825666e-11,1.9196416917517536e-08,1.0,3.4512676747059757e-17,1.0,1.0,1.0,1.0,1.0,2.392974789469488e-15,1.0,0.0003478332819855511,4.621206156182785e-58,0.004922673777980478,1.0,1.0,1.0,1.9238598162719508e-08,1.0,0.7236060785366148,1.0707765025142501e-61,2.3399856306846933e-20,1.0,3.6636371293508583e-13,0.00019639376203443921,1.0,1.0,1.579951354225391e-54,1.0,1.0,1.6387031630278246e-06,1.0,1.0,9.92540792960828e-19,1.5462380987089433e-19,1.0,1.0,1.0,3.478968700525118e-05,1.0,1.0,1.0,1.2140539377911792e-17,1.6959707960901835e-20,8.469525970950167e-05,1.0,1.0,1.3651924069247311e-06,1.0,0.0017880744531132524,1.4004087635540056e-24,1.1073791386541197e-07,1.0,1.0,1.0,4.2424147618238854e-17,1.0,1.0,4.478810135781524e-47,1.0,1.0,1.0,1.0,0.0022061149010922216,1.0,1.0,1.0,3.420400139097757e-16,1.0,3.8071274611131377e-06,0.3347287661601034,1.0,1.7163279423376308e-10,1.0,5.749917963011e-06,1.0,6.328712975198006e-77,1.0,1.0,0.8175321107083999,1.0,1.0,1.0,1.0,1.0,3.1309085603844956e-10,1.0,3.648420977120836e-12,1.0,1.7543799712342487e-14,2.5388847611797246e-36,1.0,1.0,7.803622770857477e-25,8.600720178439524e-25,1.0,2.0361018600829436e-12,1.0,1.0,1.0,1.0,6.7308336409439794e-40,1.0,0.012928245828097958,1.0,2.242500090785863e-09,3.894390493481201e-06,1.0,1.0,1.0,1.0,2.863137577690863e-32,1.0,1.0,1.0,1.0,1.5337419814921645e-22,1.1879682706138671e-07,1.0,0.00967675207135683,1.0,3.221744532617022e-05,1.0,0.8008579508089261,3.5797822365721637e-40,1.0,1.5966138876059757e-73,2.945012965375925e-17,1.0,0.049127562744802136,1.0,1.0,0.01108076187349726,1.0,1.0,1.0,1.0,1.0,1.0,1.0,1.0,1.0,1.0,0.33984278640742327,1.0,1.609470095803373e-20,1.0,1.0,1.0,1.0,1.0,1.0,1.0151944222469697e-36,1.0,1.0,1.0,1.0,1.0,1.0,8.403930594688669e-12,0.00018858720853417302,1.0,1.0,1.0,1.0,1.0,4.952182304812601e-14,1.0,1.0,1.0,1.385175074220924e-25,1.0,5.671629295945981e-13,1.6794304080953296e-41,1.0,1.0,2.4327975570335117e-22,1.7964721135627988e-09,4.930151596698386e-05,1.0,1.0,1.0,1.9468165460770906e-05,1.0,0.0003096715575095379,7.536622284283034e-31,9.636697109716099e-15,6.246038724556606e-23,1.0,2.5027056374023505e-09,4.840609471424157e-45,1.0,0.42585264783524884,1.745245694009936e-17,1.0,1.7046695026359618e-08,1.0,1.0,1.0,1.0,1.0,1.0,0.13650958499451693,1.0,1.0,1.0,1.0,0.7129427845752915,1.0,1.1498980379216632e-26,1.0,1.0,6.027116790780132e-10,0.0009089806044527895,1.0,7.316800384767181e-20,1.3935347784521385e-12,4.433283116579323e-05,1.0,6.756366079510254e-16,1.0110625740605946e-09,1.0,0.03746239945408889,1.0,0.06676879285864705
165,1.0,0.00024907532449863713,1.0,1.0,5.163005752656965e-65,1.0,3.2126766907560455e-10,2.1829841941048208e-54,0.43503653709637435,3.897280371333279e-61,9.848732320572998e-32,3.229037810298848e-22,0.15760049857102915,1.0,4.167942418154481e-09,1.0,1.0,1.0,0.03894362359024589,1.0,3.33231974540094e-06,1.0,5.648946885799829e-42,5.652103427535215e-12,3.121419001391426e-09,2.0387001799040645e-25,1.0,1.0,5.803615213965913e-33,1.0,0.0006942003817346058,1.0,0.007512872510139069,1.2505041188424465e-06,8.426298637134945e-05,1.0,2.509541854697536e-14,4.2940346183692165e-83,1.0,1.0,0.005511567171430313,1.0,1.0,1.0,1.0,1.9489935965497247e-40,1.69082243256749e-36,1.0,6.551975739624384e-27,1.5850854866792797e-14,1.0,1.0,2.0417085454402124e-78,1.0,1.0,1.700006877579637e-17,1.0,1.0,5.252779278075832e-34,4.6919006956310003e-35,1.0,0.0007526239599031704,1.0,2.300083563227121e-15,0.002985907617519579,1.0,1.0,2.2777837003985445e-32,7.828047587501305e-09,1.0,0.0010446754396836759,1.0,2.9409750461264544e-17,3.388203830791971e-05,1.0,3.673191206305978e-41,9.63866123689962e-19,3.247496852799031e-05,1.0,1.0,2.419358977867115e-31,0.001107143931587057,1.0,1.3979209640525274e-29,1.1365509578591023e-05,1.0,1.0,1.0,1.0,1.0,0.00199189172197008,1.0,3.5142624973766766e-06,1.0,1.0,1.0,0.035965566002215704,0.022396613988344638,1.0,9.215335043323988e-16,2.6572811787702664e-05,3.0460859827908936e-102,1.0,1.0,6.783768381402312e-08,1.0,1.0,1.0,2.203483139525823e-06,1.0,0.024037086029337514,1.0,0.001217036639479179,1.0,5.0596048451898435e-27,3.385105129758236e-54,1.0,0.0017002745375016282,6.443436689324395e-13,6.595731296026587e-13,0.0037807615070912805,4.300329227580745e-24,9.08235575556416e-06,1.0,1.0,0.4417487695563046,5.75281877831887e-25,1.0,1.0,6.098895194083739e-05,9.284775433165035e-20,2.6702185697951775e-15,1.0,1.0,1.0,1.0,4.630738548193374e-19,1.1906806050704943e-05,1.0,1.0,1.0,1.7307622291893622e-36,3.04595471751708e-17,1.0,3.222782490500574e-10,1.0,9.255459996979633e-14,1.0,1.0,2.110209960968383e-57,2.044268205274235e-06,6.8065932029155965e-96,7.107562792636193e-08,0.19520009854403747,1.0,1.0,1.0,8.642703633476705e-10,1.0,0.0011344299533678607,1.0,1.0,1.0,1.0,1.0,1.0,0.0007538012848248725,1.0,1.9274117671419417e-07,1.0,5.021649862379616e-33,1.0,0.5997860018533097,1.0,3.596985235817401e-05,0.7947447624794403,1.0,2.935164899027919e-52,1.0,4.019210499422534e-05,1.0,0.0342614462127781,1.0,1.0,0.00022233207794363803,6.920834940651124e-12,1.0,0.0003336610953607968,1.0,1.0,1.0,2.147525148942852e-24,0.3486950211744306,1.0,1.0,4.8701167828524194e-15,1.0,2.3743231335005662e-05,2.699362404972435e-57,1.0,1.0,1.576463634507803e-34,2.0098948622056714e-18,1.0,1.0,1.0,1.0,1.0,1.0,2.4180075239483915e-11,1.2897949745885267e-44,4.6279434150482585e-25,4.631457163986479e-13,0.5259073456783353,4.0201567989102416e-18,4.060537800557568e-61,1.0,8.789584315883749e-07,7.034996300387083e-09,1.0,0.026034359351224792,1.0,1.0,1.0,0.00044715254694058405,1.0,1.0,2.2664539781382583e-07,0.00036447202810377095,1.0,0.05075394488181971,0.1508528291181219,3.1778984954637466e-06,1.0,1.7905966484424492e-16,0.4202929044418403,0.037522035063375904,2.3597144275410313e-18,3.479202613226834e-10,0.325049976989297,1.6417754937384606e-30,1.5244292938047528e-21,1.0,0.03210421069753719,1.4417389225834373e-25,7.547203600557312e-18,1.0,8.603074851337198e-08,1.0,1.0
166,1.1807448877263605e-06,1.0,0.01972795474775993,5.929069255284549e-20,9.216533159256476e-19,0.001582651107529753,1.0,4.009121053514932e-13,1.0,8.349145995466034e-17,0.020611355107521833,2.057117153137877e-69,4.8158629785607307e-29,1.0,1.0,1.3276000704749018e-07,1.0,5.872030153550015e-23,1.0,0.13718792785669448,1.0,1.0,9.735940465047248e-08,1.0,2.8917530957543173e-44,1.0,1.6006218553960434e-24,1.1202995565138877e-09,0.0009643427353164542,0.0689377181405928,1.0,1.593837718091856e-08,1.0,1.0,3.1380929491156377e-34,2.0046144679671442e-05,1.0,1.1757383928691176e-32,2.3104329452597055e-15,1.363416538091295e-05,1.0,1.0,6.714911580695042e-24,1.0,1.8873426149976442e-11,2.2129499960689343e-93,4.8961483110403205e-06,5.54334193311378e-09,0.0891531270555826,1.0,1.0,1.0,2.34848424408625e-30,1.0,1.2516543118200172e-05,1.0,4.456985628728206e-05,0.00158703408134578,3.021131074263829e-05,9.4231604617447e-06,1.0,1.0,1.0,1.0,1.0,6.967718907442352e-08,0.056628910922994304,0.00010579109897628743,3.5971221437873097e-40,1.493979183774892e-17,1.0,0.001937474078613365,1.0,1.0,2.3416044916822057e-15,2.964723533672866e-09,1.0,1.0,3.348785485587964e-07,1.0901862824882417e-08,0.00014859499708302625,1.0,3.2277744569018657e-09,1.3580699326371726e-73,1.0,2.3757250036774007e-09,1.0,0.01770706442098976,8.017908685021339e-15,1.0,1.0,1.0,2.0955390086507108e-33,0.03784779109902208,5.953252112971672e-19,6.181139587976743e-11,1.0,2.624390567883579e-25,0.007586524511237702,1.0,1.0,5.472472032627332e-50,0.004515464714684904,1.0,1.0,2.2786061593700628e-05,3.7181476092027884e-05,0.0002142107910139241,1.0,0.0004419541087281594,1.470349879931542e-24,7.193300386119495e-05,2.9016276424714923e-27,1.0,0.0017981987027092387,1.305039534737061e-18,0.009615103502625644,1.0,5.644516128418697e-44,7.107324234052554e-44,1.0,0.024553237445530895,1.0,1.940853193009731e-05,0.15660805254738713,1.0,1.4559989144728741e-62,1.0,1.3759210430426805e-12,1.0,1.0,1.0,1.0,1.0,1.0,1.0,1.054553591219261e-52,1.0,1.2672061021328856e-05,1.0,1.0,2.5786300807185703e-09,1.0,0.9020109801847047,1.0,1.0,1.0,1.4461279927436775e-07,3.4019414033534084e-09,1.233858092375748e-22,1.0,1.8867156574951166e-49,1.013468214907947e-32,1.0,6.024938752024983e-11,1.0,0.0017838101097061802,1.0,1.0,1.0,0.00533665370572161,0.03396495915857839,1.0,2.601099054581107e-06,1.0,0.0007538012848248725,1.0,0.6491236043247818,1.0,1.0,1.3993501986240303e-08,1.0,1.0,1.0,1.0,1.0,1.0,7.534828146553574e-21,1.0,1.0,1.0,1.0,0.7283251970645896,0.714104796392166,2.287344171985266e-24,1.0,1.0,1.0,1.0,0.00353292005179428,0.0012569334173807335,0.00017989162981555597,1.0,1.0,0.0013385253595257676,7.194689218822574e-42,5.418781781738144e-05,1.1744440858368182e-25,4.463884765401964e-25,0.00016054441117701384,5.082120803593437e-05,2.0042133520428504e-10,0.138067368032148,1.3930011481246484e-14,1.0,4.256238981126911e-07,4.7477141603128597e-07,3.9222263860082886e-15,1.0,1.0,6.693559980655707e-17,4.15812627990269e-05,2.6876451103458557e-38,1.0,0.1451740773682531,3.758821959844431e-28,1.0,1.0,2.9896052011878678e-31,2.078470370474778e-05,3.198085220163409e-19,1.0,0.06594202626167005,1.0,1.0,1.0,0.7926872382315995,1.0,1.0,2.1860613058399355e-07,1.0,1.0,1.0,1.0,3.8042639653539004e-42,1.0,1.0,0.02581909112263856,1.0,1.0,2.243242672457343e-09,0.00034930770173778613,9.445192081798138e-14,1.0,1.4249824742287542e-06,0.026227337858248115,2.2361666926205086e-05,1.0,1.0,5.2982295536697984e-09
167,1.0,1.0,1.0,0.45968298432696914,4.256107114325058e-51,1.0,0.00010743435227013062,8.127192796260436e-42,1.0,9.254853410970203e-48,2.815147256001172e-22,1.1995871331299582e-30,1.056985156998556e-05,1.0,0.0006276479625849054,1.0,1.0,0.007847054511346707,1.0,1.0,0.08334033200101286,1.0,2.0665559787793946e-31,2.916525143477105e-06,3.421052086675442e-15,2.836962411280749e-17,0.0005962949470310593,1.0,9.725979932924517e-24,1.0,1.0,1.0,1.0,0.028979663920652047,1.2637252916809555e-09,1.0,2.5523961829390745e-08,1.9464804527431733e-68,1.0,1.0,1.0,1.0,0.0004410934573777614,1.0,1.0,2.3808689919305765e-50,4.240346146707984e-27,1.0,6.93964057241466e-19,1.4642515681345233e-08,1.0,1.0,1.8188716478327334e-64,1.0,1.0,4.8556312537917435e-11,1.0,1.0,3.9954447395159246e-25,4.9110145591090914e-26,1.0,1.0,1.0,2.2543218399402176e-09,1.0,1.0,1.0,8.15749738755544e-24,2.9621985481547537e-14,0.2185230961280461,1.0,1.0,5.2513191621410196e-11,0.21439914016688477,1.0,1.5104804674949405e-31,2.826227523650341e-12,0.19343127311232097,1.0,1.0,4.406477532383035e-23,1.0,1.0,8.250406076942491e-38,0.08179709858917185,1.0,1.0,1.0,1.0,1.0,1.0,1.0,7.798775858548642e-11,1.0,0.014163105197320289,1.0,1.0,4.242763210412125e-06,1.0,4.849266883306167e-10,0.12113826843737331,1.6473768461026886e-87,1.0,1.0,0.0011020741034028522,1.0,1.0,1.0,0.016187779912539623,1.0,5.683662155536281e-06,1.0,1.3827667468149854e-07,1.0,8.827924148297314e-20,6.742120536228037e-44,1.0,1.0,1.5388987161711692e-18,1.626476788987308e-18,1.0,2.371681188802286e-17,0.03999800708546839,1.0,1.0,1.0,4.7092161282397525e-32,1.0,1.0,0.15694493872166965,9.289122263928161e-14,5.584114397921356e-10,1.0,1.0,1.0,1.0,2.468041478512067e-25,0.0396253244748436,1.0,1.0,1.0,1.7318217890190848e-28,1.0746151816417288e-11,1.0,7.61430104383601e-06,1.0,8.404606781687462e-09,1.0,1.0,1.564150853077071e-47,0.007919070908807158,5.281040537757716e-83,2.62469707952346e-12,1.0,1.0,1.0,1.0,1.2030841206964502e-05,1.0,0.9356343732623084,1.0,1.0,1.0,1.0,1.0,1.0,0.6491236043247818,1.0,0.0008830163990828325,1.0,6.895864107123746e-26,1.0,1.0,1.0,0.052383332991853375,1.0,1.0,2.1012400159325036e-43,1.0,0.05570589682439491,1.0,1.0,1.0,1.0,6.98691015781808e-08,1.3575328584069234e-07,1.0,0.2670201740782319,1.0,1.0,1.0,1.739700374986879e-18,1.0,1.0,1.0,4.2379183186612234e-20,1.0,5.778523259311539e-09,2.5870496718955708e-48,1.0,1.0,1.3299338947650113e-27,2.6292821151891517e-13,0.02875469938043922,1.0,1.0,1.0,0.013156262826903227,1.0,3.015466618141598e-07,8.432196044443809e-37,3.449711204889896e-19,8.500061470273094e-18,1.0,4.2414565552945817e-13,5.538428707346242e-52,1.0,0.0018076905797051145,5.397523592354891e-13,1.0,3.210018182647141e-05,1.0,1.0,1.0,0.2554632050677452,1.0,1.0,0.0005119639990648891,0.20840588010234937,1.0,1.0,1.0,0.00412411963523041,1.0,2.1504438930407913e-21,1.0,1.0,1.4170411002540758e-13,1.678968262623117e-06,1.0,1.7135957380789173e-24,1.823233304382209e-16,0.01638631819674047,1.0,4.235798736614592e-20,3.091598429759181e-13,1.0,0.00015263614199675755,1.0,1.0
168,1.5140362648976431e-12,1.0,4.4736773006256777e-07,2.495672053839122e-28,2.102523018052694e-11,1.9369729978458702e-08,1.0,6.202462686914892e-07,0.017754816159916854,7.261719106689711e-10,1.0,4.308176202242962e-83,1.3849369210989713e-38,0.0012614369801310884,1.0,1.882138653376273e-13,0.001775692822768569,1.5829402517207323e-31,0.5745150413154642,9.398068015598474e-06,1.0,0.0003174521393571175,0.005781634552566258,1.0,3.344833502709085e-55,1.0,4.2718822836519065e-33,8.580966665408856e-16,1.0,5.247731785734979e-06,1.0,2.6934580850211796e-14,1.0,1.0,7.816006231078616e-44,1.764695645754139e-10,1.0,1.1281324619723739e-23,2.442010558137294e-22,1.227539044825645e-10,1.0,0.13582741655234046,4.133102956109615e-32,0.023165088082287847,1.0685636361557471e-17,8.064159018849674e-108,0.07283267178733502,1.0330534112659208e-14,1.0,1.0,0.003293151756121844,0.000686190928425679,7.617908318146631e-22,0.10075782052374024,1.3737354201222222e-10,1.0,6.821509845961093e-10,6.606052338976438e-08,0.23835873999123147,0.099993971006782,0.49237136200868065,1.0,0.010657426528794681,1.0,1.0,3.194426042068762e-13,7.320577654805632e-06,0.5471330980372776,6.53977873915297e-50,1.5158408750996846e-24,1.0,1.0290351288100751e-07,1.0,1.0,5.47470398031435e-22,0.00017055166548393856,1.0,1.0,2.7453311931573227e-12,4.470768212393594e-14,0.6117845873945297,1.0,1.1235963003993442e-14,6.60974923697615e-86,1.0,8.380986452678098e-15,0.09986344167562212,2.2770186484539163e-06,3.435719294988134e-21,0.4083956736698465,1.0,0.015430190932844234,4.7842541876682464e-42,6.819436998377697e-06,7.931112832296809e-26,1.4707868294136026e-16,1.0,5.6077395055358584e-33,9.576757694996322e-07,1.0,1.0,6.7828284976456045e-40,5.382940977379152e-07,0.002482017047974272,1.0,8.06165410452999e-10,1.4851994750036514e-09,1.300419167813424e-08,1.0,3.271880280229018e-08,5.683603089298603e-32,3.6231289214558576e-09,5.58234553157493e-35,0.08863696424462376,1.0,1.5079785448234797e-12,1.7032208625406644e-06,1.0,2.9682049728078133e-53,3.989581644866683e-53,1.0,1.0,1.0,9.62314772831983e-10,7.060671833803305e-05,1.0,3.5589156017230164e-73,0.004797225196049599,3.8120382206649404e-18,1.0,1.0,1.0,0.007601079244710469,1.0,0.29492268038957914,0.18215025566362641,2.096350585199691e-62,1.0,7.61389056825729e-10,0.014853433836744126,0.004154987351321317,4.749397275975885e-05,1.0,0.0008957473813465257,1.0,1.0,1.0,4.378325787187249e-12,5.338198735538818e-14,2.0116440264238996e-16,1.0,2.533277221368824e-40,2.284270317351726e-40,1.0,6.464389917787132e-16,1.0,4.72480810745961e-07,1.0,1.0,1.0,2.011978299378704e-06,2.0119897469823614e-05,1.0,2.09029997782163e-10,0.33984278640742327,1.9274117671419417e-07,1.0,0.0008830163990828325,1.0,1.0,0.0001080192381641969,1.0,1.0,1.0,1.0,1.0,0.04196202825949399,3.3122910154833878e-15,0.25038033056289777,1.0,1.0,1.0,0.0012743094279576161,0.0012503936643790425,1.067246692710267e-30,1.0,1.0,1.0,0.005471290651791591,1.878362255361953e-06,5.445716718585463e-07,0.1665051975634792,1.0,1.0,6.20786973425432e-07,1.1710126791815796e-49,1.3385090074966702e-08,5.380092557245745e-32,4.1547201147720835e-19,4.9744628823608086e-08,1.2838407465086632e-08,2.032631767207107e-06,1.0,1.2494948021350818e-19,1.0,4.791476754175231e-11,5.551819460895059e-11,3.1058397009942153e-20,1.0,1.0,5.42795967132853e-12,0.045839700017737184,1.0863741238171018e-45,1.0,1.0,6.13712352325573e-22,1.0,1.0,5.494299424116255e-38,5.397459854158947e-09,1.0411492888318183e-24,1.0,9.208082367938093e-05,1.0,1.0,1.0,0.002151172602881023,1.0,1.0,3.119498848521456e-11,1.0,1.0,1.0,0.01575064767903422,1.6906974390331945e-49,1.0,1.0,1.0,1.0,1.0,8.120966082531354e-06,0.16245434105768433,2.7882934232528027e-18,1.0,0.001704498028550853,1.0,1.0775669249608237e-08,1.0,1.0,7.308720882293299e-13
169,0.6673381164591001,1.0,1.0,1.2759103799755551e-10,1.9449971051587646e-29,1.0,1.0,1.8446288662713685e-22,1.0,5.47588502681777e-27,1.9562999194945246e-08,7.424828000690951e-52,6.2744388243635666e-18,1.0,1.0,0.09650429816649958,1.0,3.213703551609049e-13,1.0,1.0,1.0,1.0,2.620595980839606e-15,1.0,6.787201309869237e-31,1.6917694150668895e-05,1.108415264663842e-14,0.0024351284832563993,5.902891569084346e-10,1.0,1.0,0.013245211361964998,1.0,1.0,8.650010095455988e-23,1.0,1.0,7.567079283404763e-45,1.0072986552218205e-07,1.0,1.0,1.0,1.8058586935990235e-14,1.0,8.154614456098435e-05,2.8326214416900248e-74,9.448724935686045e-13,0.004801296328316676,5.303085568578764e-07,1.0,1.0,1.0,5.596809260262804e-42,1.0,1.0,0.05714027994950903,1.0,1.0,1.436271903950561e-11,3.147814920188824e-12,1.0,1.0,1.0,0.46380656642884577,1.0,0.02157055577544106,1.0,9.0874894156211e-11,2.418724379352979e-28,9.784751480537162e-10,1.0,1.0,0.03900309482306446,1.0,4.825545104997748e-08,1.5346830371891402e-16,0.00565541736285796,1.0,0.05387452423401027,0.00453223513800348,1.9032780931669907e-10,1.0,0.0017456165418012156,1.0138913152333322e-57,1.0,0.0013090280929098066,1.0,1.0,8.503098435132258e-08,1.0,1.0,1.0,4.492987472879618e-23,1.0,3.6371126146189623e-11,6.710152819681325e-05,1.0,2.2598122930132473e-16,1.0,0.0742171382628817,1.0,4.415081772352033e-63,1.0,1.0,1.0,0.6884172760372896,0.9609691066921803,1.0,1.0,1.0,6.232945573545698e-16,1.0,3.403455781760092e-18,1.0,1.1669306308275304e-08,3.346149629517455e-27,1.0,1.0,1.4288644202526037e-32,1.654571924755387e-32,1.0,4.5807332429109077e-07,1.0,0.45772048100318585,1.0,1.0,4.250883886550248e-49,1.0,1.738911350939744e-06,1.0,9.926660469545566e-05,0.03309893638455419,1.0,1.0,1.0,1.0,1.410079384134261e-40,1.0,0.26848978750257024,1.0,1.0,1.0611801893111002e-15,0.001972328607321437,1.0,1.0,1.0,0.13778181349603555,0.008472009314741635,0.0004883799881319786,3.150054226576751e-31,1.0,2.7988615029102577e-61,1.5565557488745228e-23,1.0,1.6486580300748746e-05,1.0,1.0,1.0,1.0,1.0,1.0,1.0,1.0,0.05064780838895074,1.0,1.0,1.0,1.0,1.0,1.0,2.22385741552838e-14,1.0,1.0,1.0,1.0,1.0,1.0,1.1451384981558352e-28,1.0,1.0,1.0,1.0,1.0,1.0,6.539316340291568e-17,0.2948109104244531,1.0,1.0,1.0,1.0,1.0,4.3890347070300574e-09,1.0,1.0,1.0,2.740384524146175e-32,0.3075252709246976,3.7732325120812e-18,3.308103575676699e-33,0.6798130885465821,0.2846951597556871,2.907238035508319e-16,2.4365084682173323e-05,7.300900594016329e-09,1.0,0.00717940074511426,0.007676928441984998,2.473858150522844e-09,1.0,0.3599574992148539,8.710097804288618e-24,8.904672719251691e-10,2.9282318894391655e-29,1.0,2.8994845606119852e-05,1.5674601678909385e-36,1.0,1.0,3.846799520353954e-23,0.12309734818428349,7.470599851916406e-13,1.0,1.0,1.0,1.0,1.0,1.0,1.0,1.0,0.0031239187978773075,1.0,1.0,1.0,1.0,4.425094368553586e-33,1.0,1.0,5.411316507696592e-06,0.5633409937858231,1.0,1.5145102555865986e-14,2.8410991484387728e-08,1.3613071352912828e-08,1.0,3.778694853436235e-11,6.8566534346257255e-06,0.0766842979807803,1.0,1.0,9.834471404894692e-05
170,3.613250917084693e-57,5.314821372902515e-28,1.677684681379272e-45,2.548072855721541e-84,1.0,1.1027966834763895e-47,1.1410631182741046e-17,1.0,3.698948193328519e-34,1.0,0.03888942082334375,7.0919684239300875e-165,9.854697723454239e-100,2.0187437935305253e-36,8.458133727187731e-18,1.7984833656372314e-56,9.546225635331627e-36,1.7086161764323099e-87,3.24159839582916e-29,1.306144147129128e-40,5.062766385807193e-21,9.693735119055943e-37,1.0,5.217235485593631e-13,3.967546107673745e-122,0.002307711082086562,2.4485858661545492e-88,3.2434533615902635e-59,1.0,1.0084738746450882e-39,1.0745160272531454e-22,1.302090915224852e-55,3.573443303195995e-24,1.0853832395136215e-17,1.6602949378488292e-103,2.388454262629392e-48,6.248791628670791e-09,1.0,4.2848826067476214e-69,3.369254396286082e-48,5.926524365408291e-23,1.0355549259429077e-28,1.142101868758111e-84,1.3714338843907892e-30,8.358167961083196e-61,2.645112080647137e-191,1.0,3.376757573591876e-55,0.41176270644068064,4.884594762977712e-08,3.3595313730531834e-32,1.0388956724311566e-33,1.0,1.5854165296267788e-28,2.91570114559153e-47,1.5805117712462077e-05,7.977203914963147e-46,1.3769958794705122e-41,1.0,1.0,2.833884280601152e-26,3.2244974035592655e-19,3.381801312191569e-30,2.5691414280177335e-06,4.574453468776632e-20,4.133214969595262e-51,6.389337242180434e-37,1.0,7.3907985374929535e-109,3.549118051028706e-70,1.3028401165200578e-18,1.9241900536338806e-40,0.00015444654869285984,4.561505868053922e-16,8.469090008675634e-66,1.0,0.0018375035245735822,1.812543013735037e-15,1.7591303577247873e-48,1.1022861494778931e-51,1.0,1.652773866195659e-17,1.742230384293637e-52,4.6989222175511554e-157,2.7396905212647997e-14,1.876758980313289e-52,1.4431772133669398e-26,1.322450467558812e-36,4.3324160939089613e-63,7.353520830706168e-25,1.1226543135948784e-16,5.924674397574307e-28,1.416868830711212e-94,3.926431409482551e-35,8.585398000946376e-70,1.5456212061539478e-54,1.8508430725317844e-18,1.1531000539960278e-80,1.6433823592982775e-36,0.0014198918017834716,6.17626513228543e-13,1.9360292696767264e-08,1.0755138236572428e-36,4.9982205157791866e-29,1.9758428401534957e-09,6.684823349404791e-42,2.312927344130392e-41,1.584331600064009e-39,6.705881867046503e-11,1.1623971983134997e-38,6.3304229676622465e-78,2.507583156248469e-40,2.3943104097838574e-82,3.9527336688862374e-25,1.0,1.0,6.385050478548464e-35,4.010751880142296e-14,6.680940206557579e-108,1.3713540398291286e-107,3.34581596176956e-14,1.0,2.0997863112218747e-10,2.2209059292253127e-40,5.749049939459253e-31,2.1335039387965162e-17,5.097935981058131e-134,5.507314909054064e-27,1.5927072899996217e-54,9.608177118358735e-11,1.0,0.08345809511752567,3.568190220160588e-26,2.1714401781793923e-19,1.3623525444795073e-22,4.872725944703591e-23,1.9681009075638989e-118,3.652366782259986e-09,1.550053197257678e-39,3.383500925423675e-25,2.2535137260686592e-26,1.0,1.0,1.5436139563305337e-27,0.00024028479366781932,2.347494411876864e-18,0.061261284455282096,7.750205534683708e-43,4.4023673199123784e-46,1.0,4.5285283896560555e-07,9.827443092226498e-11,1.0620415402165617e-85,2.839263073618975e-13,2.5098336199299008e-48,2.089904169972991e-15,7.020961972227684e-33,0.0022485612713830936,2.85641473301582e-17,3.7099375230091282e-09,2.5681432716118614e-31,2.256246097625506e-29,4.741863764095695e-16,2.2048021305214474e-38,1.609470095803373e-20,5.021649862379616e-33,1.3993501986240303e-08,6.895864107123746e-26,0.0001080192381641969,2.22385741552838e-14,1.0,2.914012819467863e-14,9.677482957888223e-13,1.2436547992637111e-17,2.9002787353816045e-06,2.7516975363650297e-12,7.650772543677984e-22,1.0,3.674054935447113e-20,3.6112255934844514e-06,8.185383163295677e-18,1.620358133791445e-09,1.0907318871924937e-24,1.1102270130535411e-24,1.5352619506598467e-68,0.987312243413862,5.101253332409461e-12,1.4852312146535756e-06,3.773403280956718e-23,9.434335193468334e-30,1.1250955077728488e-30,1.0,1.8601294762921038e-10,4.0242534888706103e-11,2.2555279830211158e-30,3.5036620103881434e-94,2.6461178457699397e-33,1.468637655520371e-69,0.36158106891326186,3.0500231074788814e-32,3.254752294465095e-33,1.0,1.0,5.770104281119641e-51,2.075483905556318e-17,3.3174677435765403e-37,4.944747332551516e-37,8.902854046925442e-52,7.571340887566514e-12,1.0,1.0,1.0,4.319592016033875e-88,6.624108324367602e-10,1.0,0.010592212787067646,4.540081881947953e-15,0.004602844766390797,4.0340755159102306e-77,3.417166436943329e-33,8.587875877604942e-58,1.0327981063825756e-11,1.8445686996981518e-25,3.3772221587387e-14,4.1238018839269e-05,6.465139145254203e-10,1.3275230069369812e-22,0.04451187762238152,8.474999101833087e-05,2.365409453816168e-36,4.105463230856817e-07,1.1760346427148359e-07,0.013725940514358402,2.0598598180586774e-20,5.23205377684449e-91,4.638463650317194e-08,2.7609797221971578e-06,1.0,1.0,2.534984257773162e-07,1.0,1.0,5.796416107721466e-46,2.1802093295491018e-05,1.0,1.0,1.2816363790505509e-30,1.0,3.448170169270959e-13,2.9008127701133874e-37
171,0.7234186124409759,1.0,1.0,1.7171601250880965e-10,4.6914058263988183e-29,1.0,1.0,3.6796730482149405e-22,1.0,1.2268566825605371e-26,2.7061601175745287e-08,2.58504191993208e-51,9.876840669795174e-18,1.0,1.0,0.10560171810648115,1.0,4.495251732770998e-13,1.0,1.0,1.0,1.0,4.197717064601971e-15,1.0,1.3679210970934004e-30,2.1316669680849712e-05,1.5715975342374484e-14,0.0027334048262718895,8.249076013626013e-10,1.0,1.0,0.014600693571555886,1.0,1.0,1.425756086759374e-22,1.0,1.0,2.278449944364093e-44,1.2209594123424676e-07,1.0,1.0,1.0,2.4912060895092527e-14,1.0,9.330620806373354e-05,1.3027019174578234e-73,1.3768235404864193e-12,0.005309112150966612,6.785867307102652e-07,1.0,1.0,1.0,1.527576667107824e-41,1.0,1.0,0.06520238090300776,1.0,1.0,2.011672355774404e-11,4.4714299132010925e-12,1.0,1.0,1.0,0.5171737780973547,1.0,0.023443341615551266,1.0,1.2419246069185664e-10,4.196394160299906e-28,1.2071438886854146e-09,1.0,1.0,0.04438498728734612,1.0,5.769223274738869e-08,2.3534255132520904e-16,0.006540985128770635,1.0,0.057962328815044505,0.004961757328791275,2.5565365277299207e-10,1.0,0.0019217924322868882,2.901966371918388e-57,1.0,0.001442356677063695,1.0,1.0,1.0023262517462162e-07,1.0,1.0,1.0,6.796819383974605e-23,1.0,4.504340874244107e-11,7.511025712715426e-05,1.0,3.0420385686737545e-16,1.0,0.08310230145157464,1.0,1.520320907396097e-62,1.0,1.0,1.0,0.7234394459998092,1.0,1.0,1.0,1.0,8.220607963745836e-16,1.0,4.6461155961107594e-18,1.0,1.472269600470294e-08,5.8652694850145504e-27,1.0,1.0,2.41569504871249e-32,2.788046302397683e-32,1.0,5.582848706149113e-07,1.0,0.4802262438642114,1.0,1.0,9.071590506222863e-49,1.0,1.9627797175357065e-06,1.0,0.00011539694504386707,0.03684762169199925,1.0,1.0,1.0,1.0,2.588378712197357e-40,1.0,0.28165911080924694,1.0,1.0,1.4703984710695434e-15,0.0022350403265767003,1.0,1.0,1.0,0.1511649204518552,0.009036020530956744,0.0005290521006226243,5.470436148541234e-31,1.0,7.626087354993097e-61,2.1692238809152717e-23,1.0,1.8106043672717883e-05,1.0,1.0,1.0,1.0,1.0,1.0,1.0,1.0,0.05322155272660171,1.0,1.0,1.0,1.0,1.0,1.0,2.914012819467863e-14,1.0,1.0,1.0,1.0,1.0,1.0,1.811158659035381e-28,1.0,1.0,1.0,1.0,1.0,1.0,8.072615107733273e-17,0.31786734571731134,1.0,1.0,1.0,1.0,1.0,5.254657007581028e-09,1.0,1.0,1.0,3.9893419873631043e-32,0.3185793516237962,4.681541529534232e-18,5.394938863061252e-33,0.701791110587339,0.2949221345360089,3.806544867473919e-16,2.7665673771705915e-05,8.168693184838868e-09,1.0,0.007550774575707706,0.008069725833528944,2.779481263738722e-09,1.0,0.3862550801771123,1.2493638511738445e-23,1.0688833708793123e-09,4.0773924513574826e-29,1.0,3.280760602614685e-05,2.6246661567890247e-36,1.0,1.0,4.9876996322251214e-23,0.1277071704868576,8.660533189412155e-13,1.0,1.0,1.0,1.0,1.0,1.0,1.0,1.0,0.00328235804036413,1.0,1.0,1.0,1.0,6.204830948748873e-33,1.0,1.0,6.100629228957432e-06,0.5986328818111281,1.0,1.8746767337626447e-14,3.276205498498119e-08,1.490301333823861e-08,1.0,4.4887948511261626e-11,7.683573111839708e-06,0.07920148688099977,1.0,1.0,0.00010395623626865623
172,0.056522285984635524,1.0,1.0,2.24360162257817e-12,3.417174960448408e-26,1.0,1.0,1.1843150387349313e-19,1.0,6.587201192557856e-24,1.2232755578480843e-06,7.071354269619096e-55,5.367902702290675e-20,1.0,1.0,0.007502961417170469,1.0,4.678227908597011e-15,1.0,1.0,1.0,1.0,4.582599678436311e-13,1.0,2.462421727378286e-33,0.0005044374129874649,1.5199857113322286e-16,0.0001491023585131542,4.030181056354976e-08,1.0,1.0,0.0009690727132068584,1.0,1.0,6.257807396137663e-25,0.2035210812300808,1.0,4.021697574930213e-41,3.3967273587837318e-09,0.14209179076877332,1.0,1.0,2.8579983833766685e-16,1.0,4.262240278710445e-06,1.6491547363939842e-77,8.811961146889696e-11,0.00034287737540405854,1.8217424274566426e-05,1.0,1.0,1.0,1.8736429834630982e-38,1.0,0.11567145271114447,0.6613766041443203,0.2915498656653557,1.0,1.010291883767028e-09,2.4560347129227957e-10,1.0,1.0,1.0,1.0,1.0,0.0018574424581480741,1.0,5.326721607422731e-09,1.4623864645603055e-30,2.964767685700675e-11,1.0,1.0,0.44004607281136865,1.0,1.8146085925328797e-09,2.0562440967202722e-14,0.07608178424314836,1.0,0.005229896813181893,0.00036304965659158915,9.798003845808083e-09,1.0,0.00013218784302273503,1.4953616619723605e-60,1.0,9.842542014950847e-05,1.0,1.0,3.570590412990395e-09,1.0,1.0,1.0,4.7013347246166255e-25,1.0,1.085939807919305e-12,4.3539366661206435e-06,1.0,4.1422096594266e-18,1.0,0.7013979437345903,1.0,4.477966255447326e-59,1.0,1.0,1.0,0.09163541085657217,0.13205354176200162,0.4917561414359816,1.0,0.8322804008341407,1.2827225273814881e-17,0.20644128176295895,5.823300920145224e-20,1.0,3.6268399407678666e-07,1.0693376302609697e-24,1.0,1.0,9.64753550867455e-35,1.1314137677617792e-34,1.0,1.0468893592463576e-05,1.0,0.06294008313075095,1.0,1.0,1.3437000113627618e-51,1.0,1.0595559324307169e-07,1.0,0.001431210125946227,0.29435882349979187,1.0,1.0,1.0,1.0,7.150832002426994e-43,1.0,0.03722963203825174,1.0,1.0,7.08275329092557e-14,0.021608742308111852,1.0,1.0,1.0,1.0,0.0009428808155854752,4.520979286507717e-05,9.651360803196367e-29,1.0,9.734082005908416e-58,2.4331070013770914e-25,1.0,1.323507369769818e-06,1.0,1.0,1.0,1.0,1.0,1.0,1.0,1.0,0.006947692057187075,1.0,0.5997860018533097,1.0,1.0,1.0,1.0,9.677482957888223e-13,1.0,1.0,1.0,1.0,1.0,1.0,1.961144184330281e-26,1.0,1.0,1.0,1.0,1.0,1.0,2.060714544650533e-18,1.0,1.0,1.0,1.0,1.0,0.673721574998607,8.636117374677832e-08,1.0,1.0,0.6818703466292035,3.5171582387867428e-34,0.05337443153265135,1.1539175376196103e-19,6.948374010002602e-31,0.12549392169215565,0.04947062651838828,1.2662958279815495e-14,0.0002766288789864576,4.956748325439238e-10,1.0,0.0009861555285306987,0.0010630316751772946,1.6164981279428633e-10,1.0,1.0,7.654340645557505e-22,1.8011000449470928e-08,4.664568487014041e-31,1.0,0.00031676115516695685,3.902583431954007e-34,1.0,1.0,9.007411804364224e-25,0.020956093966185984,3.740333564869248e-14,1.0,1.0,1.0,1.0,1.0,1.0,1.0,1.0,0.00043805445387845614,1.0,1.0,1.0,1.0,6.848919170819356e-35,1.0,1.0,5.700122766553901e-05,1.0,1.0,4.111569389059488e-13,3.853119540128879e-07,1.163016067761151e-09,1.0,6.963299465447259e-10,6.743958177731658e-05,0.014296359627649111,1.0,1.0,1.2792834323707947e-05
173,1.0,1.0,1.0,4.077432526821449e-06,1.1065467488331882e-34,1.0,1.0,2.794264513688252e-27,1.0,4.4550072510771114e-32,4.777915576134306e-12,1.8591195546811472e-41,3.377304526637663e-12,1.0,1.0,1.0,1.0,2.271051208128043e-08,1.0,1.0,1.0,1.0,1.7727605325122209e-19,0.7869634575383512,1.7292421512835987e-23,1.2550406520644675e-08,1.0578421407700344e-09,1.0,1.3538327058394352e-13,1.0,1.0,1.0,1.0,1.0,1.1265910213278054e-16,1.0,0.022634676439200183,1.7953226050040745e-50,0.0004174713998590395,1.0,1.0,1.0,1.1021928761171072e-09,1.0,0.08240843710222343,2.1328077842881613e-62,1.4854628806897058e-16,1.0,3.3709229561045816e-10,0.013027971618626368,1.0,1.0,1.958850546871818e-47,1.0,1.0,0.00020469823909663042,1.0,1.0,3.3678637883247426e-15,6.41593508186995e-16,1.0,1.0,1.0,0.002649667561831883,1.0,1.0,1.0,2.7766002464707362e-14,7.896881039760372e-22,6.505667466277283e-06,1.0,1.0,0.00015102127148354204,1.0,0.00015626015446453662,1.5766796354401578e-20,1.641250708178407e-05,1.0,1.0,1.0,7.12108081634143e-14,1.0,0.6389809663139332,3.463094428522283e-48,1.0,0.4948726049731104,1.0,1.0,0.00020292555634592353,1.0,1.0,1.0,1.684376191793863e-17,1.0,2.8163842366889146e-07,0.04143162937433894,1.0,1.0019166605336023e-11,1.0,0.0004130572348470309,1.0,6.824153314167473e-69,1.0,1.0,1.0,1.0,1.0,1.0,1.0,1.0,1.900533264037467e-11,1.0,2.05492476418308e-13,1.0,9.698197686556499e-12,1.2892984889338368e-31,1.0,1.0,3.649350974956295e-26,4.023068569532041e-26,1.0,6.202111038855257e-10,1.0,1.0,1.0,1.0,3.581212798207508e-41,1.0,0.0014562899139760107,1.0,2.883554159176096e-07,0.00021929698504591274,1.0,1.0,1.0,1.0,1.3658637560990001e-33,1.0,1.0,1.0,1.0,3.0653461004635813e-19,9.233569724080244e-06,1.0,0.19637006821026462,1.0,0.001284271619068257,1.0,0.12137511711439193,1.3425432204641222e-35,1.0,1.0569846719789874e-66,1.5689623551383967e-18,1.0,0.006522691256405381,1.0,1.0,0.19550138326166996,1.0,1.0,1.0,1.0,1.0,1.0,1.0,1.0,1.0,1.0,1.0,1.0,1.2436547992637111e-17,1.0,1.0,1.0,1.0,1.0,1.0,1.020585059800901e-32,1.0,1.0,1.0,1.0,1.0,1.0,5.856751516222379e-13,0.004489319296051535,1.0,1.0,1.0,1.0,1.0,8.546149812307242e-12,1.0,1.0,1.0,6.90051521472954e-27,1.0,3.8635844729133145e-14,2.3412992371380958e-37,1.0,1.0,1.6889221478705863e-19,1.1912626486271471e-07,5.467143535964519e-06,1.0,0.6593667813374507,0.6908158800796049,2.096855799568569e-06,1.0,0.006351858507066786,1.89684490347638e-27,1.6841313581757568e-12,3.2753702363998053e-24,1.0,1.5280522667269398e-07,9.124765136412451e-41,1.0,1.0,1.0451386691137552e-18,1.0,1.5199042633727035e-09,1.0,1.0,1.0,1.0,1.0,1.0,1.0,1.0,0.2825676861736244,1.0,1.0,1.0,1.0,5.935809650845194e-28,1.0,1.0,3.171819727094449e-08,0.013666625862309724,1.0,1.8941980920301575e-17,1.0927484313334574e-10,5.573418775407746e-06,1.0,8.800630168184795e-14,4.602649394502315e-08,1.0,0.36763792754164787,1.0,0.011735947272702139
174,1.790255224216778e-08,1.0,0.0005493433115906299,4.89184652596379e-22,7.815716921372278e-14,3.779485015586802e-05,1.0,4.165882513852655e-09,1.0,3.2824834529655495e-12,1.0,9.9549274623534e-71,4.0432280245933966e-31,0.28201000685704436,1.0,2.0198822056769237e-09,0.35670651637576956,4.79448175369181e-25,1.0,0.004991124723970347,1.0,0.08200016784773723,9.22373874783296e-05,1.0,3.2860240141704075e-46,1.0,1.307593560309696e-26,1.5213269041021598e-11,0.16019897525742563,0.0025454325348316337,1.0,2.4680350118130733e-10,1.0,1.0,2.68259042121899e-36,4.3261239793162133e-07,1.0,2.183128849118567e-26,2.3783996076247204e-17,2.947286912127818e-07,1.0,1.0,5.604417780233549e-26,1.0,2.4226221304077476e-13,2.2073240220780666e-94,0.0017458054473073815,8.680282559033464e-11,1.0,1.0,0.41611018825784074,0.11568478678219805,1.7100002176357866e-24,1.0,2.810906025723776e-07,1.0,1.079592511230736e-06,4.901152202919196e-05,0.006966730388637217,0.002647290610914802,1.0,1.0,0.9779243450503405,1.0,1.0,1.287824582466061e-09,0.0023651192726358394,0.01833857305732809,3.163437686519422e-42,1.5200361368598147e-19,1.0,6.332821324639922e-05,1.0,1.0,2.6285637831474968e-17,2.6221842808838706e-06,1.0,1.0,6.953583876063108e-09,1.958350542374563e-10,0.021971819116931975,1.0,5.603922111532637e-11,2.9765824084304374e-75,1.0,4.1292495253777215e-11,1.0,0.000728977785106277,9.72578557929878e-17,1.0,1.0,1.0,1.7169174188132393e-35,0.0017079366430380217,6.200561516515527e-21,9.910881371577422e-13,1.0,2.3223989681590084e-27,0.00030827117046715514,1.0,1.0,9.637662565196146e-43,0.00018004685102423508,0.2160351446952025,1.0,6.56826510746789e-07,1.1047825025936126e-06,7.090541281909189e-06,1.0,1.5409892593177913e-05,1.3556004533623947e-26,2.2629097906655287e-06,2.5473094641759396e-29,1.0,0.13204224853204952,9.89571491086726e-15,0.00042603962385629737,1.0,4.762212597795376e-46,5.982836911005801e-46,1.0,1.0,1.0,6.032112161091395e-07,0.009116987960668448,1.0,1.594847164970781e-64,0.3120434502674686,2.238500183954637e-14,1.0,1.0,1.0,0.43678767130910523,1.0,1.0,1.0,9.421288901451836e-55,1.0,4.1074947633667797e-07,0.7319529209140776,0.25127489660055025,9.82914777864468e-07,1.0,0.06674366593099712,1.0,1.0,1.0,3.918702046839415e-09,7.882867291871993e-11,1.1832952404835708e-18,1.0,4.4664338997001705e-43,8.945237474245872e-35,1.0,1.2742377523397284e-12,1.0,8.64501795428806e-05,1.0,1.0,1.0,0.0002866194974498956,0.002097749662068023,1.0,8.958471725657697e-08,1.0,3.596985235817401e-05,1.0,0.052383332991853375,1.0,1.0,2.9002787353816045e-06,1.0,1.0,1.0,1.0,1.0,1.0,2.64953363207161e-17,1.0,1.0,1.0,1.0,0.06339295980495332,0.06215598684639814,2.7217263435491405e-26,1.0,1.0,1.0,0.21342909208625976,0.00020788756069268873,6.938183258741647e-05,0.009374776212985115,1.0,1.0,7.53199935528701e-05,6.217058804213615e-44,2.5209436131421656e-06,1.3904548905390996e-27,2.7203244960638277e-21,7.984701372959274e-06,2.377624457513392e-06,4.893458472419118e-08,1.0,2.7835131315330737e-16,1.0,1.5795060964703594e-08,1.7795967315950865e-08,7.62839704094749e-17,1.0,1.0,6.829365373597326e-14,0.002401687313670454,2.455279318258701e-40,1.0,1.0,3.492378895677933e-24,1.0,1.0,3.147019042218158e-33,9.749974617344165e-07,5.193486058862537e-21,1.0,0.005243879205607667,1.0,1.0,1.0,0.07890043484164479,1.0,1.0,8.59165285433432e-09,1.0,1.0,1.0,0.413388116724047,3.4915846684760757e-44,1.0,1.0,0.5256030558938602,1.0,1.0,2.7086706391292277e-07,0.01155962821084257,2.4366820528946044e-15,1.0,8.449956876637427e-05,0.49602508013158675,1.2434108879114975e-06,1.0,1.0,2.0378090043269065e-10
175,0.10791673564439212,1.0,1.0,1.4599761793046938e-11,1.1607234933681633e-24,1.0,1.0,1.77358443399113e-18,1.0,1.6333866370338692e-22,3.8919766674749165e-06,6.6247136991804456e-52,8.108312927024105e-19,1.0,1.0,0.015037615504478012,1.0,3.7319475845689245e-14,1.0,1.0,1.0,1.0,2.7532906228368644e-12,1.0,1.3636002307421227e-31,0.001115055169176932,1.2985498906599541e-15,0.00034569193952580933,1.3685642346811026e-07,1.0,1.0,0.002012963817150772,1.0,1.0,1.1947001573999993e-23,0.3321591019375652,1.0,3.994112583078171e-39,1.2168013970027377e-08,0.23357648030495318,1.0,1.0,2.090466704512411e-15,1.0,1.0981953185331045e-05,6.442290722837174e-74,3.630793696766784e-10,0.0007226884458950583,4.360780080495145e-05,1.0,1.0,1.0,1.2225346589878874e-36,1.0,0.18872570624336824,1.0,0.4566596277326215,1.0,3.554557204013552e-09,9.17364141624606e-10,1.0,1.0,1.0,1.0,1.0,0.0035154652974938405,1.0,1.6983500368758117e-08,3.6357612715814813e-29,1.1629869165888308e-10,1.0,1.0,0.6633855371215874,1.0,5.962992550128593e-09,1.0765657547006174e-13,0.1223959301354608,1.0,0.009283243578474185,0.0007155972911209288,2.926283341329538e-08,1.0,0.000269162518956454,5.099926748470025e-58,1.0,0.00020125655212914438,1.0,1.0,1.0782675922966717e-08,1.0,1.0,1.0,5.5841927530045014e-24,1.0,4.319533462131048e-12,9.738338849257302e-06,1.0,2.610009065849273e-17,1.0,1.0,1.0,9.18189185594747e-57,1.0,1.0,1.0,0.13977979820037476,0.19864969177630745,0.7052036192445149,1.0,1.0,7.200250019180893e-17,0.303908871208365,3.946496329658014e-19,1.0,8.48323147290207e-07,1.0486578135156649e-23,1.0,1.0,2.0653232516729442e-33,2.3791204518901542e-33,1.0,2.1274046241969336e-05,1.0,0.09465400295586215,1.0,1.0,9.847115643429368e-50,1.0,2.4678207810489424e-07,1.0,0.002404250530407867,0.41556820821677115,1.0,1.0,1.0,1.0,2.361648216038203e-41,1.0,0.05578659463225689,1.0,1.0,2.5180259794240033e-13,0.03281959177603927,1.0,1.0,1.0,1.0,0.0015626340253421728,8.229962619939986e-05,9.431957662660696e-28,1.0,7.4378189423071895e-56,1.8242807920336508e-24,1.0,2.606790424072977e-06,1.0,1.0,1.0,1.0,1.0,1.0,1.0,1.0,0.010459383178304419,1.0,0.7947447624794403,1.0,1.0,1.0,1.0,2.7516975363650297e-12,1.0,1.0,1.0,1.0,1.0,1.0,1.2917963855499325e-25,1.0,1.0,1.0,1.0,1.0,1.0,7.860098252243097e-18,1.0,1.0,1.0,1.0,1.0,0.8679957716833276,1.679539853654821e-07,1.0,1.0,0.8754083912120889,3.309302365498217e-33,0.0730502984472497,4.5172645545231405e-19,5.32316040394441e-30,0.16788826685250674,0.06767727673562568,3.637882947813626e-14,0.0004314123981996932,1.0789958071178586e-09,1.0,0.001483764103870926,0.0015938659174310006,3.603930505362884e-10,1.0,1.0,3.3021863403635236e-21,3.5550167417682244e-08,3.4412731304173125e-30,1.0,0.0004876656222428773,3.39196039812971e-33,1.0,1.0,4.490977980027977e-24,0.028892319505886433,9.962922480908032e-14,1.0,1.0,1.0,1.0,1.0,1.0,1.0,1.0,0.0006532591291136708,1.0,1.0,1.0,1.0,5.224021651025535e-34,1.0,1.0,8.708878292969711e-05,1.0,1.0,9.392296471100067e-13,6.486118208922324e-07,2.2125892010238125e-09,1.0,1.3325682699450585e-09,0.00010075399419201688,0.019058977375812792,1.0,1.0,1.9715322399572347e-05
176,1.0,1.0,1.0,0.01913880010521765,6.496453182933926e-42,1.0,0.033289747826071026,7.461347860573992e-34,1.0,4.6357089359654425e-39,6.000215118007464e-17,1.3840366203780132e-32,2.207384206742468e-07,1.0,0.12462972382402608,1.0,1.0,0.00025013739917422763,1.0,1.0,1.0,1.0,4.288416360705859e-25,0.0013818954149096457,4.1156177404364356e-17,7.062111409464632e-13,1.696172811670156e-05,1.0,1.7179309175080219e-18,1.0,1.0,1.0,1.0,1.0,2.1077070566248745e-11,1.0,2.135962854012561e-05,2.764269280940049e-58,0.40300254239584987,1.0,1.0,1.0,1.3280349289317723e-05,1.0,1.0,4.138583918629707e-52,1.2206652639167577e-21,1.0,1.7086190082678837e-14,1.2060125475155766e-05,1.0,1.0,5.98422331797441e-55,1.0,1.0,8.925786432323217e-08,1.0,1.0,4.873949685601422e-20,7.720706960887178e-21,1.0,1.0,1.0,2.086484189689939e-06,1.0,1.0,1.0,5.808841536550675e-19,4.1610309390317044e-16,0.011400433433125636,1.0,1.0,7.639686878054907e-08,1.0,0.14016471122732507,7.825549358918647e-26,5.9171772258911415e-09,1.0,1.0,1.0,2.003263978296119e-18,1.0,1.0,9.156193696453104e-40,1.0,1.0,1.0,1.0,0.1476149954472978,1.0,1.0,1.0,1.4510363475889686e-12,1.0,0.0006559237542038365,1.0,1.0,1.2196126751932866e-07,1.0,3.5506791883782473e-07,1.0,5.500068808677208e-77,1.0,1.0,0.08747508629239716,1.0,1.0,1.0,0.8029238369662081,1.0,1.742661206730426e-07,1.0,3.5942504271786777e-09,1.0,8.359538722317482e-16,1.8175862626046067e-37,1.0,1.0,2.1012907019263117e-20,2.2306263244467914e-20,1.0,1.0124428984573131e-13,1.0,1.0,1.0,1.0,5.052122510717298e-34,1.0,0.473821874857813,1.0,1.2520272848988913e-10,2.590259879865545e-07,1.0,1.0,1.0,1.0,2.9290073834821982e-27,1.0,1.0,1.0,1.0,7.308584693979976e-24,7.340939162691121e-09,1.0,0.0008966546000470159,1.0,2.3725129109999353e-06,1.0,1.0,2.394011079668173e-41,0.3176401095328863,4.487573124153539e-74,5.629163197046264e-14,1.0,1.0,1.0,1.0,0.0010990189368484538,1.0,1.0,1.0,1.0,1.0,1.0,1.0,1.0,1.0,1.0,0.04196202825949399,1.0,7.650772543677984e-22,1.0,1.0,1.0,1.0,1.0,1.0,5.511489921987496e-38,1.0,1.0,1.0,1.0,1.0,1.0,2.4902726394443957e-09,1.687290509995501e-05,1.0,1.0,1.0,1.0,1.0,2.6909763016062104e-15,1.0,1.0,1.0,7.240922650509009e-22,1.0,1.9495551563125107e-10,9.495953743996658e-43,1.0,1.0,1.1648127166389059e-23,1.180261514467255e-10,0.002195976510637559,1.0,1.0,1.0,0.0009571435600308302,1.0,2.9550609354650973e-05,3.633263394885176e-32,5.240954468715346e-16,1.6566649950862054e-19,1.0,1.682312403086915e-10,2.8555021395409502e-46,1.0,0.05949203100592589,1.4036107098076563e-14,1.0,1.6965621655085267e-06,1.0,1.0,1.0,1.0,1.0,1.0,0.018347256444649733,1.0,1.0,1.0,1.0,0.10836972410587083,1.0,3.941559559806741e-23,1.0,1.0,4.2608267285743394e-11,0.00010044371655498438,1.0,3.807809833972579e-21,8.924811833335276e-14,0.001429874020573344,1.0,3.9009793463630695e-17,7.481083446080145e-11,1.0,0.005107989133587664,1.0,0.8908120998882877
177,4.050025003344e-89,9.599394424086175e-53,9.714338976222091e-75,1.5418004258640902e-120,0.27966292849763424,4.783278218997843e-77,1.1476663714860961e-38,0.0003976825615735332,3.0130424215870254e-60,0.05143870047871289,3.5952235261531334e-15,4.115609947192728e-210,1.0863644777616208e-137,8.412218848827281e-63,1.7618162707437142e-38,4.27722095966608e-87,8.83743994257017e-62,2.809478583655424e-123,2.1971024318124165e-53,1.1560852481859963e-67,1.4099542358264877e-42,1.2950078824984916e-62,6.50183030605363e-07,2.2432162459215344e-31,9.08474514544841e-162,1.079783652707957e-16,1.6657124110396502e-123,1.3812244024070788e-89,6.300594277354623e-11,8.459713354712848e-66,3.7031602535666625e-44,7.312684022297306e-85,6.092878685021946e-46,2.4692473384699354e-37,3.9325879544912546e-140,4.261049223727007e-76,7.017764108466518e-25,1.0,1.7715243208722983e-100,1.1079943417983266e-75,4.3470614563637087e-44,1.628902018497547e-51,2.3828253185103426e-118,6.80763111130967e-54,1.3947279935931461e-90,2.7117000226395644e-236,7.550648325933729e-07,8.814562141269965e-84,3.565450603863519e-12,2.5764288511876154e-23,1.0501690997196153e-55,1.4196498406586781e-57,1.0,5.513713470238436e-51,4.125673462911706e-74,2.2931362950160514e-19,2.556971018443588e-72,5.550903240710024e-67,6.803244083770691e-07,2.2476806319148352e-06,8.380788620098536e-48,1.4562722881209623e-38,1.0238264023601086e-52,2.3592826133307673e-20,1.267503297887746e-39,3.4199927490863196e-78,5.585836880191368e-61,5.131802751971869e-07,1.3981356039282895e-144,1.6687348828814957e-100,1.6442203531791711e-37,3.594956567997513e-65,2.0692513506942092e-17,4.776423772499828e-34,2.571909392488132e-95,0.007149193205049432,1.2950393222482946e-15,4.5938295820724164e-33,1.4681890011510224e-74,2.2150710684027837e-78,1.6825350231619399e-06,1.0501537475679607e-35,3.3583888208621194e-79,3.8995289818097287e-197,2.697070908644367e-31,4.9781054321395e-79,2.436624427199224e-47,7.734917072205094e-60,1.8372861055071175e-91,4.968596548397695e-45,3.2034227316071683e-34,8.482408580566977e-49,2.9936154723220026e-127,9.668443631632663e-58,7.1699557112061325e-99,5.2345980512226545e-81,1.8976952427492584e-36,2.8639912782316135e-111,2.9957930892002554e-59,3.3378654792309225e-15,7.152291721482712e-29,1.0,2.6514353662315523e-59,9.662427456615816e-50,7.769779816472597e-24,1.5259386215262686e-65,7.260520479804034e-65,1.3329765600607549e-62,7.693052734583997e-26,1.7207411984175945e-61,1.486699175039057e-107,1.9337011215423952e-63,1.4921913235766777e-112,1.3889093839651486e-44,9.87282578593991e-06,1.0,1.1033290550378339e-56,4.719089106699103e-30,5.701829608982315e-141,1.4606802480513108e-140,5.143068228339767e-30,1.3928291371349935e-06,9.375592607115547e-25,6.008897880267481e-63,2.1476898343820965e-51,4.294716911369883e-34,2.128871047590607e-169,2.412081605514161e-46,1.318433398014789e-79,5.225520679485198e-25,3.397846108419577e-08,1.4391434269210443e-11,4.239795582252765e-45,1.9718627800516854e-36,1.488859365997366e-40,4.242907757407482e-41,9.819993404451056e-152,1.4385129197628192e-22,2.326852999915934e-61,1.1569618379780444e-43,3.92067682356446e-45,1.0,3.379316927443933e-09,1.889539735518121e-46,2.4031214564851597e-15,9.388612517948597e-35,1.6144577047310787e-11,5.7998772356741745e-65,8.138462636605652e-69,1.0,3.595042584054931e-19,0.42517984243494455,3.5031345769868595e-114,1.3741774964978419e-27,5.827303875304343e-71,2.0954480784003876e-30,2.0618253320788313e-52,2.1482410901609296e-13,1.0783519218319946e-32,9.123225546451522e-22,2.8044529559802006e-50,7.215290729047175e-48,5.381995130063292e-31,9.016367218343964e-59,1.0151944222469697e-36,2.935164899027919e-52,7.534828146553574e-21,2.1012400159325036e-43,3.3122910154833878e-15,1.1451384981558352e-28,1.0,1.811158659035381e-28,1.961144184330281e-26,1.020585059800901e-32,2.64953363207161e-17,1.2917963855499325e-25,5.511489921987496e-38,1.0,7.420527428756747e-36,4.070000487901586e-17,8.673902019305297e-33,1.0333039430644967e-21,2.2096939896741645e-41,2.335974265762512e-41,4.314610531561207e-93,1.1621133737994639e-08,4.957027617909683e-25,1.8396594209778347e-17,2.6633453228885113e-39,2.032018600849366e-47,1.6421304331533928e-48,0.7031544869720637,8.826681965610933e-23,1.2560907444082125e-23,5.007161566592965e-48,1.5264620343726167e-121,1.4691327038128403e-51,8.189354919915384e-94,1.0,3.0497318240510647e-50,2.2173590669916965e-51,1.0,0.0030037431291346354,2.7105891809259854e-72,1.0001913815806772e-31,4.459235031471588e-56,7.829614272686396e-56,3.56406235446612e-73,1.998289885201395e-24,8.711932584966512e-08,1.0,1.0,2.1194486984494025e-114,9.209674790813108e-22,0.005119286077466134,1.0,1.4201857614563032e-28,5.5099785367445925e-12,6.567722610500045e-102,5.76835883819413e-51,9.503159327348376e-80,5.098220433172939e-24,1.7983325305321482e-41,3.1635269920785168e-27,7.420313910850741e-15,1.69671291328889e-21,8.588465843929333e-38,2.816017273420025e-10,2.5015035218000813e-14,2.138046061130768e-54,1.5708503440202565e-17,3.0669161547342478e-18,6.227096215319717e-11,9.225792559824925e-35,1.500523577825417e-116,1.046911808777515e-18,3.700068634852531e-16,0.41742627919290887,5.212932896736462e-06,1.6525492141894628e-17,1.0,1.0,7.347384876993403e-65,1.2694581494130412e-14,1.0,1.0,1.1433757539769825e-46,2.667118281753763e-07,5.080546974263729e-25,1.721818714927594e-54
178,1.0,1.0,1.0,0.001292057705954696,7.209977180884651e-39,1.0,0.3619715208935662,4.0953338030419e-31,1.0,3.9289162812595556e-36,6.031962629539418e-15,2.285098335070542e-35,6.329273422853963e-09,1.0,1.0,1.0,1.0,1.262955063582237e-05,1.0,1.0,1.0,1.0,8.697392931089454e-23,0.018185439304068636,3.7612676915985396e-19,3.737932454269377e-11,7.505396600323403e-07,1.0,1.6978622831540532e-16,1.0,1.0,1.0,1.0,1.0,4.2175003470370717e-13,1.0,0.0003561443188710023,5.718956893178058e-55,0.044292256010909366,1.0,1.0,1.0,6.362600382015012e-07,1.0,1.0,2.555835764435159e-55,1.4400046254645083e-19,1.0,9.33204993766932e-13,0.0002018307374431678,1.0,1.0,8.86555691273792e-52,1.0,1.0,2.0151572812771396e-06,1.0,1.0,4.49159928761079e-18,7.696725782193682e-19,1.0,1.0,1.0,3.701679015037947e-05,1.0,1.0,1.0,4.5647350664805295e-17,5.8856007443176405e-18,0.0010119348078536702,1.0,1.0,1.6132321630009031e-06,1.0,0.015518432280218996,1.1366026837382388e-23,1.4303198870210806e-07,1.0,1.0,1.0,1.3831188578025286e-16,1.0,1.0,1.926953565098905e-42,1.0,1.0,1.0,1.0,0.017373842916428326,1.0,1.0,1.0,3.580893358668047e-14,1.0,5.221159355448391e-05,1.0,1.0,5.639707870468229e-09,1.0,5.989976993568698e-06,1.0,1.533624668947598e-73,1.0,1.0,0.6144040503512412,1.0,1.0,1.0,1.0,1.0,8.7747269337807e-09,1.0,1.466156255768547e-10,1.0,3.5702334641547857e-14,4.5143094815610605e-35,1.0,1.0,2.801102031974146e-22,3.006828588842588e-22,1.0,3.3136241829370603e-12,1.0,1.0,1.0,1.0,2.4907884582088877e-36,1.0,0.07145288550943026,1.0,2.7406792595861087e-09,3.7965524415280784e-06,1.0,1.0,1.0,1.0,2.5631760202543426e-29,1.0,1.0,1.0,1.0,5.285212422758106e-22,1.2563138801226067e-07,1.0,0.007681084937298097,1.0,2.89782957432061e-05,1.0,1.0,5.288772585353542e-39,1.0,5.506415694042916e-71,1.7754071288959682e-15,1.0,0.21319622265207833,1.0,1.0,0.008613623964158174,1.0,1.0,1.0,1.0,1.0,1.0,1.0,1.0,1.0,1.0,0.25038033056289777,1.0,3.674054935447113e-20,1.0,1.0,1.0,1.0,1.0,1.0,7.420527428756747e-36,1.0,1.0,1.0,1.0,1.0,1.0,1.5467324659840592e-10,0.0001533405242064429,1.0,1.0,1.0,1.0,1.0,6.558639497413565e-14,1.0,1.0,1.0,1.5823334719387262e-23,1.0,1.1393091174488874e-11,1.4408782268271034e-40,1.0,1.0,5.287170347896745e-22,1.8101078249943582e-09,0.00029783278263886706,1.0,1.0,1.0,0.00012425214634292588,1.0,0.0002458364521586915,2.821580548801257e-30,1.2793310771231786e-14,4.55916182086788e-21,1.0,2.4692258773112945e-09,4.841822754165549e-44,1.0,0.30963003939532247,5.924727935822869e-16,1.0,1.624996018794957e-07,1.0,1.0,1.0,1.0,1.0,1.0,0.09983824735422596,1.0,1.0,1.0,1.0,0.51522631876516,1.0,9.834011858378481e-25,1.0,1.0,5.725576805239508e-10,0.000692092278310063,1.0,1.0986242648060234e-19,1.4595720189433017e-12,0.0002220172149585624,1.0,8.148919570812924e-16,9.288669195633559e-10,1.0,0.027428476271596662,1.0,0.20927763163029747
179,2.4881102515797688e-08,1.0,0.0006626753838019,1.0263210953887113e-21,1.4943525356058706e-13,4.6907225057690254e-05,1.0,6.691523913844641e-09,1.0,5.88364016990531e-12,1.0,9.407344267852324e-70,1.0980612597733923e-30,0.3124766905308017,1.0,2.806131993234624e-09,0.39353798189514616,1.0543951601039174e-24,1.0,0.005775267668458116,1.0,0.09162748147435226,0.00012439865790956592,1.0,1.2965688175432836e-45,1.0,2.896067648792888e-26,2.198894912013431e-11,0.19298036682659073,0.002939096248494695,1.0,3.412015986878711e-10,1.0,1.0,7.533274538298123e-36,5.484809222734425e-07,1.0,5.656087842804151e-26,3.9315403198102383e-17,3.7354631610503255e-07,1.0,1.0,1.1610286803562594e-25,1.0,3.581893279261058e-13,2.952992838353929e-93,0.0022138348093630883,1.1962321454120267e-10,1.0,1.0,0.45185990552304395,0.1272148123425594,4.067210769959922e-24,1.0,3.533796348237026e-07,1.0,1.336470884263659e-06,5.811280795358931e-05,0.008605333620133732,0.0033115836492842578,1.0,1.0,1.0,1.0,1.0,1.6942850623834277e-09,0.002686455900509215,0.02227350839469935,9.326961955432682e-42,2.5370998764633194e-19,1.0,7.44235307296848e-05,1.0,1.0,4.139552601141876e-17,3.5531908075666844e-06,1.0,1.0,8.895155941222675e-09,2.596080592596918e-10,0.026465243005065375,1.0,7.497935172789278e-11,1.8730714190521425e-74,1.0,5.5234137227511895e-11,1.0,0.0008294700784285722,1.4758144610056463e-16,1.0,1.0,1.0,3.959724490169108e-35,0.0019214657069442503,1.0210694804193208e-20,1.357233307416964e-12,1.0,4.4036282351846795e-27,0.00035134097812097517,1.0,1.0,3.21625510337589e-42,0.0002057034419884014,0.2320885874792898,1.0,7.877009301240149e-07,1.3181800773800003e-06,8.31638959724184e-06,1.0,1.7934775717093778e-05,2.4589619519813584e-26,2.6751438853513428e-06,4.890337207925399e-29,1.0,0.15318797189749891,1.5959019996117885e-14,0.00048031434251078023,1.0,1.2823610828951106e-45,1.6009236420632032e-45,1.0,1.0,1.0,7.14469070944069e-07,0.009976491081042194,1.0,6.107419068805458e-64,0.33199407985620905,3.0538671445240537e-14,1.0,1.0,1.0,0.4627467741431739,1.0,1.0,1.0,2.836872181255737e-54,1.0,4.832956961174385e-07,0.7713987161945647,0.2668335452420385,1.269482347571746e-06,1.0,0.07147400648768797,1.0,1.0,1.0,4.750893540684223e-09,9.850521996408613e-11,1.9627867468523475e-18,1.0,1.2394660548260802e-42,1.7153390653734074e-34,1.0,1.624264619468382e-12,1.0,9.643098514622424e-05,1.0,1.0,1.0,0.00031615395484052886,0.002282088390264928,1.0,1.0444065744314826e-07,1.0,4.019210499422534e-05,1.0,0.05570589682439491,1.0,1.0,3.6112255934844514e-06,1.0,1.0,1.0,1.0,1.0,1.0,4.070000487901586e-17,1.0,1.0,1.0,1.0,0.06703260556853992,0.06572445981427315,4.184350944896025e-26,1.0,1.0,1.0,0.22378233340375772,0.00022718273623075887,7.63068878825845e-05,0.010749446284334966,1.0,1.0,8.26751098570118e-05,1.2389272920486579e-43,2.8248630038650205e-06,2.143661389321647e-27,4.3851066258449915e-21,8.879578759316335e-06,2.662509059711052e-06,6.178663759661408e-08,1.0,3.5967017936209064e-16,1.0,1.8217191940700804e-08,2.0496427056810365e-08,9.922515815829248e-17,1.0,1.0,9.556477598705546e-14,0.002772230449180707,4.540457876076187e-40,1.0,1.0,5.842684351678105e-24,1.0,1.0,5.181897428250577e-33,1.0914456056597281e-06,7.098874803331114e-21,1.0,0.005581973465712765,1.0,1.0,1.0,0.0826621272458331,1.0,1.0,9.831622690309063e-09,1.0,1.0,1.0,0.42852939596998396,6.437222703710246e-44,1.0,1.0,0.5751123462442476,1.0,1.0,3.2790015235880997e-07,0.012972488038047562,2.98171136783632e-15,1.0,9.799472909465096e-05,0.5411493120495249,1.3662640640425425e-06,1.0,1.0,2.338578539564338e-10
180,1.0,1.0,1.0,3.0924320801748106e-05,2.2736758534406043e-34,1.0,1.0,3.869021762691437e-27,1.0,7.816957082445204e-32,3.480465199271409e-12,1.1106342864755195e-38,5.755107320695808e-11,1.0,1.0,1.0,1.0,2.194790691394136e-07,1.0,1.0,1.0,1.0,1.6147048532952185e-19,0.4769528837732219,1.0136726909417033e-21,8.103411879157537e-09,1.135689787336274e-08,1.0,9.928459056781158e-14,1.0,1.0,1.0,1.0,1.0,2.6551970871943542e-15,1.0,0.013582693297177238,5.872536721261164e-50,0.0019732069646929617,1.0,1.0,1.0,1.0714226321305556e-08,1.0,0.2765377133595047,5.2154170430545615e-59,1.1513274644603246e-16,1.0,2.20249478944458e-10,0.007818787447224931,1.0,1.0,5.120000340497738e-47,1.0,1.0,0.00012303705793003438,1.0,1.0,2.456976436521007e-15,4.77444693062169e-16,1.0,1.0,1.0,0.0015896215067412206,1.0,1.0,1.0,1.956210247038245e-14,2.6031628811557805e-20,3.5688784327422726e-05,1.0,1.0,9.073871535687549e-05,1.0,0.00071400081892756,1.3138641796568401e-20,9.90543758666382e-06,1.0,1.0,1.0,4.896584587525148e-14,1.0,1.0,1.240771875854689e-45,1.0,1.0,1.0,1.0,0.0008709150425891271,1.0,1.0,1.0,2.958412235532961e-16,1.0,1.650799511582689e-06,0.1289070362560102,1.0,9.486811049462607e-11,1.0,0.00024822211497220627,1.0,2.9605836512260667e-68,1.0,1.0,1.0,1.0,1.0,1.0,1.0,1.0,1.6424131998084018e-10,1.0,2.1570490992727623e-12,1.0,6.193368993916233e-12,1.3326163156561108e-31,1.0,1.0,1.2019159448949196e-24,1.306677385375672e-24,1.0,3.845182026400806e-10,1.0,1.0,1.0,1.0,3.811354652742457e-39,1.0,0.004995508639040355,1.0,1.7425891929295007e-07,0.0001322043432414167,1.0,1.0,1.0,1.0,7.11927443628609e-32,1.0,1.0,1.0,1.0,2.1666743319748642e-19,5.557195405867312e-06,1.0,0.12254526780488166,1.0,0.0007795664661138521,1.0,0.31700627358217526,1.3483388561620695e-35,1.0,2.6421370490976825e-66,2.0109338410891137e-17,1.0,0.01913126761825812,1.0,1.0,0.12302159620566741,1.0,1.0,1.0,1.0,1.0,1.0,1.0,1.0,1.0,1.0,1.0,1.0,8.185383163295677e-18,1.0,1.0,1.0,1.0,1.0,1.0,8.673902019305297e-33,1.0,1.0,1.0,1.0,1.0,1.0,3.897713117999714e-12,0.002778147294060989,1.0,1.0,1.0,1.0,1.0,5.221627905790173e-12,1.0,1.0,1.0,1.2214716134053268e-25,1.0,2.6895687763500344e-13,2.083822490972049e-37,1.0,1.0,1.10715532659276e-19,7.187201892919632e-08,1.9234173585892492e-05,1.0,1.0,1.0,7.6144370041198334e-06,1.0,0.003960936021198753,1.3873547916749072e-27,1.030050963291872e-12,4.567139213164041e-23,1.0,9.224629069175995e-08,8.473841749178793e-41,1.0,1.0,9.65818282602775e-18,1.0,6.936317095949571e-09,1.0,1.0,1.0,1.0,1.0,1.0,0.8804034827357367,1.0,0.6127164533651305,1.0,1.0,1.0,1.0,8.938014615852756e-27,1.0,1.0,1.9188120467075273e-08,0.008688066161477964,1.0,1.1784999500846242e-17,6.602115170796218e-11,1.7330707972847578e-05,1.0,5.353725625272521e-14,2.790926049769977e-08,1.0,0.24203556772578544,1.0,0.02741802566224744
181,0.0011483839747876265,1.0,1.0,1.6521192552447204e-14,2.882748384294284e-19,0.280778115250798,1.0,7.065030771764662e-14,1.0,2.067675569830086e-17,0.0023613936460938336,2.359115016281588e-56,3.528416359011286e-22,1.0,1.0,0.0001435163726259698,1.0,3.2759951190893756e-17,1.0,1.0,1.0,1.0,1.1597174313397327e-08,1.0,2.0369761597141574e-35,0.2013944716116212,1.0528077766592274e-18,2.3375704863791063e-06,0.00010911683122969592,1.0,1.0,1.7856353159509618e-05,1.0,1.0,4.175292941984821e-27,0.005851162252860433,1.0,1.1038742488047758e-32,3.469052346639558e-11,0.0040380758149601865,1.0,1.0,2.062242225826787e-18,1.0,5.938526028716225e-08,1.4453685141464595e-78,5.52734935699746e-07,6.233073038059065e-06,0.011135154260026403,1.0,1.0,1.0,1.5012831944412127e-30,1.0,0.0033693441251841775,1.0,0.009345189028099825,0.16166441830295092,3.4135575079259946e-06,1.0630872385515196e-06,1.0,1.0,1.0,1.0,1.0,4.066609958515317e-05,1.0,1.2065767302499115e-05,1.0067720900929643e-32,2.8674453581088527e-13,1.0,0.17409330915089355,1.0,1.0,2.0109097689800777e-11,3.5055142603223474e-10,1.0,1.0,0.0001299999985259491,7.4694916688954494e-06,1.7120829407542804e-05,1.0,2.584335707907977e-06,2.7188119997003904e-62,1.0,1.9150973286245544e-06,1.0,0.9207580322763859,4.2985908047373075e-11,1.0,1.0,1.0,3.1525142983888395e-27,1.0,1.0504050208368583e-14,7.459711840576294e-08,1.0,3.173982336823505e-20,0.42118245977586843,1.0,1.0,1.330661506257132e-49,0.2658670334558941,1.0,1.0,0.0032595001175107245,0.004872624834284603,0.020729611709899214,1.0,0.03730843570691621,1.0321962960527008e-19,0.008101303458347446,4.366277758075978e-22,1.0,0.00022261993448690292,2.071736304655844e-19,0.45246622560102834,1.0,6.5427593147808415e-37,7.660401094514615e-37,1.0,0.0032861692034013303,1.0,0.002356305956154962,1.0,1.0,1.2145857808604534e-53,1.0,1.746750860284798e-09,1.0,0.16756495351939105,1.0,1.0,1.0,1.0,1.0,5.1814664662536103e-45,1.0,0.00142217763596507,1.0,1.0,2.944629134377052e-10,1.0,1.0,1.0,1.0,1.0,2.8331207951400288e-05,1.1189996170031808e-06,2.032560750930282e-23,1.0,1.799196999844025e-49,1.7867034009870858e-27,1.0,2.8609457292548645e-08,1.0,0.07661366780558797,1.0,1.0,1.0,0.18470661514214054,0.8758399545265768,1.0,0.00026783912336136536,1.0,0.0342614462127781,1.0,1.0,1.0,1.0,1.620358133791445e-09,1.0,1.0,1.0,1.0,1.0,1.0,1.0333039430644967e-21,1.0,1.0,1.0,1.0,1.0,1.0,2.1201187771643756e-20,1.0,1.0,1.0,1.0,0.10641644160548153,0.04350598296887612,2.4132142208156938e-05,1.0,1.0,0.044747599685441515,2.4694162452831324e-36,0.0027864124389162352,1.168415393679999e-21,6.676321605541011e-26,0.007083201963337979,0.0025899321295386416,2.3179585398718355e-11,0.02298780359683106,9.327379806688551e-12,1.0,3.8927904113011815e-05,4.2387642047531385e-05,2.938469468073763e-12,1.0,1.0,7.99076001735014e-18,5.503552528456516e-06,3.474775027607517e-33,1.0,0.024520203651559453,6.073628442337228e-29,1.0,1.0,7.874434599353293e-27,0.0010774322493171343,5.418639426801901e-16,1.0,1.0,1.0,1.0,1.0,1.0,1.0,1.0,1.791479945734459e-05,1.0,1.0,1.0,1.0,5.07288915130448e-37,1.0,1.0,0.004340434617757208,1.0,1.0,2.731651763092015e-10,5.2125623951461475e-05,2.78800263207639e-11,1.0,1.9030118643030276e-07,0.0045254977742999886,0.0008431041825731056,1.0,1.0,4.866464172495972e-07
182,1.0,1.0,1.0,1.0,2.8270599479606953e-46,1.0,0.00031977717038482776,6.052721558753287e-38,1.0,2.5430999072956908e-43,2.922802096360062e-20,1.818992458296023e-26,0.0001976666525986865,1.0,0.0015523096737934305,1.0,1.0,0.062354506308391844,1.0,1.0,0.13975139141051476,1.0,9.637978031327511e-29,1.0296759035628602e-05,6.342279918306013e-13,7.738297776387794e-16,0.005930602729297124,1.0,8.765331265240579e-22,1.0,1.0,1.0,1.0,0.04931111615543924,4.906638710784174e-08,1.0,1.152682547956217e-07,7.557212566550427e-63,1.0,1.0,1.0,1.0,0.004064977838675048,1.0,1.0,1.0584429179863329e-44,5.1525869095079e-25,1.0,1.8478221219331935e-17,6.538356519672267e-08,1.0,1.0,2.1274537476916697e-59,1.0,1.0,3.1723824223844204e-10,1.0,1.0,2.784253549179643e-23,4.0152041228141744e-24,1.0,1.0,1.0,1.0557909956014498e-08,1.0,1.0,1.0,4.052286096290503e-22,2.4556861529169444e-12,0.9277444035899638,1.0,1.0,3.0367832778810383e-10,0.29827168403648585,1.0,2.651906798763483e-29,1.950758709172439e-11,0.26778615774091236,1.0,1.0,1.6560169424893946e-21,1.0,1.0,8.154113533848408e-34,0.11755582548406103,1.0,1.0,1.0,1.0,1.0,1.0,1.0,2.356027610343723e-09,1.0,0.07164407266804981,1.0,1.0,4.5680353920390434e-05,1.0,2.009133293808196e-09,0.16404510028564784,1.2423344019373986e-81,1.0,1.0,0.0018937191922657505,1.0,1.0,1.0,0.023952772326067264,1.0,5.513182520716836e-05,1.0,1.8533700298706865e-06,1.0,1.3191258382547218e-18,3.521178249239457e-41,1.0,1.0,1.6330523276500535e-16,1.6909624537877411e-16,1.0,2.301239905247436e-16,0.054862379513735515,1.0,1.0,1.0,5.172374374325981e-29,1.0,1.0,0.19894068469498638,5.038536077736781e-13,1.868051028583812e-09,1.0,1.0,1.0,1.0,6.897320137923104e-23,0.05262326398355918,1.0,1.0,1.0,6.006431207302221e-27,4.246283064911924e-11,1.0,1.4831068642432825e-05,1.0,2.2777843882903966e-08,1.0,1.0,5.3949339589366736e-45,0.01092184756475865,1.9525431851150255e-78,5.856386402492487e-11,1.0,1.0,1.0,1.0,2.1363727617798466e-05,1.0,1.0,1.0,1.0,1.0,1.0,1.0,1.0,0.7283251970645896,1.0,0.0012743094279576161,1.0,1.0907318871924937e-24,1.0,1.0,1.0,0.06339295980495332,1.0,1.0,2.2096939896741645e-41,1.0,0.06703260556853992,1.0,1.0,1.0,1.0,5.71854211429768e-07,2.6655691474763183e-07,1.0,0.3003833911743551,1.0,1.0,1.0,9.837749691483222e-18,1.0,1.0,1.0,1.9947020879273826e-18,1.0,5.236997869176874e-08,3.3516683470670435e-46,1.0,1.0,1.8259248932315298e-26,8.486510752126047e-13,0.09077370034042999,1.0,1.0,1.0,0.04360871368503871,1.0,5.436781105504605e-07,2.8659259487063685e-35,1.9273530165891744e-18,2.645396276449782e-16,1.0,1.2976542289945007e-12,8.925196943567643e-50,1.0,0.0023431362829549017,8.165977550175322e-12,1.0,0.00015292586693834052,1.0,1.0,1.0,0.2792747298875513,1.0,1.0,0.0006779396122620534,0.22822124372132102,1.0,1.0,1.0,0.005039232215698637,1.0,8.325730806673558e-20,1.0,1.0,3.842683797505902e-13,2.568537415543304e-06,1.0,1.1376358331583957e-23,6.035569136529326e-16,0.0468587909824919,1.0,1.849867968839017e-19,7.674721378526798e-13,1.0,0.00019782167484338602,1.0,1.0
183,1.0,1.0,1.0,1.0,3.3999014384972703e-46,1.0,0.00031600846162641917,6.946935862545475e-38,1.0,3.0015781375175075e-43,3.0732186227347674e-20,2.5232371737950082e-26,0.00022191194581780554,1.0,0.0015304689598856858,1.0,1.0,0.06798318118127829,1.0,1.0,0.13721290372430026,1.0,1.0452160160444498e-28,1.0201411012568809e-05,7.684478856995676e-13,7.936516705317257e-16,0.0065195895993662096,1.0,9.198951752057046e-22,1.0,1.0,1.0,1.0,0.048426460733623895,5.65260684638502e-08,1.0,1.1463880929100052e-07,9.489476734456979e-63,1.0,1.0,1.0,1.0,0.004458840539845666,1.0,1.0,1.6344754112079738e-44,5.443022891211122e-25,1.0,1.895378460550824e-17,6.502032455133568e-08,1.0,1.0,2.6032258157842146e-59,1.0,1.0,3.17411023522268e-10,1.0,1.0,2.9099581028670697e-23,4.209746945371206e-24,1.0,1.0,1.0,1.0508299844460538e-08,1.0,1.0,1.0,4.208062178649256e-22,2.9048299189435203e-12,0.9897839474051969,1.0,1.0,3.032894695577474e-10,0.29250969641200036,1.0,2.8243785564461867e-29,1.9540204093243614e-11,0.2626106179107756,1.0,1.0,1.7108394915018326e-21,1.0,1.0,1.1246149019650194e-33,0.11531216202258303,1.0,1.0,1.0,1.0,1.0,1.0,1.0,2.696622283228164e-09,1.0,0.07696912037956016,1.0,1.0,5.0444786470483384e-05,1.0,1.996503129275029e-09,0.16086822770326867,1.5921296532997525e-81,1.0,1.0,0.0018604199373729294,1.0,1.0,1.0,0.02350237174585607,1.0,6.067203458942296e-05,1.0,2.063286789843326e-06,1.0,1.340094275605273e-18,3.8418346742729706e-41,1.0,1.0,1.9517125214760375e-16,2.0196403881923218e-16,1.0,2.3199275424179373e-16,0.05380726265246262,1.0,1.0,1.0,6.67572869849559e-29,1.0,1.0,0.19505063568379621,5.029782686905455e-13,1.8508050474880072e-09,1.0,1.0,1.0,1.0,8.518382026729499e-23,0.05160527065204685,1.0,1.0,1.0,6.2033758701201935e-27,4.2178412976898085e-11,1.0,1.4591335734503744e-05,1.0,2.2502076755171082e-08,1.0,1.0,5.842448872663888e-45,0.010713194359238114,2.3447893670930435e-78,6.645235580676845e-11,1.0,1.0,1.0,1.0,2.0999479635556468e-05,1.0,1.0,1.0,1.0,1.0,1.0,1.0,1.0,0.714104796392166,1.0,0.0012503936643790425,1.0,1.1102270130535411e-24,1.0,1.0,1.0,0.06215598684639814,1.0,1.0,2.335974265762512e-41,1.0,0.06572445981427315,1.0,1.0,1.0,1.0,6.264167964511362e-07,2.6231769429032857e-07,1.0,0.29453538981039323,1.0,1.0,1.0,9.832623435809784e-18,1.0,1.0,1.0,2.3257669529520836e-18,1.0,5.759227712709683e-08,3.560051898274009e-46,1.0,1.0,1.8542602891677434e-26,8.407079631539022e-13,0.09588946320526144,1.0,1.0,1.0,0.04615702575108662,1.0,5.345637148982281e-07,2.96212035352288e-35,1.9261042379060913e-18,3.0409845834047187e-16,1.0,1.2845374852900711e-12,9.525621970094414e-50,1.0,0.002298034596565179,9.150855666048275e-12,1.0,0.00016419405496811897,1.0,1.0,1.0,0.27388157089004994,1.0,1.0,0.0006649696405059937,0.22381456736120037,1.0,1.0,1.0,0.004941563732210887,1.0,9.649859705447613e-20,1.0,1.0,3.7978079187617634e-13,2.521867172556132e-06,1.0,1.1405812399252283e-23,5.982593959790107e-16,0.04931859654769971,1.0,1.8416486458105732e-19,7.576266014877665e-13,1.0,0.00019403206376400565,1.0,1.0
184,2.3312503669099846e-14,8.188033567360314e-35,3.1136966887332646e-20,0.0036608089505224288,4.18573266686017e-124,1.6415538061417903e-17,1.708406370372212e-45,4.5123026000952244e-110,4.386411410351194e-27,8.098960887061266e-119,5.341749987298191e-79,1.0,1.0,6.657087996773894e-24,7.441720801867163e-43,4.694532278594298e-11,1.1512276510993127e-23,0.6405503238886132,9.218577558451103e-29,2.1570637092588602e-19,5.074658226068839e-37,3.646327091550935e-21,9.468471948183603e-92,4.732548548512008e-47,1.0,3.908186101173596e-68,1.0,9.076048683900846e-08,9.186201080538483e-79,4.669635878974618e-17,2.045175927354838e-31,4.0403755533032315e-08,5.059935515896292e-29,1.4567701736935643e-36,1.0,2.556415732380967e-11,9.880419271635687e-50,7.337174491449079e-143,0.007362718501216105,1.0793476012749029e-10,6.287882171893776e-29,2.335544244609951e-23,1.0,9.7323205115658e-22,4.237343468693612e-05,2.1963714456987102e-05,3.025967804063482e-82,8.260433672487512e-07,1.7430737211568811e-68,1.5823795417971183e-49,1.5954657526173624e-19,2.676895241831777e-18,3.0135070632481014e-136,3.4842440763397645e-22,7.152044718873215e-10,5.837704753526344e-54,2.0111323200958567e-10,4.213929037478336e-12,6.826892642759644e-78,2.357751505038045e-79,8.966452953276814e-23,8.212936273010084e-30,3.856392443141407e-19,4.911512440181866e-50,1.7320246262490422e-28,1.0467667395776193e-06,6.006906048032002e-14,4.531145869716706e-75,1.0,1.0,3.861456676692378e-29,1.9781171142925128e-11,1.4091478204009253e-52,5.283184320482655e-32,0.18173278138388946,6.406892339680566e-87,1.115513817006848e-54,9.408068194995785e-32,1.3561255124080065e-06,2.6541221680653183e-05,7.524758307056859e-73,1.4503956890133514e-28,0.00010520254052570726,0.043946173761043365,2.3984573624760694e-32,0.00019886740191869926,8.691660018768266e-19,1.3165729801887547e-11,0.47889075396278774,1.1421123826650967e-19,1.8336890959746377e-27,1.907988731971007e-16,1.0,1.4889434645397714e-11,1.0,0.009809586701056265,1.2248837591053067e-24,1.0,3.655324567570127e-10,1.7625803347447977e-48,1.1601714011290342e-30,5.610101557050042e-161,1.556875226347612e-09,4.404096641862909e-14,3.825186711617918e-35,1.1072879201905015e-06,7.32385984004012e-07,1.2562327286911935e-07,2.706369505698484e-32,6.83097220716439e-08,1.0,6.869389978688121e-07,1.0,4.41148218650423e-16,1.989208961391396e-64,6.391834603491131e-101,3.6398955822449144e-09,2.0092400034925222e-26,1.0,1.0,1.6971930986251218e-25,1.2371146386459896e-59,1.9440594140790252e-30,1.8667808391454802e-05,3.700267313163999e-10,6.991739224009346e-21,0.18196389982822445,1.8876893098856735e-12,1.0,1.683856114631604e-28,1.708840837449164e-52,1.1432988302912889e-45,3.351196862236887e-12,1.2049278205237984e-17,7.206016460197084e-15,2.057890189678547e-14,1.0,2.1733620338749395e-29,0.00018574198091964126,3.8572609717077596e-12,2.72926348832011e-11,1.3026891162269874e-75,3.354739888084131e-48,4.753895238116186e-10,6.643593092597101e-37,4.319173434006926e-17,1.6879075513632074e-42,0.019196126901999656,0.22550584327025178,5.415597942880648e-102,5.9695218595000314e-30,6.10022332426882e-149,1.0,4.036488112711115e-20,1.0,1.0539788422825673e-17,2.8620508010796424e-05,4.505861457288811e-35,3.4813602364230106e-15,3.0951022500229498e-24,1.9208280709320124e-05,2.3067484035210953e-06,7.476080823001039e-16,0.025940677880625426,8.403930594688669e-12,0.00022233207794363803,2.287344171985266e-24,6.98691015781808e-08,1.067246692710267e-30,6.539316340291568e-17,1.5352619506598467e-68,8.072615107733273e-17,2.060714544650533e-18,5.856751516222379e-13,2.7217263435491405e-26,7.860098252243097e-18,2.4902726394443957e-09,4.314610531561207e-93,1.5467324659840592e-10,4.184350944896025e-26,3.897713117999714e-12,2.1201187771643756e-20,5.71854211429768e-07,6.264167964511362e-07,1.0,4.6710229849886485e-37,5.663705855971962e-17,5.0501821326195574e-24,2.1225425749133742e-07,0.0008443640270403521,0.0025859622994030967,3.0549214353365704e-55,5.217786739999875e-18,5.914547830992826e-17,0.0035530199538501305,1.0,0.05803357518167333,1.0,3.563096530114891e-98,0.026911971693554065,0.07442669122585831,1.0036593942174556e-68,2.4781543074820412e-46,1.0,2.5348117584459137e-10,1.0,1.0,1.0,2.8715891670469366e-15,2.0018751844012155e-35,1.1492258603230643e-81,1.4870313926931879e-55,1.0,3.303250092255002e-17,1.4597363287842356e-45,2.6059929601810485e-102,9.846288929384527e-12,8.75477954971567e-28,1.0,0.41448783931464733,1.0,2.6679225041534597e-14,0.0004013955527918969,1.3325415075689642e-11,1.018198490765207e-22,1.051976840133017e-15,3.0892817276899715e-05,2.7711727001194174e-28,1.0076217027581012e-22,1.0,1.4302362450072921e-18,1.4407732408880086e-17,4.8497705678090183e-26,1.253032442868956e-05,1.0,1.5849104084397837e-16,1.963590690950886e-18,2.9690352443936637e-44,5.958948093412627e-32,1.9349155359071407e-16,9.635028998065309e-61,2.191893674178433e-48,1.0,4.69300952804012e-18,9.647758073261484e-54,6.8449273646981664e-43,1.0,1.1873698058957896e-27,8.393858262559273e-09,1.0
185,5.843295934846832e-19,0.0006607697224929216,1.0410831161365883e-12,7.523935140989428e-36,0.0010348598981326418,3.129449109265262e-14,1.0,0.659616223260608,4.085150470660829e-07,0.009362747230332596,1.0,5.21812243286724e-91,1.9771006662395937e-46,1.7213182220295877e-08,1.0,8.583153154348478e-20,2.7898782253766462e-08,4.274509840813384e-39,4.2640820631630614e-05,5.4255381831941235e-11,0.20107330397983877,3.988358514057325e-09,1.0,1.0,2.886174205183507e-63,1.0,1.183692521339339e-40,2.9558826212465216e-22,1.0,3.627630313202323e-11,0.015880710313278125,1.518238671004476e-20,0.0026531451181533426,1.0,1.131013415939165e-51,2.7970647691636245e-16,1.0,5.550453366327688e-13,3.1612798920415123e-29,2.0248414250875612e-16,0.006795843088166333,1.043159920241747e-05,1.5957679135077302e-39,1.123861640544297e-06,3.3436213721179706e-24,1.4752370416854085e-115,1.0,6.5070916525852064e-21,1.0,1.0,1.0925422367946117e-07,1.628771557772807e-08,8.220371657707168e-12,7.974333228726778e-06,2.7091456907458167e-16,1.0,1.6946234577134526e-15,3.387595126689008e-13,1.0,1.0,6.803521871360042e-05,0.1549159914853443,5.556947828246225e-07,1.0,0.05857089672841344,3.757905410812805e-19,9.055523919639498e-11,1.0,9.128887629218712e-58,2.078524264375635e-31,0.21076014777262733,6.631562290751815e-13,1.0,1.0,1.1547223886460371e-28,1.0,1.0,1.0,4.954658219473466e-18,5.133911920776934e-20,1.0,0.42981397727214316,1.1768291857250783e-20,5.320136975767302e-94,1.0,8.960967767211027e-21,1.228724288348326e-05,3.103113686876227e-11,1.0547724001146291e-27,7.735056122757011e-05,0.6345858398623676,1.345861472178869e-06,1.4204830847123288e-49,1.257449666921018e-10,1.3405760154296875e-32,1.2814621142167213e-22,0.0790482301710861,4.005829518563249e-40,1.3689527358601864e-11,1.0,1.0,9.703178439849339e-27,7.526044553077131e-12,1.690880276361348e-07,1.0,4.553803484060567e-15,9.198874106436003e-15,1.1053863717490191e-13,1.0,3.255457584852467e-13,5.4557623787935704e-39,2.7194917131069334e-14,3.9239396898125616e-42,1.529233107790303e-05,1.0,8.06587698387813e-06,3.448484051600497e-11,1.0,5.768375962982647e-61,7.911253126735301e-61,1.0,1.0,1.0,7.614216827614254e-15,3.2494038839841993e-09,0.0691209751626937,3.583675120312284e-81,5.317170677215872e-07,4.112585072943011e-24,1.0,1.0,1.0,1.0238006115954553e-06,0.004702895620203195,9.596703049725417e-05,5.282565689267534e-05,3.2148949575467045e-70,1.0,7.439506247681464e-15,2.5331035441143245e-06,5.379923221489526e-07,0.957903400689629,1.0,8.968913964331001e-08,1.0,0.009745056320366237,1.0,2.6575534908018367e-17,2.0109422934733357e-19,3.3230745955619055e-09,1.0,2.3308098461493317e-28,1.896648518222508e-47,1.0,1.951592824558015e-21,0.15270301024282842,1.6742345137728414e-11,1.0,0.01364861826396251,1.0,9.865547213666607e-11,1.4559156980502627e-09,0.050191201938096744,2.9331826510293037e-15,0.00018858720853417302,6.920834940651124e-12,1.0,1.3575328584069234e-07,1.0,0.2948109104244531,0.987312243413862,0.31786734571731134,1.0,0.004489319296051535,1.0,1.0,1.687290509995501e-05,1.1621133737994639e-08,0.0001533405242064429,1.0,0.002778147294060989,1.0,2.6655691474763183e-07,2.6231769429032857e-07,4.6710229849886485e-37,1.0,1.0,1.0,1.6436558428381736e-06,1.4020719850039557e-10,3.421872577618111e-11,1.0,1.0,1.0,4.199327439466305e-11,9.141679821507324e-57,5.313118924781865e-13,2.390568573812592e-38,5.725345114658927e-12,2.3999837988897267e-12,5.237447362202212e-13,0.03663648437401482,1.0,3.875941611004112e-25,0.0019783580636428804,1.0153639146050423e-15,1.2182963114834568e-15,8.86684533722304e-26,1.0,1.0,2.0328147775273246e-06,1.0,1.3191659404628102e-52,1.0,1.0,2.254487838666652e-14,0.031025713107912887,1.0,1.4846934826015597e-44,2.3619952443007687e-13,1.6590754116314905e-30,1.0,1.781788656756412e-08,0.06654394861203444,1.0,1.0,7.861058491042051e-07,1.0,1.0,8.630373990851198e-16,1.0,1.0,1.0,9.799038913169782e-06,2.2503885979344707e-56,1.0,1.0,1.0,1.0,1.0,0.05188132335232748,1.0,2.3931508610684443e-23,1.0,1.0,1.0,9.275484565335805e-13,1.0,0.06253905250324455,2.1851382757619964e-17
186,0.2999318167830658,1.0,1.0,1.8018988990267745e-10,1.7060055162666437e-23,1.0,1.0,1.273524330476339e-17,1.0,1.8247001462155064e-21,7.5908032909345985e-06,2.191649283392768e-48,2.6779118645759996e-17,1.0,1.0,0.04482317428419425,1.0,5.934199341115056e-13,1.0,1.0,1.0,1.0,9.140664190593182e-12,1.0,2.031208417091411e-29,0.0016442321530425097,2.2656088826084313e-14,0.0012472694027212629,2.8356155173896784e-07,1.0,1.0,0.006333350215683685,1.0,1.0,5.373601897457435e-22,0.761831706714669,1.0,1.6275686622365926e-37,7.589884807760949e-08,0.5415317683338662,1.0,1.0,3.0839147124415513e-14,1.0,4.5588978378538394e-05,1.1609471260670774e-69,8.875302402207443e-10,0.002326138984825945,6.87240578830576e-05,1.0,1.0,1.0,3.434308650793712e-35,1.0,0.43405740207114235,1.0,0.9939548477101692,1.0,7.652963933686081e-09,2.0750501795001225e-09,1.0,1.0,1.0,1.0,1.0,0.009880349473921003,1.0,3.3795543659626514e-08,2.296754653709721e-27,8.217750551385516e-10,1.0,1.0,0.7449482916172375,1.0,3.3892292767048325e-08,3.246556952226259e-13,0.14379194420191882,1.0,0.024029123554242467,0.0021276849111948838,5.535834437075089e-08,1.0,0.0008357898876989705,6.553425843670404e-55,1.0,0.0006288869613980048,1.0,1.0,5.550726542863737e-08,1.0,1.0,1.0,1.5210081459655246e-22,1.0,3.1450663653088265e-11,3.43082481095824e-05,1.0,3.337676619541432e-16,1.0,1.0,1.0,7.897953264996513e-55,1.0,1.0,1.0,0.295789039798545,0.41231484841437904,1.0,1.0,1.0,8.061677862756273e-16,0.6123009579266644,5.559006949943457e-18,1.0,1.3275502901961827e-06,5.566246159306123e-23,1.0,1.0,1.1538174662959566e-31,1.302856419670872e-31,1.0,2.9866097621476622e-05,1.0,0.19691906455349945,1.0,1.0,2.3414671784685773e-47,1.0,9.250665836869728e-07,1.0,0.0029299941832910707,0.44876358553135137,1.0,1.0,1.0,1.0,2.2383799361949528e-39,1.0,0.11570940329636648,1.0,1.0,5.585722212156131e-13,0.03725627651349881,1.0,1.0,1.0,1.0,0.0037356704942903204,0.00022366795458156073,5.085313293409942e-27,1.0,2.678235128900178e-54,2.9895507238787676e-23,1.0,7.89821070756522e-06,1.0,1.0,1.0,1.0,1.0,1.0,1.0,1.0,0.021931807654264317,1.0,1.0,1.0,1.0,1.0,1.0,5.101253332409461e-12,1.0,1.0,1.0,1.0,1.0,1.0,4.957027617909683e-25,1.0,1.0,1.0,1.0,1.0,1.0,5.663705855971962e-17,1.0,1.0,1.0,1.0,1.0,1.0,2.3000880428701514e-07,1.0,1.0,1.0,7.356228950193309e-32,0.13386754151221736,3.3770179471089947e-18,2.3520656687236037e-29,0.297428705954214,0.12396268987642915,6.835531931707356e-14,0.0005011915895825874,3.773636109605568e-09,1.0,0.0031225027739029765,0.003337903639960871,1.301650772216644e-09,1.0,1.0,8.788483211630313e-21,4.930202866535871e-08,5.696523277982312e-29,1.0,0.0005615886946233493,1.6846455544561292e-32,1.0,1.0,4.5742409634332904e-23,0.05359016153501527,4.560340414665604e-13,1.0,1.0,1.0,1.0,1.0,1.0,1.0,1.0,0.0013602545118062948,1.0,1.0,1.0,1.0,9.123678144880961e-33,1.0,1.0,9.99367901618902e-05,1.0,1.0,1.4694394047252078e-12,7.99159369405134e-07,6.5036391126919175e-09,1.0,1.8114023205349978e-09,0.00011388160578677055,0.03371698399958482,1.0,1.0,4.318015076663038e-05
187,1.2012673405817617e-06,1.0,0.010384034539330834,8.331173661782996e-19,8.731577918534923e-14,0.0009395175468467996,1.0,3.1151914679015735e-09,1.0,3.1354316011167805e-12,1.0,4.452733240514349e-63,4.491809316488949e-27,1.0,1.0,1.3815705810628925e-07,1.0,1.1867013067023354e-21,1.0,0.06334270027896374,1.0,0.7216192774705454,5.086105020268077e-05,1.0,5.047467856757405e-41,1.0,3.4862744781910807e-23,1.4768142122882257e-09,0.07964862920918729,0.03188976671608362,1.0,1.6548319546728655e-08,1.0,1.0,4.0257971012905385e-32,1.3448648372535283e-05,1.0,5.677265670250444e-26,6.998488748539472e-15,9.167199938851993e-06,1.0,1.0,9.367595543229655e-23,1.0,2.891596084533447e-11,1.053314723111755e-85,0.0008994648987843831,5.7220030951698e-09,1.0,1.0,1.0,0.8610396550415716,3.4764539767996715e-24,1.0,8.162469082245871e-06,1.0,2.7152588561917123e-05,0.0008137404596711247,0.003519460395419062,0.00134962394389793,1.0,1.0,1.0,1.0,1.0,5.708455133136789e-08,0.025316538321942195,0.00918114626884253,7.063996413098605e-38,4.964761898887827e-17,1.0,0.0009665374952793732,1.0,1.0,5.391385502582369e-15,1.4607859409446978e-06,1.0,1.0,2.4068133865650987e-07,9.364093825363404e-09,0.010970765408114773,1.0,2.9162050783183602e-09,1.195787473328471e-68,1.0,2.1483547171456006e-09,1.0,0.008011646978602861,1.4912555858819388e-14,1.0,1.0,1.0,6.78656822836186e-32,0.01664948729173899,1.864962259744599e-18,6.39489997897699e-11,1.0,2.116670088187157e-24,0.003464164934141396,1.0,1.0,5.580705456514359e-42,0.0020802482007781092,1.0,1.0,1.2479875760334995e-05,1.9962395988510072e-05,0.00010785095456315516,1.0,0.00021664851350000934,8.883347298626333e-24,3.734240400758318e-05,2.5919649866176873e-26,1.0,0.06582092774074334,7.548083529639074e-15,0.0042823640805431445,1.0,6.023832948615193e-42,7.243834220136213e-42,1.0,0.5501390910243924,1.0,1.0213217385705438e-05,0.06556858438038353,1.0,2.4574695583288083e-59,1.0,1.4278186913764033e-12,1.0,1.0,1.0,1.0,1.0,1.0,1.0,2.7264449237991813e-50,1.0,6.543348348836761e-06,1.0,1.0,5.189290174297379e-07,1.0,0.3701879283076949,1.0,1.0,1.0,8.457382869441624e-08,2.279526160623417e-09,9.626124315006084e-19,1.0,1.4693128131218445e-42,9.467676701486025e-32,1.0,4.473143599816379e-11,1.0,0.000784217478792041,1.0,1.0,1.0,0.002291186918262551,0.014230441354962231,1.0,1.3142505817933578e-06,1.0,0.0003336610953607968,1.0,0.2670201740782319,1.0,1.0,1.4852312146535756e-06,1.0,1.0,1.0,1.0,1.0,1.0,1.8396594209778347e-17,1.0,1.0,1.0,1.0,0.3003833911743551,0.29453538981039323,5.0501821326195574e-24,1.0,1.0,1.0,0.899788259988162,0.0014992258751886363,0.00053993922618467,0.0047213129738044295,1.0,1.0,0.0005731838306598651,9.253855953873982e-41,2.4353258475430846e-05,2.6596240370781385e-25,2.087756547525753e-21,7.077542828188486e-05,2.281177668965856e-05,2.53784396158534e-08,1.0,1.1339727250162639e-14,1.0,2.094708561853321e-07,2.3261559875426086e-07,3.3071905553872584e-15,1.0,1.0,4.023468647463886e-14,0.0012075949439379406,2.056240715573076e-37,1.0,1.0,2.9092768780936782e-24,1.0,1.0,1.044361645269478e-30,9.347615938654005e-06,3.5500856804473873e-19,1.0,0.02729634786468038,1.0,1.0,1.0,0.3300988747417014,1.0,1.0,1.0534740357316e-07,1.0,1.0,1.0,1.0,2.9116119192179904e-41,1.0,1.0,0.2780428815622689,1.0,1.0,1.3703783114941778e-07,0.0059253243354307605,6.005241000556853e-14,1.0,4.2555561720159964e-05,0.2640073119974044,9.694059294905858e-06,1.0,1.0,2.5987094078428967e-09
188,1.0,1.0,1.0,0.959754017373305,7.707785155715571e-43,1.0,0.002715258314780752,5.702099558975486e-35,1.0,4.572963731451821e-40,2.7925366892856572e-18,6.929343372864554e-27,6.685453032948685e-05,1.0,0.011224372726504846,1.0,1.0,0.023315721250935548,1.0,1.0,0.6870537151137378,1.0,2.2254391242482348e-26,0.00010261671950308247,1.9797900601763764e-13,3.366724761797282e-14,0.0021469708723534093,1.0,8.005636282333688e-20,1.0,1.0,1.0,1.0,0.24817555354699009,1.579850087637205e-08,1.0,1.4241833056700992e-06,5.4427906051769575e-59,1.0,1.0,1.0,1.0,0.0014863367598924552,1.0,1.0,5.635740063601531e-45,5.771216127799822e-23,1.0,8.144420247951328e-16,8.04812568365386e-07,1.0,1.0,8.869972453442111e-56,1.0,1.0,5.276704527350125e-09,1.0,1.0,2.2710443581955346e-21,3.6083951764240657e-22,1.0,1.0,1.0,1.3620486316940336e-07,1.0,1.0,1.0,2.7063597362470306e-20,7.716261418509255e-13,0.3906720980938152,1.0,1.0,4.650209613155797e-09,1.0,1.0,3.802867169042001e-27,3.42881728514336e-10,1.0,1.0,1.0,9.387836779706685e-20,1.0,1.0,3.0730590114806506e-34,0.4920695192205383,1.0,1.0,1.0,1.0,1.0,1.0,1.0,7.687178897837375e-10,1.0,0.029012930905483604,1.0,1.0,1.6346380348441116e-05,1.0,2.3937091111121277e-08,0.6390127357975691,1.4407486113651043e-77,1.0,1.0,0.009838996089337559,1.0,1.0,1.0,0.10457800592769247,1.0,1.999461571384466e-05,1.0,6.462970701623673e-07,1.0,4.1768601514790646e-17,1.0000036512626852e-38,1.0,1.0,5.121391936516214e-17,5.3041033194292137e-17,1.0,5.3893893501456725e-15,0.21824646756494587,1.0,1.0,1.0,1.7104663192047202e-29,1.0,1.0,0.7117620504749849,7.625408403982045e-12,1.8855789896350027e-08,1.0,1.0,1.0,1.0,2.17807027556029e-23,0.20112927659089092,1.0,1.0,1.0,3.437166459660353e-25,4.970628119647163e-10,1.0,8.940470682568415e-05,1.0,1.9088185635501875e-07,1.0,1.0,1.2747613203668722e-42,0.04403913383815219,5.759911159933349e-75,1.9488712474864452e-11,1.0,1.0,1.0,1.0,0.00011717206270648247,1.0,1.0,1.0,1.0,1.0,1.0,1.0,1.0,1.0,1.0,0.005471290651791591,1.0,3.773403280956718e-23,1.0,1.0,1.0,0.21342909208625976,1.0,1.0,2.6633453228885113e-39,1.0,0.22378233340375772,1.0,1.0,1.0,1.0,2.1225425749133742e-07,1.6436558428381736e-06,1.0,0.899788259988162,1.0,1.0,1.0,1.5941589103651342e-16,1.0,1.0,1.0,6.373915144750409e-19,1.0,1.914773328192323e-08,4.671105900286928e-44,1.0,1.0,5.820947033281306e-25,8.546471418060309e-12,0.041370890453070776,1.0,1.0,1.0,0.01959145043798502,1.0,3.0656752063813874e-06,1.712896679117113e-33,3.108569291335698e-17,8.613885388743984e-17,1.0,1.2471310007416285e-11,1.432704518318076e-47,1.0,0.008760653845302944,2.8085310459048773e-12,1.0,6.268121449735199e-05,1.0,1.0,1.0,0.7965200921777041,1.0,1.0,0.0026161049250812414,0.653066612889815,1.0,1.0,1.0,0.01730691352610945,1.0,2.681776822975498e-20,1.0,1.0,3.330832283209639e-12,1.202034971731834e-05,1.0,2.1452222019243577e-22,6.318784582343241e-15,0.02203797009612935,1.0,2.4761960349816647e-18,6.125310956091569e-12,1.0,0.0007433439348570068,1.0,1.0
189,1.0,0.004345577042776096,1.0,1.0,2.774878789597949e-54,1.0,4.270341217391473e-08,2.0431256921082188e-45,1.0,3.9970920958076784e-51,2.6342526908729505e-26,1.6962847453467263e-18,0.7417645830579467,1.0,3.271631260906583e-07,1.0,1.0,1.0,0.2685405923008609,1.0,8.952651012753347e-05,1.0,2.283925490245374e-35,9.820886989589325e-10,1.4991125492872895e-07,3.0116899733729564e-21,1.0,1.0,9.139433250629554e-28,1.0,0.007526496672979319,1.0,0.057046199840533635,3.148526234785726e-05,0.0008965939574296874,1.0,6.871409440900189e-12,2.9988975859253056e-71,1.0,1.0,0.041850453475173646,1.0,1.0,1.0,1.0,8.660526980045453e-35,4.017504216084039e-31,1.0,7.513826474779116e-23,4.0253192516347985e-12,1.0,1.0,1.4934030371608864e-67,1.0,1.0,9.816007055630462e-15,1.0,1.0,3.8110299524363356e-29,4.655965382090079e-30,1.0,0.006678152425975219,1.0,6.025371216455308e-13,0.02195913293585529,1.0,1.0,8.012105714525165e-28,2.0468002490097056e-07,1.0,0.00848890707651015,1.0,1.1827723047879272e-14,0.0004189180056878059,1.0,1.4639213137679467e-35,5.601844637135538e-16,0.0003878575636087247,1.0,1.0,4.516218925467554e-27,0.008392612084122404,1.0,8.648216840627e-26,0.0001484316505885543,1.0,1.0,1.0,1.0,1.0,0.013148765647719059,1.0,3.632886478174693e-05,1.0,1.0,1.0,0.16564880980954294,0.08713874905967563,1.0,1.520598155686487e-13,0.00027309234766675254,3.466934691133222e-90,1.0,1.0,1.3244489031391601e-06,1.0,1.0,1.0,2.844530566269905e-05,1.0,0.08791369685210035,1.0,0.006025198637223424,1.0,1.1896410725396368e-23,7.532978928331105e-48,1.0,0.009999283764532489,2.7467142117798744e-11,2.7640240502421708e-11,0.019873994333369824,3.957161851894753e-21,9.027302597563237e-05,1.0,1.0,1.0,3.627885416935195e-22,1.0,1.0,0.000469358136556202,2.3486434996909377e-17,2.3174274297348294e-13,1.0,1.0,1.0,1.0,6.320602152727869e-17,0.00010245085862753541,1.0,1.0,1.0,1.8473739101002691e-32,3.714848134102156e-15,1.0,7.473292649076062e-09,1.0,4.69931675339316e-12,1.0,1.0,1.6319697486228536e-51,1.8663597890307536e-05,2.364140479903002e-86,6.681891907122488e-07,0.5788637306749671,1.0,1.0,1.0,1.482556571584396e-08,1.0,0.005240567804077658,1.0,1.0,1.0,1.0,1.0,1.0,0.00353292005179428,1.0,1.878362255361953e-06,1.0,9.434335193468334e-30,1.0,1.0,1.0,0.00020788756069268873,1.0,1.0,2.032018600849366e-47,1.0,0.00022718273623075887,1.0,0.10641644160548153,1.0,1.0,0.0008443640270403521,1.4020719850039557e-10,1.0,0.0014992258751886363,1.0,1.0,1.0,4.498423596746105e-22,0.866805875604455,1.0,1.0,1.1752789561270954e-13,1.0,0.00010174718610900315,2.50828421462433e-52,1.0,1.0,1.9645677657637922e-31,1.2337093466716918e-16,1.0,1.0,1.0,1.0,1.0,1.0,3.809530579040619e-10,9.263528260132953e-41,9.088819559698006e-23,7.270413779380229e-12,1.0,2.1493002177980144e-16,5.4069916605803265e-56,1.0,5.797219321810324e-06,5.185459401324707e-08,1.0,0.06258336720995444,1.0,1.0,1.0,0.0017408058635880286,1.0,1.0,1.548735886388564e-06,0.0014167563950050993,1.0,0.1340685618941713,0.3652499364672951,1.7046400828078572e-05,1.0,3.836837211125123e-15,0.9331076007050232,0.09800634453863248,8.800344767932993e-17,3.339471075230026e-09,0.7184169254831073,4.031047769764421e-28,8.634336868993604e-20,1.0,0.08116936287350172,1.4596073634873205e-23,2.233633365119337e-16,1.0,5.208799185559148e-07,1.0,1.0
190,1.0,0.0011293714734900537,1.0,1.0,9.696751599149363e-56,1.0,7.68587997706347e-09,8.87025870034546e-47,0.784939529946688,1.5183681504224629e-52,2.0205986849898066e-27,2.827342677645315e-17,1.0,1.0,6.391198138655057e-08,1.0,1.0,1.0,0.08658986522615236,1.0,2.1196047644346593e-05,1.0,1.3995511389661047e-36,1.6852739339525086e-10,9.557933349997938e-07,2.9924056462165297e-22,1.0,1.0,7.248928781785023e-29,1.0,0.0021608410388884963,1.0,0.017884717678355404,7.519284542584751e-06,0.0037936785254121027,1.0,1.096469112803557e-12,9.013479407939562e-73,1.0,1.0,0.013110014073613525,1.0,1.0,1.0,1.0,3.145753457343987e-33,3.0483472098817845e-32,1.0,7.586612626899482e-24,6.47868187888847e-13,1.0,1.0,4.976497114937626e-69,1.0,1.0,1.4067181744616705e-15,1.0,1.0,3.1985334493589244e-30,3.797152176485747e-31,1.0,0.0020062032913385685,1.0,9.61909218876729e-14,0.006922655656964952,1.0,1.0,7.181281212457441e-29,1.137943400054434e-06,1.0,0.0026057911893035937,1.0,1.7729128100547185e-15,0.00011601390397939427,1.0,1.0529155141684573e-36,7.977351059215666e-17,0.00010820851933793644,1.0,1.0,4.293082552959495e-28,0.002620490599849902,1.0,1.5855929206684416e-24,4.053035517897698e-05,1.0,1.0,1.0,1.0,1.0,0.004256412822217709,1.0,0.0001553982110073308,1.0,1.0,1.0,0.05951943224614725,0.26416140293075596,1.0,2.579286476309931e-14,7.875308698631149e-05,9.883068861916279e-92,1.0,1.0,3.2970292590904276e-07,1.0,1.0,1.0,7.761750586870983e-06,1.0,0.26063526146323707,1.0,0.020118928935208075,1.0,1.4043376255774187e-24,4.64033976903391e-49,1.0,0.0033367462693110785,1.7774475209024892e-10,1.7816011763931176e-10,0.006849971438717232,5.236118866453145e-22,2.6185342361699667e-05,1.0,1.0,0.5602796427505525,4.397626135031596e-21,1.0,1.0,0.0001452637344808217,3.705216884998937e-18,4.329001362760679e-14,1.0,1.0,1.0,1.0,5.494009326538489e-16,3.0770393993366556e-05,1.0,1.0,1.0,1.8239941941173498e-33,6.549742616254874e-16,1.0,1.783518402377148e-09,1.0,9.62277300225118e-13,1.0,1.0,1.077692692828147e-52,5.512183002931082e-06,8.837835887395529e-88,2.8273464414819493e-06,0.24092453802408645,1.0,1.0,1.0,3.7644903369871766e-09,1.0,0.0018733739787520722,1.0,1.0,1.0,1.0,1.0,1.0,0.0012569334173807335,1.0,5.445716718585463e-07,1.0,1.1250955077728488e-30,1.0,0.673721574998607,1.0,6.938183258741647e-05,0.8679957716833276,1.0,1.6421304331533928e-48,1.0,7.63068878825845e-05,1.0,0.04350598296887612,1.0,1.0,0.0025859622994030967,3.421872577618111e-11,1.0,0.00053993922618467,1.0,1.0,1.0,7.204770902511601e-23,0.3867260743214676,1.0,1.0,6.721650237621179e-13,1.0,0.0003279753312177915,1.9621889173276658e-53,1.0,1.0,2.4504912031966728e-32,2.4184922896324487e-17,1.0,1.0,1.0,1.0,1.0,1.0,9.813058095914906e-11,9.376356190026986e-42,1.4674196808195373e-23,3.672307038088023e-11,0.5617757501506981,4.316559453733514e-17,4.0824935034762607e-57,1.0,1.8593753157424397e-06,2.0509556172295622e-07,1.0,0.15632750910247944,1.0,1.0,1.0,0.0006564958811708056,1.0,1.0,4.914736467276293e-07,0.0005344990862107081,1.0,0.058333986699816646,0.16478076297726857,5.8010721611652125e-06,1.0,2.1408932995382762e-14,0.4372768671851963,0.04283702683429991,1.8843644144477888e-17,9.66386456475731e-10,0.3373814598233276,6.249267920131823e-29,1.7069457852565096e-20,1.0,0.03595701337273612,2.6044072690385936e-24,5.0008588737952805e-17,1.0,1.7080396025944898e-07,1.0,1.0
191,4.578600553342826e-39,5.787044097942494e-17,3.0765870007195622e-30,1.0239526015217385e-60,1.0,3.7367577799506177e-32,1.7122002382535473e-09,1.0,8.513246266389234e-22,1.0,1.0,3.615255540252735e-126,1.8057906174661178e-73,1.0968252661934075e-23,9.926143926701244e-10,2.1750860764115106e-39,2.878426197622259e-23,4.2423895020015046e-64,2.444633018908635e-18,4.05439988464892e-27,3.2527234762418096e-12,2.910691853774881e-24,1.0,2.0841388264808734e-06,8.001782233449266e-93,1.0,1.7934850279641147e-65,3.998196491192468e-42,1.0,6.987388928337717e-27,9.536393231718472e-14,1.4363143241319392e-39,6.124313116275873e-15,4.847249800480866e-10,2.0689975998469894e-78,7.974337340053213e-34,0.001131458622586623,0.09841145397722119,1.3177314897781074e-50,7.373686520283692e-34,3.9965324097331086e-14,1.4611310197659106e-18,2.2877677835118635e-63,5.0435216666722977e-20,4.767818728823453e-44,7.135620607229362e-152,1.0,1.1907795252568763e-39,1.0,0.0041650069600751675,2.1437166750966776e-21,1.3636085862100406e-22,0.32588855676362494,1.4554352117981029e-18,2.1469856491157212e-33,0.22231789066151605,2.791641855751175e-32,5.190045579725714e-29,1.0,1.0,5.887089973987486e-17,1.5930471387213372e-11,4.591011686165443e-20,0.05468335695058573,3.3581125903053297e-12,7.666669762696632e-37,1.8837243049148656e-25,1.0,1.936232577072319e-84,1.8235455506044422e-52,3.685015210105985e-11,2.4364431080569475e-28,0.8604756723293281,3.089037167037952e-09,5.988501579877608e-49,1.0,1.0,7.60824483119578e-09,4.970800715741343e-35,1.2286828849821192e-37,1.0,1.9066427922440028e-10,2.2239370323032025e-38,8.909904331818896e-126,5.229327526737344e-08,1.9273442763229043e-38,1.3863564694812826e-17,1.2831132222216238e-25,3.0647904619139393e-47,2.6871088579860425e-16,5.974268176411683e-10,7.894604531278926e-19,1.0089147144730888e-73,1.3754596136028996e-24,4.455690301751932e-53,1.7569089505142699e-40,2.172095113997314e-11,3.1872771394833257e-62,8.372969658701487e-26,1.0,3.5260577931314185e-07,1.9720090214994676e-11,4.7654010389170965e-26,6.888032265133706e-20,0.00014331669925130952,2.4046288908138262e-30,6.410679969868562e-30,1.9262788564624703e-28,1.0621970078652624e-05,9.079104353526765e-28,2.0876560470967722e-60,3.578281646416532e-29,3.6138222598923434e-64,7.074228981129714e-17,1.0,1.0,7.55525392110744e-25,3.001599355539236e-08,3.602219847670324e-86,5.817507321126689e-86,2.3121017840572052e-08,1.0,1.8878190021477128e-05,1.5476109928106466e-29,7.68448070385725e-22,6.148103174049856e-11,4.666242668976254e-109,1.2027182927092793e-18,2.1154217917773333e-41,8.801821343602249e-06,1.0,1.0,4.283981757228842e-18,1.25061322962988e-12,3.3614620876906634e-15,1.4308933766018462e-15,3.997841052515889e-96,0.00012107920899113887,3.653798591132767e-29,2.13577456319346e-17,2.3301015867365666e-18,1.0,1.0,2.238031396436573e-19,0.44258980887643246,6.135143861230029e-12,1.0,4.0214083614983957e-32,7.531839441972477e-35,0.7283407025862978,0.003594455594133813,1.0516800521901029e-13,7.901855756255092e-69,4.667904111162465e-08,4.722326419788674e-37,9.143050853949686e-10,4.211742826894438e-24,1.0,2.5217129395084274e-11,6.928963395266855e-05,6.501764396143806e-23,2.6263087874884504e-21,2.2155846598240878e-10,7.161418022044161e-29,4.952182304812601e-14,2.147525148942852e-24,0.00017989162981555597,1.739700374986879e-18,0.1665051975634792,4.3890347070300574e-09,1.0,5.254657007581028e-09,8.636117374677832e-08,8.546149812307242e-12,0.009374776212985115,1.679539853654821e-07,2.6909763016062104e-15,0.7031544869720637,6.558639497413565e-14,0.010749446284334966,5.221627905790173e-12,2.4132142208156938e-05,9.837749691483222e-18,9.832623435809784e-18,3.0549214353365704e-55,1.0,2.3000880428701514e-07,0.0047213129738044295,1.5941589103651342e-16,4.498423596746105e-22,7.204770902511601e-23,1.0,3.666585709095499e-06,1.032646243601294e-06,1.1348958966444085e-22,5.466973268194678e-78,3.656193553846102e-25,1.926701922356029e-56,0.0038347306497549007,2.7942335059960002e-24,4.0111362124500333e-25,1.0,1.0,2.155619900448828e-40,6.8072165640128735e-12,1.4239929344014785e-28,1.9118603276790759e-28,3.9181909302074365e-41,2.3396445069107098e-07,1.0,1.0,1.0,6.578392006611194e-73,8.259123163428632e-06,1.0,7.515544245277348e-05,5.108689617009905e-10,1.0,2.1326988668499202e-63,2.6402563539358047e-25,1.3446648953699902e-46,2.509574236398692e-07,8.883711099128377e-19,2.20975707607862e-09,0.04433527948928819,6.554787673270713e-06,1.9720577013371466e-16,1.0,0.07406787349130675,3.397088587384718e-28,0.0010588574012516505,0.0003789547888128165,1.0,1.0286036599496814e-14,2.3081362010228154e-76,0.00016871213035802486,0.004166868416201441,1.0,1.0,0.0005801779276926206,1.0,1.0,5.27374461586623e-37,0.018017418387635334,1.0,1.0,1.0717130879038228e-23,1.0,7.097482182144134e-09,1.662553381450963e-29
192,0.04678156832210648,1.0,1.0,1.3848734713699711e-11,2.3602304223083918e-20,1.0,1.0,5.677363456357379e-15,1.0,1.6626741179754124e-18,0.0002774174329345117,1.4630328932050232e-49,1.676492352510495e-18,1.0,1.0,0.006646512903502311,1.0,4.268456041921353e-14,1.0,1.0,1.0,1.0,1.051873414788077e-09,1.0,1.1332681107593477e-30,0.029967948272102505,1.5944597445946668e-15,0.00016256448618065313,1.2189176690609534e-05,1.0,1.0,0.0009050058363165358,1.0,1.0,3.2321238457559844e-23,0.14043518861137821,1.0,1.0889208504273794e-33,7.419713495224354e-09,0.09889708594875696,1.0,1.0,2.258654192655555e-15,1.0,5.464625417136451e-06,1.0042783912817222e-70,5.601837130779086e-08,0.0003274116291741829,0.0015277345157639003,1.0,1.0,1.0,1.3758190128851613e-31,1.0,0.07993882173013757,1.0,0.1929006781454195,1.0,3.685129120236622e-07,1.1165111320539915e-07,1.0,1.0,1.0,1.0,1.0,0.0015376368991077238,1.0,1.3639613372248924e-06,1.336894544620031e-28,7.625981705554283e-11,1.0,1.0,1.0,1.0,3.4560060948945754e-09,3.243629035514338e-11,1.0,1.0,0.003998655635939538,0.00031754280896889245,1.9956328719178025e-06,1.0,0.00012087764872506709,4.014855222346786e-56,1.0,9.05612613954246e-05,1.0,1.0,5.937535544564186e-09,1.0,1.0,1.0,9.804680178624654e-24,1.0,2.884193794206614e-12,4.555504946378772e-06,1.0,2.5373642583253555e-17,1.0,1.0,1.0,1.665894128782236e-50,1.0,1.0,1.0,0.059347627904121576,0.08438037635036422,0.3009375081191508,1.0,0.5009779091077378,6.368158920879772e-17,0.1293310210703509,4.1172785699039616e-19,1.0,3.0021122634686876e-05,1.697971240283237e-20,1.0,1.0,6.789350530645211e-33,7.680414561846921e-33,1.0,0.0004971309770980017,1.0,0.04028308395825124,1.0,1.0,1.3113226714819921e-48,1.0,1.1823045172328864e-07,1.0,0.030935317073555475,1.0,1.0,1.0,1.0,1.0,1.2709312619413682e-40,1.0,0.023780437475231328,1.0,1.0,3.05584798390473e-11,0.30142872877322374,1.0,1.0,1.0,1.0,0.0006698185640568273,3.594773117671764e-05,1.6620201474507794e-24,1.0,1.8205504213675952e-50,2.1317833814715668e-24,1.0,1.1681399069753637e-06,1.0,0.7439871859809268,1.0,1.0,1.0,1.0,1.0,1.0,0.0044709995142509455,1.0,0.3486950211744306,1.0,1.0,1.0,1.0,1.8601294762921038e-10,1.0,1.0,1.0,1.0,1.0,1.0,8.826681965610933e-23,1.0,1.0,1.0,1.0,1.0,1.0,5.217786739999875e-18,1.0,1.0,1.0,1.0,0.866805875604455,0.3867260743214676,3.666585709095499e-06,1.0,1.0,0.39088287305287,4.913475062689345e-33,0.03178658186824432,3.066087088609081e-19,5.5669134097981044e-27,0.07360958230832026,0.029457837546051885,2.617465132480937e-12,0.004521595570078311,5.058130588847498e-10,1.0,0.0006362265743640208,0.0006836095042144999,1.7083987662110506e-10,1.0,1.0,7.535271921295042e-19,8.205466424276675e-07,4.050852404416941e-30,1.0,0.004900317873669345,4.996420093522216e-30,1.0,1.0,3.719839349832113e-24,0.012561084931715896,5.200161678385036e-14,1.0,1.0,1.0,1.0,1.0,1.0,1.0,1.0,0.0002806774581256873,1.0,1.0,1.0,1.0,6.407290201232916e-34,1.0,1.0,0.0008658290674150839,1.0,1.0,3.538657262602647e-11,9.094209437837375e-06,9.883481994124197e-10,1.0,2.8744934789742566e-08,0.0009292836588258293,0.008403404686520663,1.0,1.0,8.481784956181332e-06
193,0.22865103822435712,1.0,1.0,2.2454220709967523e-10,2.275161138097431e-21,1.0,1.0,6.752468417325294e-16,1.0,1.7243360455251064e-19,6.0945595851339535e-05,5.61803762855976e-47,5.2364819176754475e-17,1.0,1.0,0.0347415155654414,1.0,8.293945721555649e-13,1.0,1.0,1.0,1.0,1.6892936749979585e-10,1.0,8.777664179910669e-29,0.008175982281363467,3.316507982655255e-14,0.001013398124679517,2.546163925895206e-06,1.0,1.0,0.004980784032218059,1.0,1.0,1.2449763189928354e-21,0.5656203235571312,1.0,8.205611586869488e-35,7.331453402341707e-08,0.4027811236085117,1.0,1.0,4.214397808353278e-14,1.0,3.8594343795820687e-05,9.160486859901122e-68,1.0483884195072036e-08,0.0018414662430653855,0.00038954023876439905,1.0,1.0,1.0,1.113092617869396e-32,1.0,0.322739640119812,1.0,0.7342983961036458,1.0,7.426735449006348e-08,2.18083040046072e-08,1.0,1.0,1.0,1.0,1.0,0.0076039420373979665,1.0,2.8903741078776687e-07,6.435922109099478e-27,8.34711401560417e-10,1.0,1.0,1.0,1.0,3.183678871087067e-08,5.367738399985095e-12,0.4535197616475318,1.0,0.018224951734752148,0.0016585066433922034,4.3678888033290946e-07,1.0,0.0006580322626892372,1.0385917327980819e-53,1.0,0.0004959928098067219,1.0,1.0,5.0529325098273924e-08,1.0,1.0,1.0,2.810233110652437e-22,1.0,3.246037722588997e-11,2.790352016283423e-05,1.0,4.344418102744706e-16,1.0,1.0,1.0,1.081650073592572e-51,1.0,1.0,1.0,0.21857420498407434,0.3041529596388306,1.0,1.0,1.0,9.936140241814736e-16,0.4507209063123082,7.577657085865479e-18,1.0,7.571765423851057e-06,2.1571797311402867e-21,1.0,1.0,3.1038336570041594e-31,3.469892615766938e-31,1.0,0.00013869832149790892,1.0,0.14544694028875463,1.0,1.0,1.4141593267080545e-46,1.0,7.675716032121546e-07,1.0,0.010134837496500225,1.0,1.0,1.0,1.0,1.0,8.079899491509107e-39,1.0,0.08551203278844383,1.0,1.0,5.896892564224606e-12,0.10917268959858097,1.0,1.0,1.0,1.0,0.002810050751126554,0.0001720570198441567,2.072840020373723e-25,1.0,1.353541926213006e-51,4.417919780266996e-23,1.0,6.224084708580146e-06,1.0,1.0,1.0,1.0,1.0,1.0,1.0,1.0,0.016251998696502283,1.0,1.0,1.0,1.0,1.0,1.0,4.0242534888706103e-11,1.0,1.0,1.0,1.0,1.0,1.0,1.2560907444082125e-23,1.0,1.0,1.0,1.0,1.0,1.0,5.914547830992826e-17,1.0,1.0,1.0,1.0,1.0,1.0,1.032646243601294e-06,1.0,1.0,1.0,1.2726554345388388e-31,0.09855728866829433,3.5833793504933114e-18,7.4151175897637135e-28,0.21892321039607401,0.091272484112481,5.569376106969932e-13,0.0015646464347200057,3.0930256943873387e-09,1.0,0.0023187671300258696,0.0024776804107624756,1.076461653092359e-09,1.0,1.0,1.2811524029889976e-19,2.2755730787444008e-07,8.566457469003922e-29,1.0,0.0017169330399625922,6.330434790737495e-31,1.0,1.0,5.526707176764641e-23,0.039489378470648456,4.055262722165488e-13,1.0,1.0,1.0,1.0,1.0,1.0,1.0,1.0,0.001009996216068064,1.0,1.0,1.0,1.0,1.4149609952980412e-32,1.0,1.0,0.0003037212565034308,1.0,1.0,8.663668452161716e-12,2.878589624647814e-06,5.119559921675565e-09,1.0,8.082710713475957e-09,0.00033343512500280616,0.0248680782094495,1.0,1.0,3.227598142047819e-05
194,1.0,0.00134267931287756,1.0,1.0,1.2010312193998703e-54,1.0,1.1136843168549454e-08,7.019509407273923e-46,0.8376276727486968,1.5706323138939248e-51,6.521064172392381e-27,1.0887347988263777e-16,1.0,1.0,8.804718855906455e-08,1.0,1.0,1.0,0.09481088828775278,1.0,2.6322163440256666e-05,1.0,6.177997977078184e-36,2.521192900913791e-10,1.8978840214463752e-06,7.150455371080583e-22,1.0,1.0,2.245961713509316e-28,1.0,0.0024674648349816714,1.0,0.019777232965238502,9.302176634869498e-06,0.006005917823472674,1.0,1.726251373948345e-12,1.6038321780786687e-71,1.0,1.0,0.01450302599462691,1.0,1.0,1.0,1.0,2.3667668688912213e-32,1.0003248453445002e-31,1.0,1.7843868600139368e-23,1.013917635693362e-12,1.0,1.0,6.921050570435209e-68,1.0,1.0,2.4025099130585112e-15,1.0,1.0,9.261816011211193e-30,1.1385055878805506e-30,1.0,0.0022531880927659734,1.0,1.5146703816210968e-13,0.007643904305423964,1.0,1.0,1.9257650870567395e-28,2.096735985618177e-06,1.0,0.002904307823276061,1.0,2.925430081540066e-15,0.0001344628160921152,1.0,3.7124889681854244e-36,1.3699402523301415e-16,0.0001250530033486266,1.0,1.0,1.0783328520854681e-27,0.0029037746927361822,1.0,6.694421508212721e-24,4.7255272541758897e-05,1.0,1.0,1.0,1.0,1.0,0.0046603021440345775,1.0,0.00024878216359634976,1.0,1.0,1.0,0.06313853975772982,0.3589233457023292,1.0,3.8954840949607774e-14,8.986710827194744e-05,2.030125627475773e-90,1.0,1.0,4.0040018817952255e-07,1.0,1.0,1.0,9.055731040510096e-06,1.0,0.35105026561054,1.0,0.028575746638382065,1.0,2.8370853072277624e-24,2.0450393509724568e-48,1.0,0.003619142534910379,3.603986441632219e-10,3.604223273248348e-10,0.007356960400830564,9.56181065362718e-22,2.9822773088606952e-05,1.0,1.0,0.5753657003533083,1.3618437683700037e-20,1.0,1.0,0.00016157891615985407,5.893550918228635e-18,6.143175095336642e-14,1.0,1.0,1.0,1.0,1.348735102251481e-15,3.459974798443227e-05,1.0,1.0,1.0,4.4073512689023034e-33,9.646643797504012e-16,1.0,2.2108892440221417e-09,1.0,1.2930368799761606e-12,1.0,1.0,4.297894426540146e-52,6.238064133068013e-06,9.627148463332454e-87,4.526769078864926e-06,0.24674358864667803,1.0,1.0,1.0,4.5345280248769844e-09,1.0,0.0019921833011319343,1.0,1.0,1.0,1.0,1.0,1.0,0.0013385253595257676,1.0,6.20786973425432e-07,1.0,2.2555279830211158e-30,1.0,0.6818703466292035,1.0,7.53199935528701e-05,0.8754083912120889,1.0,5.007161566592965e-48,1.0,8.26751098570118e-05,1.0,0.044747599685441515,1.0,1.0,0.0035530199538501305,4.199327439466305e-11,1.0,0.0005731838306598651,1.0,1.0,1.0,1.1348958966444085e-22,0.39088287305287,1.0,1.0,1.2767609754141427e-12,1.0,0.0004614202707454671,6.236866885557508e-53,1.0,1.0,4.719662771470264e-32,3.336219678583735e-17,1.0,1.0,1.0,1.0,1.0,1.0,1.175081279670868e-10,2.211425683856944e-41,2.298602065462187e-23,6.498900185282971e-11,0.565118609741518,5.870795254843903e-17,1.3587665142747363e-56,1.0,2.045326404370348e-06,3.186311220089033e-07,1.0,0.1975365954484312,1.0,1.0,1.0,0.0006885991098494075,1.0,1.0,5.426246251843714e-07,0.0005606044843158281,1.0,0.05926002564417462,0.16628467777512787,6.26319071023491e-06,1.0,4.019252560517152e-14,0.4384678825190158,0.04348458532916911,2.4729774950586354e-17,1.1032782052563572e-09,0.338221287313851,1.0089067041535661e-28,2.3442751844643988e-20,1.0,0.036414573239037615,3.8124398829660504e-24,6.409870086107686e-17,1.0,1.8661106766829762e-07,1.0,1.0
195,2.3123431936141693e-34,3.0743466935954616e-61,2.7570499989600347e-42,4.675125916055488e-17,4.512257251238014e-165,2.4967276452887975e-38,3.76532226136969e-74,3.3440270310328906e-149,4.948649186087611e-51,5.445770000609592e-159,9.854518115770393e-114,1.0,1.1128354098092557e-09,1.2237989410069179e-46,1.6103626255877702e-70,6.981336847035283e-29,3.4859842533686886e-46,1.1062794452960901e-12,1.0576659905687537e-52,2.273020728722714e-40,4.8546421017159454e-63,1.492289644903914e-42,1.9150982361119024e-127,4.0075103678694478e-75,0.14132252598260822,4.0991207944121877e-100,3.8567028954952124e-10,1.452986694385426e-23,2.832658999105958e-112,1.2294542281338582e-36,2.2605194864408347e-55,7.717869794756179e-24,3.450474153790509e-52,1.146096098609781e-61,0.0003893151354426172,1.7557280719014213e-28,1.3832561260640398e-77,1.4538175278380659e-183,2.0463429366626982e-15,1.962394251493292e-27,8.050000262093997e-52,1.2279417064043026e-44,9.81979281674151e-09,1.653242145351026e-42,5.7441194849392635e-19,1.0,2.143000380611561e-115,1.5869108364300142e-21,2.098808408933249e-99,5.199880216610231e-77,2.141969637110119e-39,9.700641463599157e-38,9.000899446708492e-176,7.528042335327247e-43,5.719301639812074e-26,4.0752623901046536e-82,9.930436274545483e-27,5.368641956958922e-29,7.353200715291333e-110,1.536430243076544e-111,2.3430733347786335e-43,2.3693454606608474e-52,1.6557354280542644e-38,4.300196880171415e-77,1.3088033365573756e-50,5.7939388562889916e-21,2.2212759737906097e-31,2.7362032156014286e-106,1.0,7.325005711814091e-11,2.988697196180375e-51,9.059015482813469e-28,7.632897494190443e-80,8.328554153304662e-55,1.981271785869005e-12,1.04779990780828e-119,3.260957070906779e-82,2.6303267218288643e-54,1.6327664130691455e-20,1.5425601275878206e-18,2.9681615237632193e-103,3.516160418569197e-50,1.5546460689907762e-17,1.0,7.186578460095804e-55,4.9694126206416664e-17,2.1493575512549206e-37,1.3774310452710928e-27,2.1892349332286084e-11,1.9032680918350652e-38,2.1279854206260784e-48,5.050540108254464e-34,0.6044982600131491,2.58456297798308e-27,1.4023993400266227e-07,4.6247024277309824e-14,1.183602402507459e-44,0.0006862299882776422,3.173381060791101e-25,7.310743106402103e-74,4.024947654947353e-52,2.1539609534116636e-200,3.2674071444521128e-24,1.6712654017123576e-30,1.6118646011686223e-57,5.3533838216069405e-20,3.0012003499581134e-20,2.3567082062371266e-21,6.570003648154803e-54,1.0530920263324823e-21,0.002058325297442759,3.474152460983686e-20,0.03495629146579225,5.17362093580797e-33,4.3440831621430715e-92,1.3378826162298472e-133,2.182813963209856e-23,2.6648404617436785e-46,1.0,1.0,5.699507484607876e-45,3.7909781159100435e-86,4.0007484754234656e-51,1.0392826152688697e-17,1.650309999238155e-24,7.111220421020434e-39,1.0,1.25912117107688e-27,1.968790884272698e-09,1.925811884806872e-48,2.7099692330120607e-77,3.513928588398949e-69,4.133756818716112e-27,2.1116050072987743e-34,1.0198787255346734e-30,4.372189127269758e-30,1.0,2.858852203233527e-49,7.282528191160064e-16,7.262002643359995e-27,1.0861937002680124e-25,9.428513783131606e-104,6.688610555235105e-72,7.288699749495469e-24,3.0843239667679055e-58,2.3033367550726207e-33,6.603160931929172e-65,1.6370774180931304e-12,9.438444641021238e-11,5.93469481056354e-133,1.9990690708321718e-49,1.4240206317613585e-184,1.0,7.592003404867367e-37,4.7353175798507965e-08,1.061741236343947e-33,1.424917192213817e-16,2.790418585596606e-55,2.9962412426075693e-30,7.65120184804182e-42,1.086006588451984e-16,5.044872652165053e-18,4.964800847762669e-31,7.370617227263185e-12,1.385175074220924e-25,4.8701167828524194e-15,7.194689218822574e-42,4.2379183186612234e-20,1.1710126791815796e-49,2.740384524146175e-32,3.5036620103881434e-94,3.9893419873631043e-32,3.5171582387867428e-34,6.90051521472954e-27,6.217058804213615e-44,3.309302365498217e-33,7.240922650509009e-22,1.5264620343726167e-121,1.5823334719387262e-23,1.2389272920486579e-43,1.2214716134053268e-25,2.4694162452831324e-36,1.9947020879273826e-18,2.3257669529520836e-18,1.0,9.141679821507324e-57,7.356228950193309e-32,9.253855953873982e-41,6.373915144750409e-19,1.1752789561270954e-13,6.721650237621179e-13,5.466973268194678e-78,4.913475062689345e-33,1.2726554345388388e-31,1.2767609754141427e-12,1.0,1.0098006859446574e-10,1.0,2.003884620138763e-126,3.138277573499826e-11,1.6337494143740835e-10,3.091378195798652e-93,2.276836265451148e-67,0.016801948002694377,1.00970063540239e-22,5.178721582139514e-08,5.611437413288691e-08,0.0406210983322644,2.978733495767028e-29,2.6909403769970795e-54,1.0500960152239344e-107,5.91108074877771e-78,1.0,1.054174636238412e-31,2.984118289411265e-66,1.2540830072204358e-130,1.6655195281272363e-24,6.868147020131521e-45,1.0,4.106121270892013e-09,1.0,9.359273066629082e-28,1.0262678746955125e-13,3.928323594033327e-24,2.1125602719457217e-38,1.8612460164806223e-29,3.0090624085673465e-15,3.577436552593474e-45,2.6631225357149585e-38,2.4569318316905276e-06,5.6210023263111014e-33,1.19713488785733e-31,3.2484701762489206e-42,1.334836387510817e-15,1.0,3.269402013601259e-30,1.5696699276987796e-32,1.1850193759562945e-63,4.9644250749955e-49,6.978874789277188e-30,1.7693875228489867e-82,3.3033191274312683e-68,0.9972533309900943,1.0646327295131246e-31,2.9518190714852765e-74,1.2072534783516948e-61,2.030913055828153e-06,1.6235440771612523e-43,1.4749124061922161e-19,0.003327945321077952
196,1.0,1.854368005084111e-05,1.0,1.0,1.2375351940106634e-59,1.0,4.808327287837824e-11,1.7932829221636736e-50,0.02904566365152951,2.3076802560732423e-56,1.4988738842569233e-30,8.638176735664748e-14,1.0,0.41189548249660857,4.983621835954689e-10,1.0,0.4230384185058308,1.0,0.002587157545285807,1.0,2.75961527109253e-07,1.0,6.170910936266264e-40,9.438809709146868e-13,0.00016107832889741851,4.19813366798148e-25,1.0,1.0,5.886276447776841e-32,1.0,4.774026189094647e-05,1.0,0.0005031454156802876,1.0154093902251396e-07,0.1902518729356911,1.0,5.139863012554637e-15,8.563083398399786e-77,1.0,1.0,0.00036972615938360827,0.11579219508583434,1.0,0.5458144609105247,1.0,1.1752215904595246e-28,2.2423884638129923e-35,1.0,1.1198068212814373e-26,3.1187469045554633e-15,1.0,1.0,5.830622561543163e-73,0.2547257436007364,1.0,5.032374742282188e-18,1.0,1.0,3.0129452582162363e-33,3.336863528476591e-34,0.09813149652843219,5.10332498833619e-05,1.0,4.564540809496213e-16,0.00020105472988797763,1.0,1.0,7.960829115795228e-32,0.00013471652146148042,1.0,7.061319459126931e-05,1.0,7.173359606908454e-18,2.379166958150828e-06,1.0,6.871972137332408e-40,2.8330991184374464e-19,2.2710856364413645e-06,1.0,1.0,5.52128774930194e-31,7.484958013449485e-05,1.0,7.43324956091262e-21,8.049862759520106e-07,1.0,1.0,1.0,1.0,0.6509376360116373,0.00013512402569064598,1.0,0.008606735841006751,1.0,1.0,1.0,0.0025241107662974803,1.0,1.0,1.4579009869880878e-16,1.8333111737834026e-06,8.543821677837217e-96,1.0,1.0,5.1692416042103765e-09,1.0,1.0,1.0,1.5613921436435305e-07,1.0,1.0,1.0,0.5407387644697731,1.0,3.1429613276410546e-27,2.129346481028939e-52,1.0,0.00011675764494793406,3.548780360448687e-08,3.519569453908945e-08,0.0002627403391080931,1.5723430995811116e-24,6.26746489854439e-07,1.0,1.0,0.03490780310707977,6.107994209228568e-18,1.0,1.0,4.16821536925616e-06,1.7607215745188777e-20,3.204203277886455e-16,1.0,0.7343727612288996,1.0,1.0,2.7680773741527257e-13,8.171176930393642e-07,1.0,1.0,1.0,2.6354315790270154e-36,4.178017296404672e-18,1.0,2.5492040131871607e-11,0.8445430605499535,9.140180813605809e-15,1.0,1.0,5.885939915312583e-56,1.4102723800209469e-07,1.3410614418714136e-91,0.00016229226021437088,0.015964008872342082,1.0,0.22696047332782832,1.0,6.426083146481348e-11,1.0,8.164201170436574e-05,1.0,1.0,1.0,1.0,1.0,1.0,5.418781781738144e-05,1.0,1.3385090074966702e-08,0.3075252709246976,2.6461178457699397e-33,0.3185793516237962,0.05337443153265135,1.0,2.5209436131421656e-06,0.0730502984472497,1.0,1.4691327038128403e-51,1.0,2.8248630038650205e-06,1.0,0.0027864124389162352,1.0,1.0,0.05803357518167333,5.313118924781865e-13,0.13386754151221736,2.4353258475430846e-05,1.0,1.0,1.0,3.656193553846102e-25,0.03178658186824432,0.09855728866829433,1.0,1.0098006859446574e-10,1.0,0.008659125871203053,1.6297532460625695e-56,1.0,1.0,6.525276434807263e-35,2.096896366912192e-19,1.0,1.0,1.0,1.0,1.0,0.5024904327334413,1.7752608537765175e-12,1.4730234668848873e-44,7.634227841610577e-26,3.802419693907201e-09,0.050229188929642656,4.001136002730263e-19,3.118605718855486e-60,1.0,6.13836954269394e-08,1.0135046732239686e-05,1.0,1.0,1.0,1.0,1.0,3.406085763557947e-05,0.1777694669626133,1.0,1.5832762195168544e-08,2.7809831328501777e-05,1.0,0.004531787619458856,0.014187661964124446,2.2737069593001535e-07,1.0,3.073466407063482e-12,0.04199310902405833,0.0033867521344039747,2.0976113570932558e-19,2.436231685393304e-11,0.032724654697638994,2.961816174392403e-31,1.5388009968733595e-22,1.0,0.0029703998546967898,1.7903344473734438e-26,6.304257612829354e-19,1.0,6.100787887944809e-09,1.0,1.0
197,1.1569376438356287e-15,7.029801878786255e-36,1.6245396958515509e-21,0.0002861127056355271,3.16055715212656e-122,8.220702238215309e-19,2.4202745423106947e-46,8.500838930605171e-109,2.6753906629038126e-28,3.315084700465881e-117,7.23951201162492e-79,1.0,1.0,3.661388568298797e-25,8.478804164116622e-44,2.465786024144739e-12,6.252579819898497e-25,0.06895222329267833,5.6966495008558164e-30,1.0896617774130454e-20,4.2185537223911267e-38,1.8720738347814057e-22,2.2827511941521403e-91,6.079378934795287e-48,1.0,1.702482060199707e-68,1.0,5.483959230906049e-09,7.6714057180194e-79,2.327914347989561e-18,1.2913662522720267e-32,2.4424477969960193e-09,2.9543158564378656e-30,1.0755578884037107e-37,1.0,1.379375686579298e-12,1.2496904988843694e-50,5.710175479071995e-141,0.0006633847106833705,5.973894842923345e-12,3.6022501839269556e-30,1.2061036274709888e-24,1.0,4.935445699823354e-23,3.1369575701135425e-06,0.001980176641159149,2.2922075486128307e-82,5.4888778526370114e-08,5.518572491786927e-69,1.863140368891115e-50,7.971435142939942e-21,1.3366058334606978e-19,9.790934398105513e-135,1.76578129955864e-23,4.1360126651816444e-11,8.148649702106556e-55,1.1427598414940397e-11,2.291751056740301e-13,3.2759083611486474e-78,1.2339947256377156e-79,4.5447242059033076e-24,4.624749058527291e-31,1.9273068765789383e-20,5.379615351823572e-51,9.464628575818416e-30,7.240004435359322e-08,3.1609682148061576e-15,1.6683847843873225e-75,1.0,0.18932220550428483,2.1153814599631124e-30,1.1128225851505065e-12,1.6353504312375895e-53,3.0607435682003037e-33,0.020791626601450425,4.4381760431840905e-87,1.3842119584724613e-55,5.3546451386275883e-33,9.681596830060258e-08,2.0755670300850172e-06,2.1363907726929332e-73,7.739793263955782e-30,8.694738423523567e-06,1.0,1.3664109440884278e-33,1.695305176058141e-05,4.379854587260155e-20,7.553958653263506e-13,0.06039621926202677,5.738854003352614e-21,9.504296192924507e-29,9.905225542317048e-18,1.0,8.664221265670223e-13,1.0,0.0010173615641362527,6.180328726196959e-26,1.0,2.260296043316544e-11,1.4666555166912728e-49,6.197168304171315e-32,2.0898172910768075e-159,9.981503642029817e-11,2.4258679608573377e-15,2.185804941393683e-36,8.348280032230551e-08,5.465773680195764e-08,8.965068867623618e-09,1.4644625782073197e-33,4.8173455118503205e-09,1.0,5.1692409978514045e-08,1.0,2.3507209476106104e-17,2.7127499922608437e-65,4.7497502425251274e-101,2.4330713411619233e-10,1.0152099175445928e-27,1.0,1.0,8.533227197978066e-27,1.3151529176669027e-60,1.0082102614876123e-31,1.6096343450656463e-06,2.4186275320807432e-11,3.55961113718987e-22,1.0,1.134176220530379e-13,0.33594373318580867,8.545900044654515e-30,1.3431674055693739e-53,7.505482198575557e-47,2.056652137223042e-13,6.435492984078364e-19,4.0805824796340346e-16,1.1808323209748943e-15,1.0,1.1035656986232409e-30,1.806905131953461e-05,2.401288472808218e-13,1.7563402849913348e-12,2.1083713370076624e-76,2.269516607430947e-49,3.2575421972304836e-11,3.597968411745897e-38,2.3651303697894815e-18,9.944176757727518e-44,0.0023506711082774377,0.03166098144784908,2.2137198396850595e-102,3.0171756696129904e-31,2.2499951453051537e-148,1.0,2.143806137200967e-21,1.0,5.842575005368212e-19,2.7626075667877243e-06,2.32714334784459e-36,2.0696906498581856e-16,1.5851203319282288e-25,1.8591218289557595e-06,2.0860323090052257e-07,4.3940346781679935e-17,0.00342168075615189,5.671629295945981e-13,2.3743231335005662e-05,1.1744440858368182e-25,5.778523259311539e-09,5.380092557245745e-32,3.7732325120812e-18,1.468637655520371e-69,4.681541529534232e-18,1.1539175376196103e-19,3.8635844729133145e-14,1.3904548905390996e-27,4.5172645545231405e-19,1.9495551563125107e-10,8.189354919915384e-94,1.1393091174488874e-11,2.143661389321647e-27,2.6895687763500344e-13,1.168415393679999e-21,5.236997869176874e-08,5.759227712709683e-08,1.0,2.390568573812592e-38,3.3770179471089947e-18,2.6596240370781385e-25,1.914773328192323e-08,0.00010174718610900315,0.0003279753312177915,1.926701922356029e-56,3.066087088609081e-19,3.5833793504933114e-18,0.0004614202707454671,1.0,0.008659125871203053,1.0,6.562185425166837e-99,0.0038681740352341887,0.011315413532027054,8.087445045640642e-70,1.351944359507274e-47,1.0,1.9894848958555143e-11,0.44445337022961345,0.45695105688494403,1.0,1.8544233865390605e-16,1.0119820725169694e-36,1.2367959961198095e-82,9.100408130198826e-57,1.0,2.0246063454250513e-18,7.81837241689604e-47,4.956763936138475e-103,7.323468982073171e-13,4.530364131473609e-29,1.0,0.07159369168987509,1.0,1.817304074600616e-15,4.971669847190156e-05,1.0175720365732395e-12,5.65127096437444e-24,6.911464879263896e-17,3.518193647066432e-06,1.44309538589659e-29,5.62576611743983e-24,1.0,8.76938615585834e-20,9.10955783807899e-19,2.606348536059596e-27,1.422792675988277e-06,1.0,1.0422731288006314e-17,1.234542343539289e-19,1.52166419813119e-45,3.0754169191982592e-33,1.3012074513788567e-17,5.6504432994826425e-62,1.1403541014651385e-49,1.0,3.07204955826532e-19,5.1908631264283806e-55,3.472801646398083e-44,1.0,6.45834236715166e-29,8.15293935760956e-10,1.0
198,4.671061791729423e-93,9.401577033625418e-58,3.188617139673049e-79,2.996713914228976e-123,0.00020873444362604537,1.6162886313137636e-81,8.342789756870526e-44,9.763045133423728e-08,3.7698650332643993e-65,2.837636799740272e-05,8.865876842293994e-20,3.3298666726883774e-208,9.359650321478857e-140,1.1122865218600713e-67,1.2884574356500295e-43,2.3845832098182498e-91,1.0740496531506222e-66,3.650679143853648e-126,1.9328073140281505e-58,1.782784490685575e-72,1.0303942356098008e-47,1.5009976362683778e-67,8.713593384227795e-11,1.936991172404035e-36,3.982809974901526e-163,2.6509376737014988e-21,1.2977703466084429e-126,6.601060549840955e-94,3.766279007423619e-15,1.005720679238306e-70,2.707675320232769e-49,2.1729690914498072e-89,4.4696921875668456e-51,1.9241440388482916e-42,9.310312971823562e-143,7.659394349476092e-81,9.324910417456125e-30,1.0,1.306092354151293e-104,1.829108898807048e-80,3.190393412492568e-49,1.2394100209451823e-56,6.354633705287462e-122,5.359898868560318e-59,4.980177739709829e-95,1.3496786229318072e-234,1.3239298615551417e-10,2.0156284581468772e-88,2.098347215019804e-16,4.066507329329941e-28,8.38419050062688e-61,1.1721658891585797e-62,1.0,4.118168750693308e-56,5.681124942405747e-79,5.3817168359037e-24,3.2331237825974333e-77,5.6121462331957e-72,1.3262768308449753e-10,5.0206395183463e-10,6.15267843795452e-53,1.1875975741219785e-43,7.652707713531686e-58,5.36880400079002e-25,1.0162047288198011e-44,4.901602291551506e-83,4.664229074668481e-66,1.0417975314102208e-10,1.470328001070333e-147,7.136240112226982e-105,1.4141410734645899e-42,3.249927580619784e-70,6.920805209423179e-22,4.640139816664816e-39,7.895927903686982e-100,5.406462806662967e-06,5.61882569047948e-20,4.778680105566824e-38,1.6526975503121751e-79,2.8478721555929767e-83,4.347202285079242e-10,1.000671712074658e-40,4.318766985902512e-84,2.366717376631122e-198,3.142022873486749e-36,6.179831028364358e-84,1.832869459912701e-52,5.966590776305999e-65,3.685597328329526e-96,3.871789801850944e-50,3.443308014765502e-39,6.385877881284239e-54,3.880323998017323e-131,7.223330230362077e-63,1.7953746016287727e-103,6.264317662455604e-86,1.9085859204229714e-41,1.3057256480929002e-115,2.2474586946855647e-64,1.9396172201245546e-19,1.0867791515915143e-33,1.0,1.9791868626700398e-64,7.358502321743955e-55,1.7904817586008472e-28,1.2035744839246269e-70,5.6673365630078464e-70,1.0135873005103826e-67,1.5337027693645896e-30,1.293744986156729e-66,4.444076368529831e-112,1.4721819267717804e-68,5.5957339118371806e-117,1.1727773710247016e-49,4.381618613910072e-09,1.0,8.167278933017867e-62,7.421197085549265e-35,8.780945264758964e-145,2.1210948499668598e-144,8.410699786803765e-35,5.365326562284415e-10,2.3005530527921822e-29,4.475614934052103e-68,1.684207361377917e-56,5.7893048498839784e-39,1.49103338911461e-172,2.0914772457137056e-51,1.198867102625392e-84,1.3456254251132152e-29,9.992604758657908e-12,2.1401634268758657e-15,3.906070355850523e-50,2.50830805473979e-41,1.5903648251836587e-45,4.46125541249864e-46,1.6709648747753316e-155,5.017615507059402e-27,1.729993114767981e-66,1.1470414866176675e-48,3.7224637964728545e-50,0.03080095812174084,8.680135879471827e-13,1.7640812720190206e-51,2.164215248814617e-19,1.405017432714503e-39,2.777440917273573e-15,4.307822544020654e-70,6.081765831064108e-74,1.0,2.133668988982465e-23,1.0,6.572697024964772e-119,3.793306099446059e-32,4.3462537635642154e-76,4.703066950526646e-35,1.810065796262386e-57,3.265116199150574e-17,2.169621523539935e-37,4.669754696725831e-26,2.669703007583069e-55,7.383244230765542e-53,1.2535322304039506e-35,7.301398274099809e-64,1.6794304080953296e-41,2.699362404972435e-57,4.463884765401964e-25,2.5870496718955708e-48,4.1547201147720835e-19,3.308103575676699e-33,0.36158106891326186,5.394938863061252e-33,6.948374010002602e-31,2.3412992371380958e-37,2.7203244960638277e-21,5.32316040394441e-30,9.495953743996658e-43,1.0,1.4408782268271034e-40,4.3851066258449915e-21,2.083822490972049e-37,6.676321605541011e-26,3.3516683470670435e-46,3.560051898274009e-46,3.563096530114891e-98,5.725345114658927e-12,2.3520656687236037e-29,2.087756547525753e-21,4.671105900286928e-44,2.50828421462433e-52,1.9621889173276658e-53,0.0038347306497549007,5.5669134097981044e-27,7.4151175897637135e-28,6.236866885557508e-53,2.003884620138763e-126,1.6297532460625695e-56,6.562185425166837e-99,1.0,3.5533338841394285e-55,2.506741897337837e-56,1.0,7.032693121329633e-06,2.0938942387240082e-77,3.097363062486323e-36,4.479123319060023e-61,7.963521633012429e-61,2.7448564661887747e-78,1.1700677002788833e-28,6.111731166139343e-11,1.0,0.03681941913070338,2.2163497343537163e-119,7.285388800648592e-26,1.3695545602831013e-05,1.0,5.9084288321191594e-33,1.7459176707504063e-15,5.510836381233365e-107,7.149884006177615e-56,7.178035819501887e-85,3.420490384094098e-28,3.4155106021242124e-46,1.6070689341631815e-31,1.5972288636772376e-18,1.5676373458963146e-25,2.0900451324694905e-42,1.3724874840877774e-13,6.079506731707445e-18,2.543396560121225e-59,2.5096665292834006e-21,4.560681741464795e-22,2.890621558292538e-14,3.012790852410187e-39,1.3676071341750227e-121,1.5327329803623934e-22,7.983966340962503e-20,0.0029691627179452085,7.941006039557742e-09,3.1048244906209047e-21,1.0,0.2700770646509087,7.679109197266814e-70,3.980596991362676e-18,1.0,0.009779867142893254,2.2841436157301943e-51,3.3175434371422036e-10,4.65880434270597e-29,2.543055723413842e-59
199,1.0,8.3045859352245e-05,1.0,1.0,1.2573647366104017e-57,1.0,3.353368924350674e-10,1.1674271316124136e-48,0.0927981695389127,1.966005547534045e-54,3.5417223223793487e-29,1.6221863050813502e-14,1.0,1.0,3.1234083372847285e-09,1.0,1.0,1.0,0.008993431514761365,1.0,1.36538244821708e-06,1.0,2.1135968180774726e-38,6.938755283809536e-12,5.0090863253509443e-05,6.586430666842534e-24,1.0,1.0,1.3078477616882058e-30,1.0,0.0001876133605160891,1.0,0.0017882956673150663,4.933740047885003e-07,0.07543962812149663,1.0,4.125876971921207e-14,1.2046946122823321e-74,1.0,1.0,0.0013119102582468895,0.32207961951181435,1.0,1.0,1.0,1.5218831845995143e-29,5.323100420648005e-34,1.0,1.7018456944794502e-25,2.468617588585532e-14,1.0,1.0,6.502345663400896e-71,0.6751674020324575,1.0,4.642525494126265e-17,1.0,1.0,6.064763265422584e-32,7.029466250350166e-33,0.26831772574157053,0.00018863772128442703,1.0,3.636259234717912e-15,0.0007036975728470444,1.0,1.0,1.4430540586238454e-30,4.460748142618677e-05,1.0,0.0002541349198927661,1.0,6.198963057532422e-17,9.617008842707604e-06,1.0,1.7706681751927389e-38,2.6208211708427967e-18,9.086560053139379e-06,1.0,1.0,9.117277249314958e-30,0.00026340580182345245,1.0,1.2899372300154787e-21,3.2955876744340568e-06,1.0,1.0,1.0,1.0,1.0,0.00045509808596234274,1.0,0.0033172259027963377,1.0,1.0,1.0,0.007573509632382598,1.0,1.0,1.0614275658711186e-15,7.00877859588731e-06,1.3484326760848137e-93,1.0,1.0,2.3392665333646326e-08,1.0,1.0,1.0,6.344601885228346e-07,1.0,1.0,1.0,0.2430675486174432,1.0,3.735596212918335e-26,7.074036802120596e-51,1.0,0.0003774058442795696,1.0541368964576819e-08,1.0474276713448925e-08,0.0008184824731761396,1.5872813048389742e-23,2.3644772959556445e-06,1.0,1.0,0.0901227425983812,1.2803649765289975e-18,1.0,1.0,1.4581809373056083e-05,1.3958827103883615e-19,2.0407485477269665e-15,1.0,1.0,1.0,1.0,6.909160238060209e-14,2.9489867789287676e-06,1.0,1.0,1.0,4.04388763970442e-35,2.858473166940673e-17,1.0,1.1980312970114652e-10,1.0,5.1699909681102815e-14,1.0,1.0,1.7194068787330156e-54,5.162325660097738e-07,1.1509532164708889e-89,6.160844867472161e-05,0.0401581852625041,1.0,0.5171339936728292,1.0,2.789942019980581e-10,1.0,0.00024094273473653955,1.0,1.0,1.0,1.0,1.0,1.0,0.00016054441117701384,1.0,4.9744628823608086e-08,0.6798130885465821,3.0500231074788814e-32,0.701791110587339,0.12549392169215565,1.0,7.984701372959274e-06,0.16788826685250674,1.0,3.0497318240510647e-50,1.0,8.879578759316335e-06,1.0,0.007083201963337979,1.0,1.0,0.026911971693554065,2.3999837988897267e-12,0.297428705954214,7.077542828188486e-05,1.0,1.0,1.0,2.7942335059960002e-24,0.07360958230832026,0.21892321039607401,1.0,3.138277573499826e-11,1.0,0.0038681740352341887,3.5533338841394285e-55,1.0,1.0,7.009988893762193e-34,1.2336889340632261e-18,1.0,1.0,1.0,1.0,1.0,1.0,7.496167004939582e-12,2.14433735009231e-43,5.758843877927728e-25,1.2713148464965608e-09,0.11270769612568338,2.280643801016516e-18,7.1935026029447055e-59,1.0,2.016483415878921e-07,3.9467084871490674e-06,1.0,1.0,1.0,1.0,1.0,9.360564631691762e-05,0.3760441755719389,1.0,5.249173651309516e-08,7.632482049829239e-05,1.0,0.010692930284421661,0.03223257150965873,6.966238364315023e-07,1.0,9.606161468480658e-13,0.09166991196782678,0.007934312523321786,1.09684981700785e-18,8.920791139289518e-11,0.07114007005431139,2.3384182147646325e-30,8.869032618557327e-22,1.0,0.006841579882038812,1.174290715568711e-25,3.1136144396147457e-18,1.0,1.9368760775880204e-08,1.0,1.0
200,1.0,1.8240915185828933e-05,1.0,1.0,3.9743700043281896e-59,1.0,5.162235836884967e-11,4.544670037705927e-50,0.02737422663372386,6.7331113388818e-56,2.3860570602056345e-30,2.1024660110682907e-13,1.0,0.38389713982237367,5.222854130333903e-10,1.0,0.39411172501086444,1.0,0.002459706090201002,1.0,2.760564236024011e-07,1.0,1.1494740904970717e-39,1.0261149213038617e-12,0.00025780530677324694,5.7240067503917995e-25,1.0,1.0,9.139550943095683e-32,1.0,4.60810176735947e-05,1.0,0.0004796456361966995,1.0126127646016069e-07,0.26263648967404285,1.0,5.7112530826835006e-15,3.302832496276232e-76,1.0,1.0,0.00035240954043409893,0.10798833803704301,1.0,0.5069214058323557,1.0,4.45209818279765e-28,3.573908819368052e-35,1.0,1.5095364185670993e-26,3.4529883552922383e-15,1.0,1.0,1.9694898611919565e-72,0.23690201594587448,1.0,5.80283289775922e-18,1.0,1.0,4.499974269521554e-33,5.071982564310135e-34,0.0914359225572933,4.88839281138973e-05,1.0,5.061761324677373e-16,0.00019136928843326142,1.0,1.0,1.1429301925755962e-31,0.00020744984554731854,1.0,6.742769970244657e-05,1.0,8.125238350525834e-18,2.3057979440895206e-06,1.0,1.132114422512946e-39,3.2690459362767744e-19,2.19800819408812e-06,1.0,1.0,7.661637839605359e-31,7.129507465916787e-05,1.0,1.9792611222690083e-20,7.815944777508597e-07,1.0,1.0,1.0,1.0,0.6031895208901333,0.00012811176622011338,1.0,0.012107478281478314,1.0,1.0,1.0,0.00236806441543548,1.0,1.0,1.5809564566127263e-16,1.763907932187958e-06,3.5199092611539573e-95,1.0,1.0,5.095604574261961e-09,1.0,1.0,1.0,1.5146240903943355e-07,1.0,1.0,1.0,0.7017186393704149,1.0,3.9044311264176765e-27,3.9075611480568485e-52,1.0,0.00011026973936508786,5.8980018579516876e-08,5.842102092797845e-08,0.0002473196227091842,1.859352324214348e-24,6.020825270805101e-07,1.0,1.0,0.03244803667111632,1.349837820885784e-17,1.0,1.0,3.9690002639597945e-06,1.949732726003149e-20,3.369608765753559e-16,1.0,0.6797257350202256,1.0,1.0,5.256177940855078e-13,7.808532910105283e-07,1.0,1.0,1.0,3.5615908248951904e-36,4.464680009211831e-18,1.0,2.528689140332666e-11,0.7815705382848483,9.37755152980325e-15,1.0,1.0,1.020989742236837e-55,1.3500579084480246e-07,3.91611574224204e-91,0.0002310163495364411,0.014827454674985783,1.0,0.21017703263756565,1.0,6.295364224713097e-11,1.0,7.65443906097145e-05,1.0,1.0,1.0,1.0,1.0,1.0,5.082120803593437e-05,1.0,1.2838407465086632e-08,0.2846951597556871,3.254752294465095e-33,0.2949221345360089,0.04947062651838828,1.0,2.377624457513392e-06,0.06767727673562568,1.0,2.2173590669916965e-51,1.0,2.662509059711052e-06,1.0,0.0025899321295386416,1.0,1.0,0.07442669122585831,5.237447362202212e-13,0.12396268987642915,2.281177668965856e-05,1.0,1.0,1.0,4.0111362124500333e-25,0.029457837546051885,0.091272484112481,1.0,1.6337494143740835e-10,1.0,0.011315413532027054,2.506741897337837e-56,1.0,1.0,7.855529120797704e-35,2.168526722616707e-19,1.0,1.0,1.0,1.0,1.0,0.46523355716378845,1.732267403421465e-12,1.953973220782765e-44,8.348394938387433e-26,5.862745602571704e-09,0.04652742399073096,4.1115133036950757e-19,4.904306438360194e-60,1.0,5.8101915457882945e-08,1.4254296120312574e-05,1.0,1.0,0.9675489146691102,1.0,1.0,3.1794251958193696e-05,0.16461085438564224,1.0,1.5000698013179673e-08,2.5957907151716303e-05,1.0,0.0042028543138775175,0.013147257991868323,2.1390046491153204e-07,1.0,4.960646088974977e-12,0.03889519500736006,0.0031406600801752284,2.1203004940124792e-19,2.3333709195247118e-11,0.030312072224688926,3.275497059143222e-31,1.5847935691893206e-22,1.0,0.0027538511539879594,1.8948702354272824e-26,6.307974048251693e-19,1.0,5.75771470278256e-09,1.0,1.0
201,5.833411365217656e-55,1.0317634992318882e-28,1.3015034160637902e-44,3.179653996520724e-79,1.0,1.0750818372549281e-46,3.6995101058888214e-19,1.0,1.9615815217474065e-34,1.0,0.0005821315719343846,4.030359328599838e-150,4.082885104021891e-93,1.4252606649435293e-36,2.56096291897072e-19,8.284183569511997e-55,5.3598829812197896e-36,1.4409575072180893e-82,5.225996082666597e-30,1.7238620649173983e-40,2.1972100807009245e-22,5.252261334873719e-37,1.0,8.847836638939143e-15,1.0279051568449742e-113,3.2514928490871815e-05,9.512901907734422e-84,1.3883791485195274e-57,0.08043957655382589,7.08852329814913e-40,4.8646582039360325e-24,1.7889725606975097e-54,1.881773942384169e-25,2.6194234061554267e-19,1.1095180224663973e-97,7.387248403249072e-48,8.10323252998137e-11,1.0,7.846480218829838e-67,8.60029862250069e-48,2.4645570948082917e-24,9.366337149357915e-30,5.61258668803224e-81,1.6334181888008584e-31,2.298021203284394e-59,3.303440982136249e-176,1.0,2.671180097008883e-54,0.008225345997858617,6.218811739442897e-10,4.649648312151016e-33,1.7916430176945256e-34,1.0,1.2510320829372571e-29,4.654948300129654e-47,2.0880519249964497e-07,9.516075423332215e-46,7.123964368648025e-42,1.0,1.0,1.4951286263768952e-27,7.685994106431929e-21,2.904555568621119e-31,3.34618788701281e-08,1.1678404538153776e-21,9.079207920972208e-51,1.368776980235434e-37,1.0,1.6694199877979747e-103,2.4389540656942194e-68,2.803227067865827e-20,6.612923563386175e-41,2.2082228806434006e-06,7.958751398938821e-18,2.3074398331110102e-64,1.0,2.886985562572228e-05,2.970718998379425e-17,1.7944138022986793e-48,1.9027246291937732e-51,1.0,3.075737471831078e-19,3.1379364128240073e-52,1.4457154726405584e-147,4.1185265490615483e-16,3.0727698779588583e-52,6.0834889978051755e-28,1.9085847924397207e-37,4.007549305168137e-62,2.4922982677349966e-26,1.8733695613949252e-18,2.65681189244557e-29,3.149514829388496e-91,4.12728175743533e-36,1.8472546340389692e-68,2.5353981728765634e-54,3.4066120904384985e-20,1.5607825335849118e-78,1.904747185622656e-37,2.3631582322263293e-05,8.404955440306032e-15,0.0004174634245531047,1.185420648318329e-37,2.2175790120037582e-30,2.5426775898088883e-11,1.3843904218582997e-42,4.403741890592019e-42,2.3333887983744403e-40,8.677530102841216e-13,1.4943152640294807e-39,2.985891254390252e-76,3.8474984859053694e-41,2.293729787872854e-80,1.1249983636521469e-26,1.0,1.0,4.76234706786898e-36,5.531507707905463e-16,3.824030255342695e-104,6.87288627745043e-104,4.587167478620066e-16,1.0,2.710479915635192e-12,2.666746649486124e-41,2.4505874926959474e-32,3.26721199253035e-19,1.7014688109920234e-128,1.595522461411056e-28,1.0591156461984007e-54,1.2424160326937216e-12,0.2765512581090564,0.001981548414487579,9.171706707792201e-28,3.560644343311688e-21,2.6999999085550652e-24,9.904527772993178e-25,2.100444807563177e-114,4.841567581649335e-11,1.3296933860500914e-40,7.729590988605867e-27,5.601739687112379e-28,1.0,0.054149536788044045,4.06008599726577e-29,4.249749648158403e-06,3.532527245925054e-20,0.0014941634983063326,8.143622842478227e-44,6.561903320099198e-47,1.0,6.688044903841817e-09,2.6535706566038025e-06,2.1407233855743097e-84,3.698170185167798e-15,3.75043121030191e-49,2.787230625490391e-17,2.3880862586958936e-34,4.770368969832198e-05,3.9392223402053046e-19,5.152042341367681e-11,7.301761449841207e-33,5.56229298341588e-31,6.337509256173234e-18,1.0806210621654684e-39,2.4327975570335117e-22,1.576463634507803e-34,2.0042133520428504e-10,1.3299338947650113e-27,2.032631767207107e-06,2.907238035508319e-16,1.0,3.806544867473919e-16,1.2662958279815495e-14,1.6889221478705863e-19,4.893458472419118e-08,3.637882947813626e-14,1.1648127166389059e-23,1.0,5.287170347896745e-22,6.178663759661408e-08,1.10715532659276e-19,2.3179585398718355e-11,1.8259248932315298e-26,1.8542602891677434e-26,1.0036593942174556e-68,0.03663648437401482,6.835531931707356e-14,2.53784396158534e-08,5.820947033281306e-25,1.9645677657637922e-31,2.4504912031966728e-32,1.0,2.617465132480937e-12,5.569376106969932e-13,4.719662771470264e-32,3.091378195798652e-93,6.525276434807263e-35,8.087445045640642e-70,1.0,7.009988893762193e-34,7.855529120797704e-35,1.0,1.0,5.001665313710653e-52,2.7438528496227664e-19,1.0040134634587844e-38,1.464819809542011e-38,8.050824808826267e-53,1.0396852852679258e-13,0.09927766544606152,1.0,1.0,1.4188274495737028e-87,9.737896964944815e-12,1.0,1.0,5.972601061890165e-17,0.0001215594390233318,3.582111935624178e-77,7.564419591283418e-35,1.096201934165474e-58,1.445637402077382e-13,2.857157937467181e-27,4.506352229655661e-16,8.720042383578537e-07,9.767947724289748e-12,1.870974569534793e-24,0.0014364349102437542,1.8786669174200632e-06,5.754641232859249e-38,7.456657692732898e-09,2.0660682465327496e-09,0.000418869103920057,2.755314470374009e-22,9.896159704718731e-91,8.02894180445875e-10,5.5612720498934844e-08,1.0,0.7541730784698554,4.756868544733176e-09,1.0,1.0,1.9536942122954994e-47,5.037616809042607e-07,1.0,1.0,2.070610154305015e-32,0.08333524166623,4.978628350766269e-15,5.968866346600018e-39
202,9.489822725758942e-29,2.1335615424629565e-10,2.3506517963013362e-21,1.3241949706037479e-47,1.0,4.493112817412648e-23,0.00014803267050494397,1.0,1.9830326654994422e-14,1.0,1.0,4.580477622688067e-106,5.26796488571922e-59,4.5496372407445e-16,8.308934140344247e-05,2.078774183183657e-29,9.128125271002716e-16,6.212838520219674e-51,9.954541568199747e-12,4.955019749513649e-19,8.279041658421456e-07,1.0549925381759886e-16,1.0,0.024341127544227806,9.875741489100379e-77,1.0,1.91187046707317e-52,5.06336810709276e-32,1.0,4.790614618461831e-19,3.604936848773258e-08,5.881335741548783e-30,3.610210302706634e-09,3.05311559409794e-05,3.4042988963183e-64,5.021829533660428e-25,1.0,5.904292555174612e-05,1.1477119678454449e-39,3.9768545871593765e-25,1.4506746680881547e-08,3.3031451981001784e-12,5.730110511047796e-51,2.0103281832968844e-13,5.417592459391882e-34,6.097093090049412e-131,1.0,3.205250530923482e-30,1.0,1.0,1.2637629529166896e-14,1.2339887415078818e-15,0.00029625640412191096,2.7892902194653134e-12,7.302270980330907e-25,1.0,6.383490210345731e-24,3.5808304221049274e-21,1.0,1.0,5.0585448835956914e-11,1.3684714622117495e-06,1.2492012718703367e-13,1.0,3.773353018956528e-07,5.156583714818685e-28,3.262877172105074e-18,1.0,2.6159212479165495e-70,9.335963048786314e-42,2.3889662881721336e-06,1.0210732115421633e-20,1.0,8.099845063537152e-05,1.0977508616950996e-38,1.0,1.0,0.00015350841259722747,1.3531919082492894e-26,7.243259810331392e-29,1.0,7.65583230035353e-06,1.472645255771577e-29,3.155438757996464e-108,0.0006580723521925572,1.1756056076190467e-29,9.500511933536074e-12,1.4464540380934417e-18,2.001444034896093e-37,1.0491311501694868e-10,1.6111214795586495e-05,7.210791391931909e-13,3.281262891652678e-61,9.176358900947643e-18,9.656370798478768e-43,1.3115047356814608e-31,1.022303508600555e-06,5.998476225828624e-51,7.367796339371336e-19,1.0,0.002321611920622584,5.679630409766647e-16,4.049245986723116e-19,7.201247374192549e-14,0.23699841457174348,7.277917899422019e-23,1.6757004278681976e-22,3.122978465975713e-21,0.03081594938843988,1.1491975490328396e-20,1.4997134688466045e-49,6.620939755415209e-22,5.9622925676842e-53,2.1978304410231314e-11,1.0,1.0,3.270681058903536e-18,0.0002679439982122846,4.880905051837842e-73,7.091062787226541e-73,0.00020327364630702772,1.0,0.04110105005078811,2.1708110664135155e-22,9.700050670873446e-16,1.4869686418278824e-06,3.2357008027853994e-94,4.960738704977926e-13,6.849580803947243e-33,0.020596585842842248,1.0,1.0,1.2791547648757035e-12,5.150004189201389e-08,3.6110528262838844e-10,1.7330435174372431e-10,1.4184453266808596e-82,0.14645901782874085,3.08984662008021e-22,4.445173831262625e-12,6.685485799394262e-13,1.0,1.0,8.271286115874993e-14,1.0,1.6232363097320766e-07,1.0,6.028819426792244e-25,2.3297632570316965e-27,0.0022868523096743008,1.0,3.765469803594428e-18,4.6415433278542525e-58,0.00020658709545412005,1.7581717568007755e-29,8.058398114341542e-06,4.514392609232378e-18,1.0,3.750979574122434e-07,0.06796369505483506,4.2374133678421855e-17,1.0421828070813675e-15,2.178355102514757e-06,2.4004280711756744e-22,1.7964721135627988e-09,2.0098948622056714e-18,0.138067368032148,2.6292821151891517e-13,1.0,2.4365084682173323e-05,1.0,2.7665673771705915e-05,0.0002766288789864576,1.1912626486271471e-07,1.0,0.0004314123981996932,1.180261514467255e-10,0.0030037431291346354,1.8101078249943582e-09,1.0,7.187201892919632e-08,0.02298780359683106,8.486510752126047e-13,8.407079631539022e-13,2.4781543074820412e-46,1.0,0.0005011915895825874,1.0,8.546471418060309e-12,1.2337093466716918e-16,2.4184922896324487e-17,1.0,0.004521595570078311,0.0015646464347200057,3.336219678583735e-17,2.276836265451148e-67,2.096896366912192e-19,1.351944359507274e-47,7.032693121329633e-06,1.2336889340632261e-18,2.168526722616707e-19,1.0,1.0,4.509826617638941e-33,6.67096807098746e-08,1.7706747538302293e-22,2.2404020327466817e-22,9.199342539007352e-34,0.00042315004172141816,1.0,0.0833374537300016,1.0,7.874822742182911e-63,0.0077375194824262,1.0,7.992237858043593e-08,2.408877236942085e-06,1.0,3.773843174697598e-54,1.1444522937928675e-19,7.49715508454031e-39,0.0004009650442238046,6.091026651642831e-14,7.3949685290517054e-06,1.0,0.005616255117826666,6.206936307611091e-12,1.0,1.0,2.3889411877642953e-22,0.33056868904388886,0.14177875966589296,1.0,1.6088389143876554e-10,1.714842857580697e-66,0.07069557849633697,0.9033999846717793,1.0,1.0,0.17749822526175374,1.0,1.0,1.4701420354055002e-30,1.0,1.0,1.0,1.3412750199485326e-18,1.0,1.2335848446246263e-05,7.779300043205167e-24
203,0.00011079192599471557,5.600524555491671e-19,1.171765126871219e-08,1.0,3.7869060931193285e-89,6.239186878355832e-07,4.039603634140666e-27,5.772296579065519e-78,1.3694153691516576e-13,4.548112865177446e-85,3.5965390851511706e-53,0.051175996967343054,1.0,1.848062906329843e-11,2.119320086711205e-25,0.007453268758285881,2.3077302763333723e-11,1.0,4.613374152266246e-15,1.921941418636229e-08,3.393024244364306e-21,9.184258424621436e-10,3.0946970430035096e-64,6.103602014731006e-29,1.0,1.934118943911647e-45,1.0,0.569534607740786,4.641762879640282e-54,4.3233472243715115e-07,2.089229990998017e-17,0.288599536523419,1.0142862352001402e-15,2.3879621812530243e-21,1.0,0.002627445218937727,1.4843329403314728e-31,2.170774929487552e-107,1.0,0.005899095439988663,8.678796214610484e-16,1.0153146359328952e-11,1.0,1.4719863155809492e-10,1.0,4.084166177406752e-12,1.1463409378463562e-57,1.0,1.1918331267760135e-46,1.250911206864733e-31,4.562415672647697e-09,3.276657465344186e-08,1.760965095834302e-102,5.336832317406113e-11,0.01594288898458017,3.000280065080223e-35,0.0067992356341445934,0.0004759871888484173,1.2999554402557724e-54,8.418177473706945e-56,1.4760051488551565e-11,8.921673814025603e-17,5.690531626803639e-09,2.1140225823763172e-32,8.033920558710085e-16,1.0,2.2398250617616213e-05,1.3452976888542452e-52,1.0,1.0,2.0615132671931346e-16,0.0010475975738791833,1.2954912677618692e-34,1.3315169342836594e-18,1.0,1.977223075205906e-62,2.233933447662144e-36,1.6100714969058087e-18,1.0,1.0,3.4133693838382727e-51,3.5933350784598855e-16,1.0,1.7827120393727874e-07,4.47360023160897e-19,1.0,5.099417961081056e-09,0.0005445606859778362,1.0,1.0380714535547365e-09,1.4935977430177585e-15,1.8886839006911586e-07,1.0,0.0004962727396430805,1.0,1.0,1.6668654880362175e-13,1.0,0.0038877293042965454,3.931759890658523e-32,3.697455762628229e-18,1.682123723777398e-126,0.009329797505767918,6.537777446879208e-06,1.0111052646548246e-21,0.6585686695039258,0.49968896208767993,0.15691682695301207,1.4686547830058199e-19,0.10237906076410852,1.0,0.44342621147100614,1.0,2.0196703700895285e-07,1.8725895826084823e-45,6.398860357368349e-76,0.012874702573299833,3.4619201303479216e-15,1.0,1.0,1.4536464886061196e-14,8.453823239281396e-42,2.138124174543151e-18,1.0,0.002128723040572825,3.619123068784331e-11,2.93429717760177e-06,5.0331467217701976e-05,1.0,4.8203649395202446e-17,2.6021532607334972e-36,8.84772021568612e-31,6.418572129997027e-05,7.0828119479221124e-09,7.732272114909428e-07,1.622011476527697e-06,0.0023599149501888307,6.8179010150638075e-18,1.0,6.0997519917311405e-05,0.0002427900805181994,1.0136671788808062e-55,4.9334021149976275e-33,0.001645159818749457,5.455632678096873e-24,1.3131419778322101e-08,1.5402365131152096e-28,1.0,1.0,1.3320218710469083e-78,1.2187322592230067e-18,2.510215222056192e-119,1.0,4.14759687986559e-11,1.0,2.7698112668660253e-09,1.0,5.711061884157623e-23,1.8315091618367622e-07,2.0889675708592066e-14,1.0,0.34166194135768474,5.232209364093339e-08,1.0,4.930151596698386e-05,1.0,1.3930011481246484e-14,0.02875469938043922,1.2494948021350818e-19,7.300900594016329e-09,5.770104281119641e-51,8.168693184838868e-09,4.956748325439238e-10,5.467143535964519e-06,2.7835131315330737e-16,1.0789958071178586e-09,0.002195976510637559,2.7105891809259854e-72,0.00029783278263886706,3.5967017936209064e-16,1.9234173585892492e-05,9.327379806688551e-12,0.09077370034042999,0.09588946320526144,1.0,3.875941611004112e-25,3.773636109605568e-09,1.1339727250162639e-14,0.041370890453070776,1.0,1.0,2.155619900448828e-40,5.058130588847498e-10,3.0930256943873387e-09,1.0,0.016801948002694377,1.0,1.0,2.0938942387240082e-77,1.0,1.0,5.001665313710653e-52,4.509826617638941e-33,1.0,0.0002656169537674238,1.0,1.0,1.0,4.993271408282586e-08,4.109761990072926e-24,2.6501117386864335e-63,6.104264064690171e-41,0.1414276680149513,1.511185540391011e-09,1.431667118620305e-32,2.289413570064035e-81,2.1482508897406984e-05,5.754465313712908e-18,1.0,1.0,1.0,2.1463822880637343e-07,1.0,2.2240957561719516e-05,5.084094580337503e-14,1.571579146667658e-08,0.8270834107140195,1.4817557898639891e-18,4.435218366661532e-14,1.0,7.725858384031147e-11,4.4729618847063454e-10,7.486612427779976e-17,0.3745072710639524,0.0007077375879754969,2.602379194506713e-09,7.293881701719702e-11,3.5684441586272984e-32,6.675408998764705e-22,2.395600524927729e-09,2.0360480776311838e-46,7.443093219626093e-36,1.0,9.759863987439811e-11,1.557036553450705e-40,2.7330368268195306e-31,1.0,1.542854082150664e-18,0.001275499180492756,1.0
204,1.0,1.0,1.0,0.0018973150056014198,9.975435740779283e-32,1.0,1.0,3.3760263615687533e-25,1.0,1.8275483498642957e-29,1.5350791737080418e-11,4.116772979579631e-32,2.5048267550537835e-08,1.0,1.0,1.0,1.0,2.4920453377192304e-05,1.0,1.0,1.0,1.0,2.2555189834197704e-18,0.3543574837471939,1.0462141994890174e-17,1.7252902915381274e-08,1.7230348470531547e-06,1.0,4.626619097856041e-13,1.0,1.0,1.0,1.0,1.0,2.893951185704691e-12,1.0,0.011522647045818587,1.899779035333884e-46,0.0443474139550792,1.0,1.0,1.0,1.3400943950921887e-06,1.0,1.0,1.193843461022611e-50,7.344652616412433e-16,1.0,5.132446159086534e-10,0.006700478525505127,1.0,1.0,6.996553514854022e-44,1.0,1.0,0.00012819933070360243,1.0,1.0,1.1346729003509152e-14,2.4639830307619313e-15,1.0,1.0,1.0,0.001427909720636863,1.0,1.0,1.0,7.411618979625181e-14,7.382601146051508e-17,0.0011872806539328716,1.0,1.0,9.190894044324895e-05,1.0,0.015504919022028177,1.2454550958071468e-19,1.1107806068244627e-05,1.0,1.0,1.0,1.6089023940076128e-13,1.0,1.0,2.0241341852694663e-39,1.0,1.0,1.0,1.0,0.016704887735146626,1.0,1.0,1.0,1.8206978811012086e-13,1.0,6.718273714978629e-05,1.0,1.0,1.2502691145179307e-08,1.0,0.00022378743314284945,1.0,3.6133464410733384e-64,1.0,1.0,1.0,1.0,1.0,1.0,1.0,1.0,1.7712884458137265e-08,1.0,3.7830791079983253e-10,1.0,1.2369051939630972e-11,3.792988987552499e-30,1.0,1.0,4.031528423720354e-21,4.2425927160572514e-21,1.0,5.949957105543855e-10,1.0,1.0,1.0,1.0,2.987886518058542e-34,1.0,0.059909253282397455,1.0,1.9420947394675497e-07,0.00011315572293945369,1.0,1.0,1.0,1.0,8.54479188515155e-28,1.0,1.0,1.0,1.0,8.66873205703385e-19,5.2551185135364704e-06,1.0,0.0837859696417587,1.0,0.0006127365721162401,1.0,1.0,3.5006946101202036e-34,1.0,3.9660041816606695e-63,6.474362853464494e-15,1.0,0.16507026688792567,1.0,1.0,0.08271742168844784,1.0,1.0,1.0,1.0,1.0,1.0,1.0,1.0,1.0,1.0,1.0,1.0,2.075483905556318e-17,1.0,1.0,1.0,1.0,1.0,1.0,1.0001913815806772e-31,1.0,1.0,1.0,1.0,1.0,1.0,2.5348117584459137e-10,0.0019783580636428804,1.0,1.0,1.0,1.0,1.0,6.8072165640128735e-12,1.0,1.0,1.0,1.00970063540239e-22,1.0,1.9894848958555143e-11,3.097363062486323e-36,1.0,1.0,2.7438528496227664e-19,6.67096807098746e-08,0.0002656169537674238,1.0,1.0,1.0,0.0001136317111754029,1.0,0.0027546740126037877,7.032805146775314e-27,1.3592145735945315e-12,2.0477787491802656e-20,1.0,8.367720360259461e-08,1.5768479506655278e-39,1.0,1.0,1.497370876713254e-15,1.0,1.82355659699788e-07,1.0,1.0,1.0,1.0,1.0,1.0,0.5607645704854307,1.0,1.0,1.0,1.0,1.0,1.0,5.1506435343083074e-24,1.0,1.0,1.6845283531048958e-08,0.005795844708782754,1.0,1.8876989555157244e-17,6.598628015113981e-11,0.00018506045417311315,1.0,6.45130393379248e-14,2.3596654020501313e-08,1.0,0.15475494437376588,1.0,0.1502137897784585
205,1.0,2.9239900882844935e-08,0.29960466683857123,1.0,1.6672275990543319e-65,1.0,2.0033406926445785e-14,4.9933442783927625e-56,0.0001428172183065048,4.11251582340398e-62,2.9594376982442615e-35,1.2069443988273922e-09,1.0,0.0033737775511826,2.86802740130703e-13,1.0,0.003581881587496381,1.0,9.694155864886607e-06,0.266009430790062,3.281688568515474e-10,0.033617566060502035,5.731819601447289e-45,3.4749556376918834e-16,0.059183146232393825,2.1477822080774918e-29,1.0,1.0,1.361489735411437e-36,1.0,1.2156517247585764e-07,1.0,1.8028431895402253e-06,1.3115949474996394e-10,1.0,1.0,1.5089729777809868e-18,7.316199249545138e-83,1.0,1.0,1.3440597918324438e-06,0.0009876150422958258,1.0,0.0060874515424059845,1.0,4.798932677434107e-23,4.564571380039055e-40,1.0,6.335154254669645e-31,9.605850745458779e-19,0.05406590817418741,0.19458043998342536,7.054105600521829e-79,0.0026146191459951946,1.0,1.0222314756392464e-21,1.0,1.0,8.928583457661361e-38,8.927487343821558e-39,0.0009085305503360545,1.649439465032951e-07,0.04988953040860309,1.4000843656231192e-19,7.835044772736448e-07,1.0,1.0,3.0164380586647586e-36,0.03584791714066656,1.0,2.519061893975481e-07,1.0,1.76859456003984e-21,5.768611983847768e-09,1.0,1.194383253023585e-44,5.819547612849116e-23,5.7303658903823345e-09,1.0,1.0,2.626846914282799e-35,2.915709235804436e-07,1.0,2.4118912171130573e-16,1.894045028272874e-09,1.0,0.031246720383435893,1.0,1.0,0.00985458594110946,6.19986253210707e-07,0.300198957136782,0.9125759003619821,1.0,1.0,1.0,1.7442041544508393e-05,1.0,1.0,5.976133368047628e-20,5.5255275094572015e-09,6.3979625822110896e-102,1.0,1.0,9.011387239838174e-12,1.0,1.0,1.0,3.8735636036674114e-10,1.0,1.0,1.0,1.0,0.23046591062025273,3.457284305928254e-31,2.250577065373378e-57,1.0,6.344146179446338e-07,2.1424189313465085e-05,2.1023285572039145e-05,1.6335849310349109e-06,2.668421199587945e-28,2.0204676557528458e-09,1.0,1.0,0.00043024943807970436,4.756541068144348e-14,1.0,1.0,1.7502923093473666e-08,5.851010044790055e-24,2.0052464760758954e-19,1.0,0.015205219299484386,0.3791786856324687,0.6150326123529459,5.894724031727021e-10,3.1129307021632247e-09,1.0,1.0,1.0,1.5718205276003795e-40,2.133593570054868e-21,1.0,4.104004889723289e-14,0.01911987537338979,8.273514458813997e-18,1.0,1.0,8.32181873899218e-61,5.206350542514188e-10,2.5872261216323167e-97,0.021042018259253302,0.00022500057854280933,1.0,0.004651178319916881,1.0,1.3626437561317928e-13,0.08148225449597032,6.473498486749045e-07,1.0,1.0,0.031725504704682536,1.0,1.0,1.0,4.256238981126911e-07,1.0,4.791476754175231e-11,0.00717940074511426,3.3174677435765403e-37,0.007550774575707706,0.0009861555285306987,0.6593667813374507,1.5795060964703594e-08,0.001483764103870926,1.0,4.459235031471588e-56,1.0,1.8217191940700804e-08,1.0,3.8927904113011815e-05,1.0,1.0,1.0,1.0153639146050423e-15,0.0031225027739029765,2.094708561853321e-07,1.0,1.0,1.0,1.4239929344014785e-28,0.0006362265743640208,0.0023187671300258696,1.0,5.178721582139514e-08,1.0,0.44445337022961345,4.479123319060023e-61,1.0,1.0,1.0040134634587844e-38,1.7706747538302293e-22,1.0,1.0,1.0,1.0,1.0,0.015458655448169724,4.281178284536478e-15,1.0489199124445557e-48,3.1111853640372225e-29,1.211422184855419e-06,0.001146484352681584,3.738518200024202e-22,7.600445538006763e-65,1.0,3.47554460308025e-10,0.001220924312947366,1.0,1.0,0.037701917624238745,1.0,0.9663824399548157,3.6708741882562434e-07,0.0051563844350362605,1.0,8.763880543812894e-11,3.0218206421454963e-07,1.0,8.674640483249897e-05,0.0003143475105578525,1.6714668753343318e-09,1.0,1.590557979590584e-09,0.001089158721714247,6.721814710495878e-05,2.619966548203405e-22,9.732252255502574e-14,0.0008691166774655422,1.0898189720553716e-34,1.4310333131676356e-25,1.0,6.364199898235688e-05,1.1318066482155727e-29,9.5094235612971e-22,1.0,4.029554209241464e-11,1.0,1.0
206,1.0,3.5760584263733374e-08,0.32588961228892577,1.0,5.162721541231117e-65,1.0,2.6967360408573927e-14,1.3138797373713244e-55,0.00016370355357890062,1.1922904322101393e-61,5.558250469045688e-35,1.4408273985685169e-09,1.0,0.0037738179167300548,3.7611273973769664e-13,1.0,0.004000139740002432,1.0,1.1262991958747673e-05,0.28814960535677936,4.083482126239722e-10,0.03688125212531439,1.2064763381433419e-44,4.720462633341944e-16,0.06302654348936429,3.558061503933976e-29,1.0,1.0,2.497376999953992e-36,1.0,1.441759495001799e-07,1.0,2.09775393993368e-06,1.6216380019272027e-10,1.0,1.0,2.0878829237094322e-18,2.539766693238191e-82,1.0,1.0,1.562323870353934e-06,0.001101405149233325,1.0,0.0067114840783021375,1.0,6.677248401601529e-23,8.51485077688e-40,1.0,1.0356758169679206e-30,1.3230851880343394e-18,0.058723688571637074,0.20965201047909993,2.237172182582014e-78,0.0028920344964038654,1.0,1.4612294128350865e-21,1.0,1.0,1.581285627555339e-37,1.6027755968610467e-38,0.001009122017465822,1.928330230413096e-07,0.054071502485975094,1.9279672248406323e-19,9.06814927757421e-07,1.0,1.0,5.173521975486682e-36,0.037960305931591755,1.0,2.9286347959284737e-07,1.0,2.481932746965395e-21,6.85162223615034e-09,1.0,2.276518435243082e-44,8.302965813030287e-23,6.789336991047679e-09,1.0,1.0,4.377989827022072e-35,3.3729449041502476e-07,1.0,3.000509912662294e-16,2.2527336798231477e-09,1.0,0.03380476626731327,1.0,1.0,0.01072175766571997,7.109510131367537e-07,0.32018551599828593,0.9479466186717546,1.0,1.0,1.0,1.9607996475069946e-05,1.0,1.0,8.019300560428727e-20,6.476393121752957e-09,2.2976505978950334e-101,1.0,1.0,1.0903389799319322e-11,1.0,1.0,1.0,4.589056931545559e-10,1.0,1.0,1.0,1.0,0.24538110352516557,5.236298557622418e-31,4.6187833232825235e-57,1.0,7.209370367021904e-07,2.3228724401243396e-05,2.2788684021550457e-05,1.8442351625319627e-06,3.8685953311156165e-28,2.357893166865073e-09,1.0,1.0,0.00047145219025054706,5.611843987635799e-14,1.0,1.0,2.0138602560322225e-08,7.978976191807809e-24,2.599446342905329e-19,1.0,0.01633848541856316,0.40110601885389563,0.6489925844728183,6.647671600335481e-10,3.598884457249918e-09,1.0,1.0,1.0,2.543306225438659e-40,2.808545451180824e-21,1.0,4.9834983366389565e-14,0.020477468156325694,1.0436457728605881e-17,1.0,1.0,1.6295324788086723e-60,6.026217320298309e-10,7.319431869126671e-97,0.021998814285009802,0.0002450649395652028,1.0,0.004996953979713365,1.0,1.6261361113429552e-13,0.08634566683437546,7.218758287818656e-07,1.0,1.0,0.03373652900934703,1.0,1.0,1.0,4.7477141603128597e-07,1.0,5.551819460895059e-11,0.007676928441984998,4.944747332551516e-37,0.008069725833528944,0.0010630316751772946,0.6908158800796049,1.7795967315950865e-08,0.0015938659174310006,1.0,7.829614272686396e-56,1.0,2.0496427056810365e-08,1.0,4.2387642047531385e-05,1.0,1.0,1.0,1.2182963114834568e-15,0.003337903639960871,2.3261559875426086e-07,1.0,1.0,1.0,1.9118603276790759e-28,0.0006836095042144999,0.0024776804107624756,1.0,5.611437413288691e-08,1.0,0.45695105688494403,7.963521633012429e-61,1.0,1.0,1.464819809542011e-38,2.2404020327466817e-22,1.0,1.0,1.0,1.0,1.0,0.016374743876426987,5.065032333323002e-15,1.6588441392390828e-48,4.160231767998948e-29,1.2963501263019974e-06,0.001226114337759934,4.695993061182673e-22,1.3730168240213284e-64,1.0,3.93190282119497e-10,0.0012768211461422253,1.0,1.0,0.03973920619933669,1.0,1.0,4.036002892725818e-07,0.005470813658421296,1.0,9.922944206512896e-11,3.3210445867230687e-07,1.0,9.330706156278034e-05,0.0003364120507873758,1.8676079621645992e-09,1.0,1.7261359890977715e-09,0.0011594898166771136,7.219855777748645e-05,3.224469243719605e-22,1.119397263360926e-13,0.000924418745627389,1.4678786814656006e-34,1.7962245364082187e-25,1.0,6.816378324707801e-05,1.460551510574675e-29,1.155902727952755e-21,1.0,4.522184997439003e-11,1.0,1.0
207,3.477283772003976e-05,1.038926189708701e-19,3.046655351579639e-09,1.0,3.884599283127306e-90,1.7735826837705781e-07,6.377387113613537e-28,6.006048059327863e-79,3.00527287292975e-14,4.681645084199479e-86,4.18062132405169e-54,0.1638787954920282,1.0,4.408016132286837e-12,3.5118358859079523e-26,0.0027024494090717665,5.558805193777847e-12,1.0,9.884365138692225e-16,5.222240278180111e-09,6.215674115853799e-22,2.384474506702337e-10,3.4357181557839004e-65,9.676697403544236e-30,1.0,2.4716270099467437e-46,1.0,0.24144866361627498,5.532484741856806e-55,1.2801261284359001e-07,4.324105761424706e-18,0.12081246737406083,2.214589724070687e-16,4.514250797450777e-22,1.0,0.0009575622504390326,2.324824237099849e-32,2.22776117692164e-108,1.0,0.0022123520000926983,1.9129286796934399e-16,2.545119544863303e-12,1.0,3.847872716459907e-11,1.0,2.947462957658784e-11,1.3640572577170047e-58,0.6437880570961946,1.5614212645771169e-47,1.9833714222876368e-32,1.2739110981279384e-09,9.485396685142934e-09,1.8096767836694057e-103,1.3887493194144318e-11,0.006224453704664656,4.539800137491058e-36,0.0025961762748656593,0.00017058356223069145,1.6081623131025232e-55,1.0317154599769568e-56,3.813361460202079e-12,1.9663154958449492e-17,1.623939750846136e-09,3.3843656960567746e-33,1.8239190382513808e-16,0.5654673344107085,7.544464721827264e-06,1.7097979598043876e-53,1.0,1.0,4.6440051366326316e-17,0.0003878231354784876,2.0294655567343674e-35,2.8375184845321967e-19,1.0,2.3449990479940613e-63,3.4303546191526614e-37,3.468731929703255e-19,0.5495810788430325,1.0,4.463477433693059e-52,8.284642198241626e-17,1.0,8.166620061466896e-07,9.586015094621741e-20,1.0,1.498621849152781e-09,0.00020242533121504923,1.0,2.987026597675106e-10,3.570761320382699e-16,5.991892835437909e-08,1.0,0.00018580921498868367,1.0,1.0,4.265411993690862e-14,1.0,0.0015410073568328454,6.708423730735429e-33,8.365256472784931e-19,1.7270953655029596e-127,0.003804311285150376,2.25816872059142e-06,2.118221109638308e-22,0.3049308283665536,0.2294808213130708,0.06960251644889649,3.248715305940805e-20,0.04491602447786452,1.0,0.2038351972263505,1.0,6.58443157246243e-08,2.737216153665249e-46,7.405771600565523e-77,0.005369993709391679,8.696236267067503e-16,1.0,1.0,3.747413397282223e-15,1.3092189880477411e-42,4.984274459784763e-19,1.0,0.0008599844007627051,1.0480302470600486e-11,1.097027611358923e-05,1.8733421403783303e-05,1.0,1.1791330106051715e-17,4.428183751548603e-37,1.6414344272110025e-31,2.422607720323488e-05,2.2561149191980227e-09,2.6738046151799414e-07,5.693568670243904e-07,0.0068473988165831815,1.6556250845016918e-18,1.0,2.3186567212064797e-05,9.511954614655301e-05,1.4041636452474428e-56,8.950348127593022e-34,0.0006768531402685893,1.1698817304761257e-24,4.294533000433482e-09,3.0412319900646606e-29,1.0,1.0,1.6034688332955236e-79,2.9888312706798525e-19,2.6410114451947542e-120,1.0,1.2718519527575834e-11,1.0,9.05518897807001e-10,1.0,1.2992731923740851e-23,6.466495291938142e-08,5.866544031167371e-15,0.7218611705161825,0.1663329141587596,1.8181148325468125e-08,1.0,1.9468165460770906e-05,1.0,3.9222263860082886e-15,0.013156262826903227,3.1058397009942153e-20,2.473858150522844e-09,8.902854046925442e-52,2.779481263738722e-09,1.6164981279428633e-10,2.096855799568569e-06,7.62839704094749e-17,3.603930505362884e-10,0.0009571435600308302,3.56406235446612e-73,0.00012425214634292588,9.922515815829248e-17,7.6144370041198334e-06,2.938469468073763e-12,0.04360871368503871,0.04615702575108662,1.0,8.86684533722304e-26,1.301650772216644e-09,3.3071905553872584e-15,0.01959145043798502,1.0,1.0,3.9181909302074365e-41,1.7083987662110506e-10,1.076461653092359e-09,1.0,0.0406210983322644,1.0,1.0,2.7448564661887747e-78,1.0,1.0,8.050824808826267e-53,9.199342539007352e-34,1.0,0.0001136317111754029,1.0,1.0,1.0,1.8334230988358523e-08,9.864043905203225e-25,3.881595115030438e-64,1.1241620531812114e-41,0.3134043468834676,5.275782938784842e-10,2.9769515978031915e-33,2.973730868721076e-82,8.804141771461953e-06,1.5896525399061794e-18,1.0,1.0,1.0,8.177363797042468e-08,1.0,9.221421359512687e-06,1.5736924050034285e-14,5.7845560003104435e-09,0.437080686249225,4.1139700124279364e-19,1.379099088430727e-14,1.0,2.6568086494266836e-11,1.5807604386674033e-10,2.1913101144401638e-17,0.19577135341471358,0.0017982344115337258,9.48938971966655e-10,2.546480900017869e-11,7.918148933617966e-33,1.7830274380376537e-22,8.83732911573757e-10,3.7827454194675445e-47,1.5866754087871548e-36,1.0,3.493071354368715e-11,3.140192775031435e-41,6.295957685284812e-32,1.0,4.515391728513838e-19,0.0005990109598429796,1.0
208,1.0,1.0,1.0,1.7486869586337803e-08,3.7444947120935133e-22,1.0,1.0,1.0537770812193057e-16,1.0,2.761203378706998e-20,1.1393586893081645e-05,2.377540771800585e-42,1.4070256534487735e-14,1.0,1.0,0.3753477931194941,1.0,9.21229177589824e-11,1.0,1.0,1.0,1.0,2.7421448852460722e-11,1.0,1.4361282898192622e-25,0.0017731289352355608,4.255420443076193e-12,0.014950320611841648,4.636743668584454e-07,1.0,1.0,0.05988935750354802,1.0,1.0,5.249959262856795e-19,1.0,1.0,1.6317846904446856e-35,2.4521913672986466e-06,1.0,1.0,1.0,4.511109221627824e-12,1.0,0.000717094269694964,2.7383765980111377e-62,1.8087063269998098e-09,0.023199255850985877,8.066219396406929e-05,1.0,1.0,1.0,2.0632267294727883e-33,1.0,1.0,0.9091428496043498,1.0,1.0,1.330322639757217e-08,3.844207935811288e-09,1.0,1.0,1.0,1.0,1.0,0.07795754822521227,1.0,5.3253702177587795e-08,4.3713448483046566e-24,3.436156424336517e-08,1.0,1.0,0.6009594540985247,1.0,9.636327520447771e-07,8.828150066055914e-13,0.12138514767271938,1.0,0.16419285745700404,0.01879680536939912,8.208887314471365e-08,1.0,0.008019223554691713,2.237545451438611e-49,1.0,0.006120432798411904,1.0,1.0,1.3453535473252776e-06,1.0,1.0,1.0,7.163038170352964e-20,1.0,1.4379472735886875e-09,0.0004206096457236695,1.0,4.17929393877128e-14,1.0,0.8529816253065874,1.0,2.66824450423046e-52,1.0,1.0,1.0,1.0,1.0,1.0,1.0,1.0,8.133511166538808e-14,1.0,8.458559990345831e-16,1.0,1.5660730795843905e-06,3.3809833947373956e-22,1.0,1.0,2.0277116321017655e-28,2.217542057052715e-28,1.0,3.0948642535160294e-05,1.0,0.9156128214393026,1.0,1.0,5.294839891208024e-43,1.0,1.3096035449517766e-05,1.0,0.002587309580523039,0.35077713981525266,1.0,1.0,1.0,1.0,1.043534163693952e-35,1.0,0.5389840355261853,1.0,1.0,1.039534287987592e-12,0.030563241934367387,1.0,1.0,1.0,1.0,0.022993666555112847,0.0017589327904266837,3.2541511632209086e-26,1.0,2.755241352491697e-52,6.4537695119033006e-21,1.0,7.702842926590286e-05,1.0,1.0,1.0,1.0,1.0,1.0,1.0,1.0,0.10602097204902788,1.0,1.0,1.0,1.0,1.0,1.0,7.571340887566514e-12,1.0,1.0,1.0,1.0,1.0,1.0,1.998289885201395e-24,1.0,1.0,1.0,1.0,1.0,1.0,2.8715891670469366e-15,1.0,1.0,1.0,1.0,1.0,1.0,2.3396445069107098e-07,1.0,1.0,1.0,2.978733495767028e-29,0.5024904327334413,1.8544233865390605e-16,1.1700677002788833e-28,1.0,0.46523355716378845,1.0396852852679258e-13,0.00042315004172141816,4.993271408282586e-08,1.0,0.015458655448169724,0.016374743876426987,1.8334230988358523e-08,1.0,1.0,2.1451716371553652e-20,5.098367595357145e-08,1.3636437428351276e-26,1.0,0.00047001028882366635,9.963930706715963e-32,1.0,1.0,4.5097944378559156e-21,0.20714524689256802,1.014483391735609e-11,1.0,1.0,1.0,1.0,1.0,1.0,1.0,1.0,0.00665017902230883,1.0,1.0,1.0,1.0,2.4976731835318672e-30,1.0,1.0,8.351035149235545e-05,1.0,1.0,1.775256043124392e-12,7.220823909613207e-07,6.332516345710483e-08,1.0,1.8376511115201393e-09,9.376144970062259e-05,0.11996980580620038,1.0,1.0,0.00023634129684515633
209,2.7313857196120298e-17,0.001718312735882596,1.3670707898578454e-11,8.85415938156235e-33,0.00809211374398365,5.116796496279268e-13,1.0,1.0,1.8017227902550907e-06,0.05665347582783495,1.0,3.0126895893470313e-83,1.529349226602303e-42,9.32968880275588e-08,1.0,3.4949782423058025e-18,1.4234708552558004e-07,6.45929688130205e-36,0.00012477061915428433,4.3379889800439555e-10,0.3247984435072797,2.2250820342023236e-08,1.0,1.0,3.0165472662754376e-58,1.0,1.7331509509168996e-37,1.534481793215709e-20,1.0,2.6394374019889623e-10,0.029094676752516337,5.21129700110568e-19,0.0053965787715872186,1.0,9.097196059927881e-48,4.5933583088686745e-15,1.0,2.6459626672012356e-11,4.4519758961336355e-27,3.2387000019885996e-15,0.012771583028336427,2.975125573660356e-05,1.2665081555118214e-36,3.713959997324331e-06,1.899386453280919e-22,7.601959766914083e-107,1.0,2.046815466108853e-19,1.0,1.0,4.1086774194653844e-07,6.932388304690526e-08,2.782142203418986e-10,2.24553199142135e-05,3.868836671883596e-15,1.0,2.1067210840165988e-14,2.8307735101202237e-12,1.0,1.0,0.0001623823833513416,0.23260984104366716,1.7787841118372297e-06,1.0,0.0926090034678048,7.484096424382371e-18,4.993425279750621e-10,1.0,8.896396710982243e-54,2.773186601257457e-29,0.3069666450889692,4.928669205820753e-12,1.0,1.0,9.666560076736498e-27,1.0,1.0,1.0,7.441997965322232e-17,1.0382399553870942e-18,1.0,0.5923546618935863,2.5366707043757866e-19,1.147378279804736e-87,1.0,1.9032597530503848e-19,2.9991655018175656e-05,1.630032969166692e-10,6.14312966704873e-26,0.00016781202518873528,0.8422206236974695,3.6181904714877065e-06,1.977180238916121e-46,5.813147491918665e-10,1.429419016764401e-30,3.1499433365120187e-21,0.11566919029593604,1.2519273355278029e-37,7.016329607259903e-11,1.0,1.0,3.1442028033402224e-24,3.887562667179133e-11,4.88253630341459e-07,1.0,3.575037751500862e-14,6.895706975848962e-14,7.114904367754887e-13,1.0,1.948266593440854e-12,1.1491219564297359e-36,1.8543097576872782e-13,1.2670756517934247e-39,3.3691214864152505e-05,1.0,5.6029438354034896e-05,1.5241758859143177e-10,1.0,2.2500266156220135e-57,2.929396600845892e-57,1.0,1.0,1.0,5.041683561672587e-14,1.0581361510861197e-08,0.09647382766205037,1.7505551176660864e-76,1.3144710098297431e-06,8.648966061039377e-23,1.0,1.0,1.0,2.390164823390799e-06,0.007307401940684036,0.00017921015807670324,0.00010131293275170145,2.6171751354862113e-66,1.0,4.4462831086306446e-14,5.537124321430841e-06,1.2668947673367592e-06,1.0,1.0,2.269440510046578e-07,1.0,0.014332984659765992,1.0,1.9888672060919432e-16,1.9325969248346485e-18,3.2794520869996774e-08,1.0,4.3295173678879463e-26,4.986282371981465e-45,1.0,2.1186264206104938e-20,0.19473885262198995,5.895010685069586e-11,1.0,0.019005509147076556,1.0,3.0972452860178307e-10,4.028817367147251e-09,0.0659672638985764,1.480181272053339e-14,0.0003096715575095379,2.4180075239483915e-11,1.0,3.015466618141598e-07,1.0,0.3599574992148539,1.0,0.3862550801771123,1.0,0.006351858507066786,1.0,1.0,2.9550609354650973e-05,8.711932584966512e-08,0.0002458364521586915,1.0,0.003960936021198753,1.0,5.436781105504605e-07,5.345637148982281e-07,2.0018751844012155e-35,1.0,1.0,1.0,3.0656752063813874e-06,3.809530579040619e-10,9.813058095914906e-11,1.0,1.0,1.0,1.175081279670868e-10,2.6909403769970795e-54,1.7752608537765175e-12,1.0119820725169694e-36,6.111731166139343e-11,7.496167004939582e-12,1.732267403421465e-12,0.09927766544606152,1.0,4.109761990072926e-24,0.0027546740126037877,4.281178284536478e-15,5.065032333323002e-15,9.864043905203225e-25,1.0,1.0,9.86843632485115e-06,1.0,2.1629003304230476e-50,1.0,1.0,3.1120292891360297e-13,0.0389839099952574,1.0,1.0019038795380749e-42,7.59919387573413e-13,2.651280843577289e-29,1.0,3.676696448550219e-08,0.08065785794968061,1.0,1.0,1.3912505452216596e-06,1.0,1.0,3.2658665341236806e-15,1.0,1.0,1.0,1.54607736223817e-05,3.3262400816077e-54,1.0,1.0,1.0,1.0,1.0,0.12370981000337566,1.0,1.477595239660366e-22,1.0,1.0,1.0,2.3751688446812626e-12,1.0,0.07267009994679684,7.972393891111636e-17
210,8.978111748062e-71,5.902246413344967e-41,4.3016236321503e-59,2.853528218493686e-97,1.0,2.768560973761238e-61,1.3614906071977924e-29,0.08777113169668004,2.1744179323946673e-47,1.0,1.5907087972733836e-10,5.44652692615497e-173,3.9636252839819733e-112,1.0434809989008783e-49,1.2328383146117208e-29,4.202016009068954e-70,5.578355598937906e-49,1.6331066983184679e-100,4.503458292571509e-42,5.27969475417943e-54,3.676858301954154e-33,5.893489225281923e-50,0.0004513037918963847,5.313881304465969e-24,9.242861277465822e-134,5.7297857103436665e-12,1.8043262481205148e-101,7.6156010968539e-73,2.5156472578066156e-07,5.502798027677435e-53,7.76583366525897e-35,3.246752185269128e-69,2.038870071529466e-36,3.262263085275124e-29,3.068144861628006e-116,7.689919542541368e-62,6.689981180703245e-19,1.0,1.0686464273497066e-82,1.1499277814536806e-61,5.218249155425205e-35,2.875379568867149e-41,4.7952319869979105e-98,2.8010162421795683e-43,1.9977739179629458e-74,2.6639689135868473e-199,0.00036993926852516365,9.111698485182093e-69,1.686540871047447e-08,1.053776676289553e-17,5.99078331895659e-45,1.5109108459896699e-46,1.0,5.34509338089144e-41,1.171126220173063e-60,1.78537972308307e-14,3.582787519996731e-59,9.307640531573735e-55,0.0002945473131349888,0.0007751342391040091,1.7547189651667643e-38,1.1268096226695882e-30,1.0584069879953769e-42,2.189000850423271e-15,1.3208929070659e-31,1.5204540558609632e-64,8.020407978033552e-50,0.00021477866743076503,8.885755979322591e-122,8.446768187632838e-84,6.543402480692609e-30,1.7119011236714899e-53,5.312384379220073e-13,5.336538860319729e-27,2.0487422124637416e-79,0.458021439024344,1.5679277694510775e-11,3.0034603330548333e-26,8.755632352666834e-62,4.462301956675247e-65,0.0004985545472558874,1.5150650943567245e-28,6.980119692820561e-66,3.039514211735014e-168,7.993175306590538e-25,7.811179727557002e-66,1.4378861322786325e-38,2.4870402209110603e-49,1.1772708901682411e-76,1.1602766202241434e-36,1.833375833678299e-27,5.42356254824509e-40,4.875255530168879e-108,1.0550680050956227e-47,2.134145730401006e-83,6.5344342506014656e-68,1.9298747854920732e-29,2.8160223467545407e-94,4.011684973606061e-49,2.1422634343866452e-11,5.098700400549437e-23,1.0,2.8108096987085488e-49,4.855489611397896e-41,8.980163454326923e-19,9.466977313893134e-55,3.529250160560092e-54,3.0816877391120124e-52,1.6224986527922372e-20,2.607671116185026e-51,1.5245635464621283e-91,4.725727957888291e-53,5.778595980308722e-96,1.0368806603043e-36,0.0014952899704288635,1.0,2.8048041324038985e-47,3.129407468389192e-24,2.733930815408548e-121,5.450258390572462e-121,2.900798659063864e-24,0.0002676974838534271,9.467827279731372e-20,5.592534461534329e-53,6.47895139037712e-43,7.086332045754699e-28,6.390026248303935e-147,1.4741734890515056e-38,1.0638358453770055e-67,4.632414241761303e-20,1.0326970873906695e-05,1.4197136025616308e-08,1.3594121202547566e-37,4.9031422796671065e-30,1.2523229740883422e-33,4.069683175315366e-34,9.134467579039931e-132,4.790061894402131e-18,6.0649782627057425e-52,1.904205017711026e-36,9.72245883874704e-38,1.0,1.3195163322924908e-06,5.7337769063569323e-39,6.930787481406231e-12,9.854150548013801e-29,1.286998849844214e-08,2.418424695717174e-55,9.384296395909108e-59,1.0,2.9023334865778947e-15,0.12095678883745302,2.746886330238179e-99,1.1362957689145474e-22,5.499636543531642e-61,3.790086747461071e-25,1.4431024707604431e-44,2.3353258465685835e-10,3.1589845873136506e-27,1.1656885215317299e-17,8.419667905412617e-43,1.1177301361458666e-40,8.842400947809225e-26,2.219933806684172e-50,7.536622284283034e-31,1.2897949745885267e-44,6.693559980655707e-17,8.432196044443809e-37,5.42795967132853e-12,8.710097804288618e-24,1.0,1.2493638511738445e-23,7.654340645557505e-22,1.89684490347638e-27,6.829365373597326e-14,3.3021863403635236e-21,3.633263394885176e-32,1.0,2.821580548801257e-30,9.556477598705546e-14,1.3873547916749072e-27,7.99076001735014e-18,2.8659259487063685e-35,2.96212035352288e-35,1.1492258603230643e-81,2.0328147775273246e-06,8.788483211630313e-21,4.023468647463886e-14,1.712896679117113e-33,9.263528260132953e-41,9.376356190026986e-42,1.0,7.535271921295042e-19,1.2811524029889976e-19,2.211425683856944e-41,1.0500960152239344e-107,1.4730234668848873e-44,1.2367959961198095e-82,1.0,2.14433735009231e-43,1.953973220782765e-44,1.0,0.0833374537300016,2.6501117386864335e-63,7.032805146775314e-27,1.0489199124445557e-48,1.6588441392390828e-48,3.881595115030438e-64,2.1451716371553652e-20,9.86843632485115e-06,1.0,1.0,1.658190875645766e-101,4.750556749140563e-18,0.12609873692968276,1.0,4.0007698658625956e-24,1.9947223480385755e-09,2.6361995067608868e-90,2.8655286028762896e-44,2.5220928281598905e-70,4.025286173972339e-20,9.03635431115725e-36,5.218646752211254e-23,5.252342795033179e-12,6.431108192338523e-18,1.5701033150172978e-32,5.512182942083123e-08,1.4543653909775347e-11,1.492413749689988e-47,1.9677682750516518e-14,4.441002504042643e-15,1.3366206842897287e-08,6.1629811445538625e-30,2.4936135095914455e-104,1.5853453471486491e-15,2.769869840334942e-13,1.0,0.0002525892417758481,1.6087844064230305e-14,1.0,1.0,1.595788057749795e-57,5.292637231177201e-12,1.0,1.0,5.444552737237302e-41,1.6771960231892385e-05,2.219784616111924e-21,3.6837438988413383e-48
211,5.021928907358274e-39,1.4564396451535642e-17,1.676855637905039e-30,6.483488478844172e-60,1.0,2.2058765688259174e-32,3.3583875676966093e-10,1.0,2.644026398533782e-22,1.0,1.0,1.2568447635209605e-122,3.1490268034119853e-72,3.6710604145888514e-24,1.9444756144647347e-10,1.9528981186024073e-39,9.26336614957572e-24,2.7268717696894516e-63,6.163216906551932e-19,1.5861278638374398e-27,6.648929834013836e-13,9.492136971418579e-25,1.0,4.0299309695718084e-07,5.291286303255624e-91,1.0,1.0250985177218862e-64,3.765429246529893e-42,1.0,2.4782975305542127e-27,1.9856207131978494e-14,1.051353147968224e-39,1.3085320814054912e-15,9.427806313672176e-11,2.821973830821822e-77,4.05335550044899e-34,0.00023485824629995234,1.0,1.9308866210289293e-50,3.6323243893418503e-34,8.289954905027779e-15,3.451047794775549e-19,8.281894116589121e-63,1.2555614652563232e-20,4.3111900100442626e-44,5.58934271001087e-148,1.0,7.919369356970746e-40,1.0,0.0008914190378136793,5.541726839394585e-22,3.691241492125342e-23,1.0,3.3821579677492885e-19,9.697833874893673e-34,0.05279633951803834,1.1791087939996588e-32,1.817322736705032e-29,1.0,1.0,1.284173490221905e-17,3.119299024700758e-12,1.0969334499582038e-20,0.012595143567144005,6.622591072796746e-13,3.871381172582165e-37,5.469296807052861e-26,1.0,2.375268767440189e-83,2.2901477863825832e-52,7.172970371123987e-12,7.916207731743264e-29,0.21813403931302366,5.96776092395577e-10,5.906067996913337e-49,1.0,1.0,1.472189687685347e-09,2.1327758541235478e-35,6.016811706583076e-38,1.0,3.690332248524325e-11,1.1096747148237537e-38,2.0436895238804557e-123,1.0184959778319322e-08,9.459555181055344e-39,2.9673526351991776e-18,3.516988111181963e-26,2.3823509661537333e-47,5.565486446045015e-17,1.156072245253331e-10,1.719411626795154e-19,3.7411111298867506e-73,3.5532095627008414e-25,4.47865811516596e-53,8.877963146127298e-41,4.2127220347817494e-12,5.395462068792702e-62,2.2238453156866137e-26,0.7717691246765986,7.004906559980518e-08,2.1566982369859964e-09,1.2591150953262735e-26,1.5111462253002974e-20,3.0533496481117205e-05,7.373472108396287e-31,1.9289353543458664e-30,5.466058025771465e-29,2.189951482814234e-06,2.502226856193793e-28,2.749758474480722e-60,1.0302127984411273e-29,5.846354848552674e-64,1.445486426216646e-17,1.0,1.0,1.8586102930828096e-25,5.9230834237693075e-09,1.994837988960225e-85,3.1150225295765333e-85,4.568188842914985e-09,1.0,3.971056059699385e-06,4.292194556827054e-30,1.7020199264892695e-22,1.1939935557704413e-11,9.318510769284266e-108,2.4872587481955327e-19,9.090960907243955e-42,1.847399626614703e-06,1.0,1.0,8.720739955817705e-19,2.4281498879273123e-13,6.611879695172217e-16,2.8227908790359365e-16,2.9324310653821896e-95,2.664499180290052e-05,9.543124220845037e-30,4.2838282861846175e-18,4.732888542505085e-19,1.0,1.0,4.596193429569787e-20,0.12084717973779617,1.1928664789810126e-12,1.0,1.1150833139146866e-32,2.2781349265640057e-35,1.0,0.0008635234697534404,1.1002843147089005e-11,9.55905852782184e-69,9.540402235939008e-09,1.455794865550661e-37,1.8189067651366854e-10,9.16834594934229e-25,0.522498016157995,4.9526622957183655e-12,1.5655810898561672e-05,1.3716709041931477e-23,5.400067322552443e-22,4.399122598517325e-11,1.698341583772622e-29,9.636697109716099e-15,4.6279434150482585e-25,4.15812627990269e-05,3.449711204889896e-19,0.045839700017737184,8.904672719251691e-10,1.0,1.0688833708793123e-09,1.8011000449470928e-08,1.6841313581757568e-12,0.002401687313670454,3.5550167417682244e-08,5.240954468715346e-16,1.0,1.2793310771231786e-14,0.002772230449180707,1.030050963291872e-12,5.503552528456516e-06,1.9273530165891744e-18,1.9261042379060913e-18,1.4870313926931879e-55,1.0,4.930202866535871e-08,0.0012075949439379406,3.108569291335698e-17,9.088819559698006e-23,1.4674196808195373e-23,1.0,8.205466424276675e-07,2.2755730787444008e-07,2.298602065462187e-23,5.91108074877771e-78,7.634227841610577e-26,9.100408130198826e-57,0.03681941913070338,5.758843877927728e-25,8.348394938387433e-26,1.0,1.0,6.104264064690171e-41,1.3592145735945315e-12,3.1111853640372225e-29,4.160231767998948e-29,1.1241620531812114e-41,5.098367595357145e-08,1.0,1.0,1.0,5.3640253143565127e-73,1.8974225108887836e-06,1.0,0.0009807536171251212,1.0516875531787841e-10,0.571808823974074,1.1833912380775982e-63,5.431757858087531e-26,4.2872013731828095e-47,5.5312826626690605e-08,1.7368216479003002e-19,4.640553231965181e-10,0.012501770292280875,1.523108891666198e-06,3.854700064700648e-17,1.0,0.02133408980129513,7.154744404746638e-29,0.00027362523263607885,9.598731130152633e-05,1.0,2.034635316518584e-15,1.6800130953958117e-76,4.225781453054939e-05,0.0011297292376692362,1.0,1.0,0.0001510341657768556,1.0,1.0,1.2143183942767017e-37,0.005183917376313359,1.0,1.0,2.114419413296414e-24,1.0,1.569093680585256e-09,3.4231140925590334e-30
212,8.114685518901553e-30,1.347099615623873e-54,3.947330003926675e-37,3.979758405688852e-14,2.1144447811246908e-151,1.445224767589787e-33,1.1348462640882713e-66,1.1869644777742786e-136,2.819419023588345e-45,8.117926432334253e-146,1.4803225002524231e-103,1.0,1.5573129495826615e-07,2.709131675879856e-41,1.9131319072615658e-63,5.4252230578374275e-25,6.468597724976101e-41,2.9225767449887627e-10,5.670220770069043e-47,1.3786912897401447e-35,1.367997352950927e-56,1.1802427909819684e-37,8.236314167916717e-117,6.515756826660445e-68,1.0,2.858030029232815e-91,4.992369557227461e-08,3.142114796883823e-20,9.9305911299977e-103,2.6961072831323603e-32,1.1374398186611743e-49,1.5415468872867082e-20,9.352427463226847e-47,1.4067402341699736e-55,0.010483925307182868,8.17996652114509e-25,1.7245571284263276e-70,4.158052462880205e-170,7.221104681572481e-13,6.954930992508882e-24,1.7318418243148982e-46,8.205454038971519e-40,7.91417442453846e-07,7.741716884605627e-38,3.972325619145753e-16,1.0,4.759891349658128e-106,1.7199011153973557e-18,4.5723017419607644e-91,4.535714143847868e-70,5.340141997107311e-35,1.813123318402952e-33,4.768489197425093e-163,3.191987554798823e-38,1.33843649520254e-22,6.364403572592422e-75,2.614181419980111e-23,1.9718070102062908e-25,4.49982752074279e-101,1.1797549458003971e-102,9.119191454859187e-39,3.693114756407724e-47,2.8306234255311206e-34,2.4708551219116998e-70,1.4929926231124524e-45,4.617319347287729e-18,1.102851260181719e-27,7.612142202126422e-98,1.0,7.866062281460216e-09,3.3208015015870462e-46,2.3119682255745153e-24,5.133450620918127e-73,1.5295976757864453e-49,2.8961199247622717e-10,1.4666781121192906e-110,2.7456372754603837e-75,3.945952181044337e-49,1.0446053197143223e-17,6.873404850089327e-16,3.549233284725616e-95,2.64323297491848e-45,5.5602420784648414e-15,1.0,1.0364758461790617e-49,1.566197439250406e-14,2.0914171318369002e-33,2.7059241312910655e-24,2.274308905290636e-09,2.0417285450189166e-34,9.541026136975277e-44,2.510781841400773e-30,1.0,4.368263355432103e-24,6.188359608707376e-06,7.466959637791475e-12,2.788322019126889e-40,0.012865367124942542,3.5557815498589075e-22,9.133767317499436e-68,2.532320066705674e-47,8.769210313746304e-188,2.918905946691767e-21,4.000801383698258e-27,1.932399257314729e-52,2.2867996606737393e-17,1.3284593132802816e-17,1.2437459549181406e-18,4.5105590289612785e-49,5.788560652130043e-19,0.032383600396473124,1.446749740725348e-17,0.40250110335542677,1.6410577109812462e-29,3.6258879256579904e-85,1.4785237228576103e-124,1.4670577698640326e-20,5.38424552567089e-42,1.0,1.0,8.680432958750412e-41,1.1364296216469091e-79,1.372133020021855e-46,2.436430122885763e-15,1.1498444863854066e-21,4.117550270804235e-35,1.0,1.3727251116618583e-24,1.0064223575264744e-07,3.8868350818020413e-44,1.9024886125991422e-71,8.998599669531666e-64,3.8096654878058455e-24,5.616086366851137e-31,1.5964744058829965e-27,6.1732511710763366e-27,1.0,5.400990498474025e-45,1.0788395224303051e-13,5.9415694955843036e-24,7.43442143255339e-23,1.1118022202041238e-96,1.933655803861681e-66,3.600304694007461e-21,1.5440002195953236e-53,4.4662394091904534e-30,7.114851307039505e-60,1.2596072903750628e-10,5.309184621975241e-09,9.93926250183875e-125,2.7511248379093973e-45,3.9781999983297214e-174,1.0,1.837816515913318e-33,1.4857784691422066e-06,1.6748392027245e-30,1.8835134537000653e-14,6.046333451446031e-51,2.7479872091661685e-27,3.084879315445509e-38,1.3750514762187215e-14,7.78184723361324e-16,4.800866173115893e-28,4.2225090123953154e-10,6.246038724556606e-23,4.631457163986479e-13,2.6876451103458557e-38,8.500061470273094e-18,1.0863741238171018e-45,2.9282318894391655e-29,4.319592016033875e-88,4.0773924513574826e-29,4.664568487014041e-31,3.2753702363998053e-24,2.455279318258701e-40,3.4412731304173125e-30,1.6566649950862054e-19,2.1194486984494025e-114,4.55916182086788e-21,4.540457876076187e-40,4.567139213164041e-23,3.474775027607517e-33,2.645396276449782e-16,3.0409845834047187e-16,1.0,1.3191659404628102e-52,5.696523277982312e-29,2.056240715573076e-37,8.613885388743984e-17,7.270413779380229e-12,3.672307038088023e-11,6.578392006611194e-73,4.050852404416941e-30,8.566457469003922e-29,6.498900185282971e-11,1.0,3.802419693907201e-09,1.0,2.2163497343537163e-119,1.2713148464965608e-09,5.862745602571704e-09,1.4188274495737028e-87,7.874822742182911e-63,0.1414276680149513,2.0477787491802656e-20,1.211422184855419e-06,1.2963501263019974e-06,0.3134043468834676,1.3636437428351276e-26,2.1629003304230476e-50,1.658190875645766e-101,5.3640253143565127e-73,1.0,6.322449822611932e-29,7.994133594066933e-62,1.4451191493033112e-123,4.0270848180896463e-22,1.8213097394083575e-41,1.0,1.0884313817373628e-07,1.0,3.173006086377571e-25,5.370253514905532e-12,8.251356357629097e-22,2.3941912835157946e-35,7.292203170226015e-27,1.881294258697453e-13,8.123127578040327e-42,2.818675067891908e-35,3.871385226751992e-05,3.0814619959296893e-30,5.485854939438643e-29,4.766017575312416e-39,8.018563428343543e-14,1.0,1.2043668832928102e-27,7.12565932445438e-30,1.2408874855943814e-59,1.2090819492458502e-45,2.222475880093413e-27,9.066521046699353e-78,4.497985442234458e-64,1.0,3.6934465008806685e-29,6.357819102901299e-70,8.100950285052024e-58,2.8097569458660293e-05,1.8947620446790026e-40,1.2142001324672645e-17,0.02639753952253975
213,0.10910622917409367,1.0,1.0,1.39689727288991e-10,9.655990156443867e-19,1.0,1.0,9.667724518590605e-14,1.0,4.9066681222579665e-17,0.0008926318696552575,4.984587670446191e-46,4.632919415074373e-17,1.0,1.0,0.01660617263241948,1.0,5.632872726194523e-13,1.0,1.0,1.0,1.0,7.014106044215649e-09,1.0,1.5431180771616689e-28,0.06718498264558496,2.3389506261737292e-14,0.0004894992213238918,4.388589986728802e-05,1.0,1.0,0.0023886348908937847,1.0,1.0,1.2792400649319889e-21,0.2740104591083603,1.0,1.8470073408227048e-31,3.8577357520561184e-08,0.19496294284553664,1.0,1.0,2.8266788051510692e-14,1.0,1.8947415984051628e-05,2.488615774123398e-66,2.5860239316017393e-07,0.000884806250167413,0.003847218109162502,1.0,1.0,1.0,1.5165746225666716e-29,1.0,0.15644532582477746,1.0,0.35841846566292984,1.0,1.4515355625066287e-06,4.707530894524181e-07,1.0,1.0,1.0,1.0,1.0,0.0036481807851876345,1.0,4.854753181296671e-06,7.850360218226263e-27,4.5404423251961524e-10,1.0,1.0,1.0,1.0,1.6506718758498972e-08,2.0548902409021145e-10,1.0,1.0,0.008768419884029368,0.0007965333712607171,6.6900708353120926e-06,1.0,0.00031645214037310816,6.24772145450499e-53,1.0,0.00023863146342594253,1.0,1.0,2.576061181125649e-08,1.0,1.0,1.0,2.4170750090470367e-22,1.0,1.7874203905177083e-11,1.3531683658385384e-05,1.0,2.825255262328971e-16,1.0,1.0,1.0,9.156692748034298e-48,1.0,1.0,1.0,0.10743706729754378,0.14999108797424393,0.5022044937934651,1.0,0.8139629245212332,6.209631142842424e-16,0.22354805340339873,5.113454746842178e-18,1.0,7.867818791245274e-05,2.482057313954536e-19,1.0,1.0,3.702735023711092e-31,4.104485405289936e-31,1.0,0.0011119377201493105,1.0,0.07176808641351609,1.0,1.0,3.5236227630425136e-46,1.0,3.7535442799993965e-07,1.0,0.055680845609153276,1.0,1.0,1.0,1.0,1.0,1.2594871853781286e-38,1.0,0.04224861460545031,1.0,1.0,1.3727231922831047e-10,0.4835058853041513,1.0,1.0,1.0,1.0,0.0013640381247073514,8.298816144489186e-05,2.66368541340726e-23,1.0,3.847565408137223e-48,3.195028101775414e-23,1.0,3.006507483411334e-06,1.0,1.0,1.0,1.0,1.0,1.0,1.0,1.0,0.008027251162104666,1.0,0.5259073456783353,1.0,1.0,1.0,1.0,6.624108324367602e-10,1.0,1.0,1.0,1.0,1.0,1.0,9.209674790813108e-22,1.0,1.0,1.0,1.0,1.0,1.0,3.303250092255002e-17,1.0,1.0,1.0,1.0,1.0,0.5617757501506981,8.259123163428632e-06,1.0,1.0,0.565118609741518,1.054174636238412e-31,0.050229188929642656,2.0246063454250513e-18,7.285388800648592e-26,0.11270769612568338,0.04652742399073096,9.737896964944815e-12,0.0077375194824262,1.511185540391011e-09,1.0,0.001146484352681584,0.001226114337759934,5.275782938784842e-10,1.0,1.0,4.750556749140563e-18,1.8974225108887836e-06,6.322449822611932e-29,1.0,0.008274194350475748,7.828095764009656e-29,1.0,1.0,3.433643746744928e-23,0.020071786154890917,2.0542735011567765e-13,1.0,1.0,1.0,1.0,1.0,1.0,1.0,1.0,0.0005006932720128893,1.0,1.0,1.0,1.0,1.0739650812574003e-32,1.0,1.0,0.0014682141642003304,1.0,1.0,1.0168781126269739e-10,1.7550204316840217e-05,2.4827496550116543e-09,1.0,6.57420130112535e-08,0.0015386887572687391,0.012839439281759898,1.0,1.0,1.589414073034256e-05
214,8.217568996256264e-28,4.536976320086777e-10,1.1182503885465257e-20,4.6710837241419665e-46,1.0,2.3348114296077256e-22,0.0002081753015849483,1.0,5.469501179782259e-14,1.0,1.0,1.4261809863190896e-102,4.062362461234887e-57,1.3752743980645447e-15,0.0001170810510622903,1.6056254089807785e-28,2.6609090042938936e-15,2.3374621808507224e-49,2.182408474992529e-11,1.78508334727125e-18,1.30856654490252e-06,3.1651879564613007e-16,1.0,0.02920972197217411,2.1526870070514196e-74,1.0,6.857772131738586e-51,4.222568333699128e-31,1.0,1.6028505845976712e-18,6.005684776415308e-08,4.000158462524146e-29,6.339112740753015e-09,4.246169389123354e-05,2.447565282411724e-62,2.437324401849312e-24,1.0,0.00014715718935804295,1.4438045049318456e-38,1.8897092123685087e-24,2.4212883273459583e-08,6.862327204757438e-12,1.5152263644104792e-49,4.4981952795476243e-13,4.534957281156628e-33,4.069924547075402e-127,1.0,2.0474134410215344e-29,1.0,1.0,2.993507174303682e-14,3.1036453239948767e-15,0.0006784620133865439,5.703389438448834e-12,3.2393660564394562e-24,1.0,2.6513918941635495e-23,1.2285802367890237e-20,1.0,1.0,9.414990107055215e-11,1.982098316718589e-06,2.6906947438905435e-13,1.0,5.617770865903505e-07,2.608121630006684e-27,9.114648350993917e-18,1.0,1.900611858922324e-68,1.0903019446885313e-40,3.3784927235863313e-06,3.2685253074574586e-20,1.0,0.00010558895634258842,1.042175498685106e-37,1.0,1.0,0.000196115452947618,5.91656243607706e-26,3.621572494219174e-28,1.0,1.0398837145319304e-05,7.539813666920725e-29,2.072097972548777e-105,0.0008106585527915259,5.950384661441622e-29,1.744292581920102e-11,3.850471809869725e-18,1.5780694585642875e-36,1.807224089085405e-10,2.121642509021374e-05,1.3773069467503224e-12,9.974102394058953e-60,2.2783806007847715e-17,9.765950685542164e-42,6.960507435406152e-31,1.4182490947644098e-06,9.598631210156048e-50,1.9092350810102022e-18,1.0,0.0027397470714898976,2.907583668256395e-15,1.0473469527226798e-18,1.4077868390134782e-13,0.25613725383938113,2.278684956649491e-22,5.1320869357755945e-22,8.904402501067547e-21,0.0344668356708616,3.162040475180006e-20,1.9821792304846908e-48,1.9304086879825873e-21,9.440123209318609e-52,3.7321367340468155e-11,1.0,1.0,7.754137526800406e-18,0.0003249016229032282,2.17713563215214e-71,3.087732377145409e-71,0.00024656224969708004,1.0,0.045314797926475206,6.134932787374395e-22,1.965543177719207e-15,1.964231836451042e-06,4.040571926343603e-92,8.777586159651714e-13,3.2327910776309985e-32,0.022851689155267606,1.0,1.0,2.1873653748313387e-12,7.163097747523342e-08,5.523305335786379e-10,2.68513539860161e-10,8.289703332289841e-81,0.15666969731763816,8.187456924859054e-22,7.319296886906639e-12,1.1414867652587204e-12,1.0,1.0,1.4570217288713724e-13,1.0,2.1761161236849268e-07,1.0,1.750070008539563e-24,7.563523362239219e-27,0.004114260182458363,1.0,1.7855725028036682e-17,6.224919133682909e-57,0.00024096335352836984,5.932784699257175e-29,9.897639766930298e-06,9.142942524612618e-18,1.0,4.815822939203638e-07,0.07231713404970619,8.087168949020844e-17,1.8735002626221186e-15,2.705781275376072e-06,5.687333001528793e-22,2.5027056374023505e-09,4.0201567989102416e-18,0.1451740773682531,4.2414565552945817e-13,1.0,2.8994845606119852e-05,1.0,3.280760602614685e-05,0.00031676115516695685,1.5280522667269398e-07,1.0,0.0004876656222428773,1.682312403086915e-10,0.005119286077466134,2.4692258773112945e-09,1.0,9.224629069175995e-08,0.024520203651559453,1.2976542289945007e-12,1.2845374852900711e-12,1.4597363287842356e-45,1.0,0.0005615886946233493,1.0,1.2471310007416285e-11,2.1493002177980144e-16,4.316559453733514e-17,1.0,0.004900317873669345,0.0017169330399625922,5.870795254843903e-17,2.984118289411265e-66,4.001136002730263e-19,7.81837241689604e-47,1.3695545602831013e-05,2.280643801016516e-18,4.1115133036950757e-19,1.0,1.0,1.431667118620305e-32,8.367720360259461e-08,3.738518200024202e-22,4.695993061182673e-22,2.9769515978031915e-33,0.00047001028882366635,1.0,0.12609873692968276,1.0,7.994133594066933e-62,0.008274194350475748,1.0,1.7120187813757671e-07,2.8579301951242916e-06,1.0,2.6233531917495037e-53,2.122574897936737e-19,2.8084446078227866e-38,0.00044274988514805916,9.185107927876543e-14,8.575678417674179e-06,1.0,0.005988582443833373,8.676218935591167e-12,1.0,1.0,4.727238509535469e-22,0.33626844901213865,0.14536866222286524,1.0,2.1153949927590018e-10,1.613939931956191e-65,0.07288939485709088,0.9070985230298585,1.0,1.0,0.18072770738283894,1.0,1.0,3.538492941369445e-30,1.0,1.0,1.0,2.183279596257535e-18,1.0,1.378919363552439e-05,1.4805511228625656e-23
215,3.5665879112297735e-97,6.135514697247036e-62,2.014859261747469e-83,4.419610733446657e-127,8.446566517299008e-07,1.0253454506202744e-85,7.542751113780278e-48,1.9338477447270054e-10,2.342451332623779e-69,9.522593364006037e-08,3.387732365686674e-23,1.324971643889958e-210,2.0890757936411185e-143,6.873865958065098e-72,1.2269658839021665e-47,1.616686865883611e-95,6.704502443627677e-71,4.90205857580487e-130,1.3207036073197284e-62,1.0915250362252812e-76,8.917290849566743e-52,9.444428097383261e-72,1.176710794415845e-13,2.644355932469904e-40,1.462445679375581e-166,1.0214098681567608e-24,1.5416553939924166e-130,4.387442802127377e-98,2.8876941565441845e-18,6.308484119522489e-75,2.4158292410208635e-53,1.3665982677562518e-93,3.866547057059903e-55,2.2045715712341808e-46,1.4901168068054946e-146,4.686746133218297e-85,2.095481118219716e-33,1.0,9.315978975271748e-109,1.1200782827789794e-84,3.0025771796977417e-53,9.68104898921397e-61,5.8838124402516684e-126,3.9980304755739606e-63,3.196212217822533e-99,5.054412158058152e-237,2.2097181121446546e-13,1.244148330141274e-92,1.6178305954308084e-19,1.079853041211311e-31,6.171902485590502e-65,8.382435621422033e-67,1.0,3.353277998324165e-60,3.509937352936838e-83,2.0283231716159965e-27,2.0143937412093222e-81,3.652284981675837e-76,2.410858976268258e-13,1.001407732940507e-12,5.615806064796917e-57,1.4807143463605934e-47,6.249767638468038e-62,1.9794214395205449e-28,1.2285581710905035e-48,3.0222368088612e-87,3.316023139640999e-70,1.9621439396511464e-13,1.926787425386656e-151,4.697148693120678e-109,1.921478491002473e-46,2.207070931903329e-74,3.5101766014812247e-25,7.443344143990671e-43,4.998144201461649e-104,2.458320599907694e-08,3.4995244068782394e-23,8.331035542726176e-42,1.0498749755737266e-83,1.7736407520951203e-87,9.765831371980135e-13,1.5678282325830014e-44,2.6901789479457666e-88,1.0230114943047373e-201,6.2240263324089356e-40,3.866541851196693e-88,1.900068933507276e-56,4.6170855493070183e-69,2.267605484814036e-100,4.407022399165178e-54,6.249229947075469e-43,6.620897239911617e-58,3.11304832894049e-135,5.996936650673143e-67,1.118680548864239e-107,3.942606014668343e-90,3.204651350493897e-45,8.701063748229425e-120,1.8470883348690033e-68,1.5342054944567455e-22,2.8286419738606265e-37,1.0,1.6564927098305447e-68,7.883408397355893e-59,6.793611930051405e-32,9.083180369404747e-75,4.334631178757099e-74,8.094340613710586e-72,5.135051866795525e-34,1.0616193280176635e-70,2.815453864952766e-116,1.1741133865391158e-72,3.637593576945281e-121,1.5487279516400907e-53,1.4732921413364667e-11,1.0,7.653246355099237e-66,2.0047754415680532e-38,7.348279102539713e-149,1.753223834109513e-148,2.361180488964397e-38,1.655851147830569e-12,9.276197938556554e-33,3.833451761154663e-72,1.935218122487778e-60,1.3486153327776492e-42,1.8038975627690864e-176,2.88051856783687e-55,8.17248782511747e-89,5.67240208498254e-33,2.5979890372604752e-14,3.456006679571796e-18,5.876930482413221e-54,5.5151913516986465e-45,2.884305287324185e-49,7.94269949787451e-50,1.4355692141734992e-159,2.7288657346463803e-30,1.648243710310231e-70,1.901748349879506e-52,5.836243909407924e-54,0.0005404458093346319,2.072467946172843e-15,2.7048180305059604e-55,2.452306344862338e-22,3.649484847827022e-43,5.031916470482681e-18,3.979370913898326e-74,5.213622527105711e-78,1.0,1.7782514792672272e-26,1.0,4.054388909697132e-123,1.7192786042239822e-35,3.809504291459133e-80,1.7844892175921098e-38,2.5427278467680173e-61,5.503855382301519e-20,7.483559568066177e-41,3.501618000352262e-29,4.209839706060819e-59,1.2774288577319012e-56,4.929625158135257e-39,8.936023449488532e-68,4.840609471424157e-45,4.060537800557568e-61,3.758821959844431e-28,5.538428707346242e-52,6.13712352325573e-22,1.5674601678909385e-36,0.010592212787067646,2.6246661567890247e-36,3.902583431954007e-34,9.124765136412451e-41,3.492378895677933e-24,3.39196039812971e-33,2.8555021395409502e-46,1.0,4.841822754165549e-44,5.842684351678105e-24,8.473841749178793e-41,6.073628442337228e-29,8.925196943567643e-50,9.525621970094414e-50,2.6059929601810485e-102,2.254487838666652e-14,1.6846455544561292e-32,2.9092768780936782e-24,1.432704518318076e-47,5.4069916605803265e-56,4.0824935034762607e-57,7.515544245277348e-05,4.996420093522216e-30,6.330434790737495e-31,1.3587665142747363e-56,1.2540830072204358e-130,3.118605718855486e-60,4.956763936138475e-103,1.0,7.1935026029447055e-59,4.904306438360194e-60,1.0,7.992237858043593e-08,2.289413570064035e-81,1.5768479506655278e-39,7.600445538006763e-65,1.3730168240213284e-64,2.973730868721076e-82,9.963930706715963e-32,3.1120292891360297e-13,1.0,0.0009807536171251212,1.4451191493033112e-123,7.828095764009656e-29,1.7120187813757671e-07,1.0,3.843879859194348e-36,5.154773010853677e-18,3.987944155899557e-111,1.5532371672678948e-59,7.216574039373101e-89,3.2532784137484944e-31,1.1359272205314002e-49,1.231544679536846e-34,3.608320703637648e-21,1.9079377732390286e-28,8.706570179331021e-46,5.523331228731215e-16,1.502186859890734e-20,5.289029694603657e-63,4.5979689911280695e-24,7.940478729628833e-25,1.1319153232195813e-16,1.621565084021295e-42,9.407460663422952e-126,2.645712673256262e-25,1.8316135233697053e-22,7.322967509488586e-05,7.08009512302667e-11,6.4661489763753764e-24,1.0,0.011276734187996417,1.3755512474101784e-73,1.2048202511317815e-20,0.8827541670833018,0.0002916957601124325,8.038418669596676e-55,2.6086075060209882e-12,5.751255470269034e-32,6.689448091416593e-63
216,1.0,1.0,1.0,7.888630709939373e-05,2.3902143045779506e-27,1.0,1.0,2.247969661626345e-21,1.0,2.7189341407859405e-25,5.501985288468424e-09,1.6519361567978583e-34,5.299175327008308e-10,1.0,1.0,1.0,1.0,8.159800989132109e-07,1.0,1.0,1.0,1.0,2.9543927080796118e-15,1.0,1.0099473348974725e-19,2.4560766668466204e-06,5.0688083605873774e-08,1.0,1.850075305349021e-10,1.0,1.0,1.0,1.0,1.0,4.6708522032393846e-14,1.0,0.3013687963971849,2.278912523206344e-41,0.0028376176234897717,1.0,1.0,1.0,4.195621882228379e-08,1.0,0.2763398416192131,3.243728606098114e-53,4.3742455254723723e-13,1.0,8.604432972048028e-08,0.1808780939045648,1.0,1.0,4.662740076543877e-39,1.0,1.0,0.005495707664667848,1.0,1.0,4.718421079991663e-12,1.1703177823707459e-12,1.0,1.0,1.0,0.04381999228527965,1.0,1.0,1.0,2.43925400361236e-11,9.27502257309167e-19,6.291704253819747e-05,1.0,1.0,0.003750352310898928,1.0,0.001004443985142972,1.194745890961512e-16,0.0005631400554024335,1.0,1.0,1.0,4.4756326509866085e-11,1.0,1.0,8.616936927031988e-42,1.0,1.0,1.0,1.0,0.0011489357277345976,1.0,1.0,1.0,3.3719693441069605e-15,1.0,3.239208991859943e-06,0.12258615250541614,1.0,3.787628534745439e-10,1.0,0.007082732997519702,1.0,1.3250271702335922e-58,1.0,1.0,1.0,1.0,1.0,1.0,1.0,1.0,5.754265892863833e-10,1.0,1.0331472612205732e-11,1.0,1.7738068847005062e-09,1.1942534829054215e-26,1.0,1.0,4.7810660476204776e-23,5.067467704822264e-23,1.0,5.7028936266750316e-08,1.0,1.0,1.0,1.0,1.9099684711767537e-36,1.0,0.0052782108558445525,1.0,1.0176535186867481e-05,0.0031880622762628006,1.0,1.0,1.0,1.0,7.646453781313044e-30,1.0,1.0,1.0,1.0,3.3739857148913557e-16,0.0001918926900436715,1.0,1.0,1.0,0.013536620562153294,1.0,0.2653369647707162,1.084291217660574e-30,1.0,3.7742837997416866e-58,1.429928676712927e-16,1.0,0.017653255023918273,1.0,1.0,0.9853988588411305,1.0,1.0,1.0,1.0,1.0,1.0,1.0,1.0,1.0,1.0,1.0,1.0,4.540081881947953e-15,1.0,1.0,1.0,1.0,1.0,1.0,1.4201857614563032e-28,1.0,1.0,1.0,1.0,1.0,1.0,9.846288929384527e-12,0.031025713107912887,1.0,1.0,1.0,1.0,1.0,5.108689617009905e-10,1.0,1.0,1.0,1.6655195281272363e-24,1.0,7.323468982073171e-13,5.9084288321191594e-33,1.0,1.0,5.972601061890165e-17,2.408877236942085e-06,2.1482508897406984e-05,1.0,1.0,1.0,8.804141771461953e-06,1.0,0.0389839099952574,4.0007698658625956e-24,1.0516875531787841e-10,4.0270848180896463e-22,1.0,2.8579301951242916e-06,3.843879859194348e-36,1.0,1.0,4.165245684730802e-17,1.0,1.0548089379161244e-08,1.0,1.0,1.0,1.0,1.0,1.0,1.0,1.0,0.46248997159694255,1.0,1.0,1.0,1.0,9.344427246176927e-26,1.0,1.0,5.347106959051571e-07,0.0657309699311514,1.0,2.1321941302780448e-15,2.9172760049213434e-09,1.731061215063063e-05,1.0,4.2970722554002014e-12,6.771870348506197e-07,1.0,1.0,1.0,0.02173661775454245
217,4.028519041589096e-10,1.0,1.0651355737463772e-05,6.134019630258987e-23,3.274042985789773e-07,7.305684815717937e-07,1.0,0.0006627470279185973,0.06492328637452281,4.280826063904675e-06,1.0,5.6712205749624313e-67,2.338681759263361e-31,0.006713693428947087,1.0,4.570587471428076e-11,0.008689869721926233,7.93649300805195e-26,1.0,0.00010312041376115013,1.0,0.0018927740183181038,0.46889287036821564,1.0,2.477596498167036e-45,1.0,2.2873859858014388e-27,3.8321103278979457e-13,1.0,5.316709579933474e-05,1.0,5.5574378946713184e-12,1.0,1.0,2.0336307520150124e-36,8.523172186236725e-09,1.0,3.5113309252649456e-17,9.700615678592338e-19,5.812257482358033e-09,1.0,0.2926017762510051,6.87190245429049e-27,0.06313881254474395,6.5657003031676435e-15,3.0013254495734443e-89,1.0,1.9465096708715187e-12,1.0,1.0,0.011341544495040117,0.0029229517680367675,6.690057368165756e-16,0.21806758860642128,5.529052114030528e-09,1.0,2.1144096779644202e-08,9.84070022531039e-07,1.0,1.0,0.8461922969008454,1.0,0.029313297622764405,1.0,1.0,2.6577388019474683e-11,5.230477796515608e-05,1.0,3.473170651844509e-42,6.52934906872699e-21,1.0,1.2916216520236424e-06,1.0,1.0,8.93630310648093e-19,0.019247134645036346,1.0,1.0,1.3913558586188653e-10,4.098487004585626e-12,1.0,1.0,1.1920355018076918e-12,9.382630839199922e-73,1.0,8.784912825531893e-13,0.18941310796217417,1.6134991235139767e-05,2.9036358433416527e-18,0.652235111153155,1.0,0.034983272031839784,4.075011526021511e-36,3.946046071999384e-05,2.541460922394591e-22,2.2133201754178712e-14,1.0,1.8474091606462238e-28,6.8148994924271435e-06,1.0,1.0,2.658196775820997e-31,3.955981656527578e-06,0.006553023465952812,1.0,1.317205332253049e-08,2.2273335705394246e-08,1.4653972282164267e-07,1.0,3.2343517233329534e-07,8.692933565536147e-28,4.621477498375551e-08,2.1783434271416064e-30,0.15343794114076353,1.0,3.779018593234508e-09,9.834916428403603e-06,1.0,3.0849840926685996e-46,3.7244489502345805e-46,1.0,1.0,1.0,1.2328200134285613e-08,0.00024493084602407667,1.0,1.242105288610024e-63,0.010453091044512905,4.990464939502602e-16,1.0,1.0,1.0,0.015328041892368907,1.0,0.4176199276223993,0.26906741160385017,1.3308460735002528e-54,1.0,8.511514527199111e-09,0.027305917736288553,0.008638976071061589,0.0033166881586465555,1.0,0.002124446615621002,1.0,1.0,1.0,7.868218887494586e-11,1.5764417313778833e-12,1.0378737487458052e-12,1.0,8.136532722360232e-33,7.811609031620995e-36,1.0,2.5819966364736896e-14,1.0,2.122976796846366e-06,1.0,1.0,1.0,7.473269023821392e-06,5.968238317270813e-05,1.0,1.904025668883221e-09,0.42585264783524884,8.789584315883749e-07,1.0,0.0018076905797051145,1.0,1.0,0.004602844766390797,1.0,1.0,1.0,1.0,1.0,0.05949203100592589,5.5099785367445925e-12,0.30963003939532247,1.0,1.0,1.0,0.0023431362829549017,0.002298034596565179,8.75477954971567e-28,1.0,1.0,1.0,0.008760653845302944,5.797219321810324e-06,1.8593753157424397e-06,1.0,1.0,1.0,2.045326404370348e-06,6.868147020131521e-45,6.13836954269394e-08,4.530364131473609e-29,1.7459176707504063e-15,2.016483415878921e-07,5.8101915457882945e-08,0.0001215594390233318,1.0,5.754465313712908e-18,1.0,3.47554460308025e-10,3.93190282119497e-10,1.5896525399061794e-18,1.0,1.0,1.9947223480385755e-09,0.571808823974074,1.8213097394083575e-41,1.0,1.0,5.154773010853677e-18,1.0,1.0,1.3423512635237835e-34,2.3944636988564642e-08,1.1805548012409995e-22,1.0,0.0001830869756305696,1.0,1.0,1.0,0.0033235674233377107,1.0,1.0,1.9437628981260975e-10,1.0,1.0,1.0,0.0205217136848599,2.5764935605670848e-45,1.0,1.0,1.0,1.0,1.0,0.0002612025321173438,1.0,4.959450333248498e-17,1.0,0.025616916398153763,1.0,3.4126715247343014e-08,1.0,1.0,4.599987626143506e-12
218,1.1611584740849048e-21,2.246047903515727e-43,4.893837772380448e-28,1.45107018890255e-08,2.154713945700848e-131,4.856897101583353e-25,2.818293479788663e-54,6.333255651075629e-118,2.8119992454029265e-35,2.3080787649544954e-126,1.1201590775239384e-87,1.0,0.002374420739741393,7.14938968981348e-32,1.458260191468275e-51,8.57213116652717e-18,1.3538213634130152e-31,1.4902380598304492e-05,5.725215579573529e-37,5.5346630632959316e-27,1.4991323785337515e-45,7.360725218081177e-29,2.75409627349329e-100,8.438108594909372e-56,1.0,5.463437054259195e-77,0.000737308917473711,6.723416512826499e-14,1.5470532253819937e-87,2.527241615963793e-24,1.2036480902304673e-39,3.044992168736018e-14,4.111462176446487e-37,5.546973466930221e-45,1.0,6.6334763987459235e-18,1.799640272869098e-58,3.9057008967222325e-150,7.251447884454411e-08,3.707394225293472e-17,5.668842336342929e-37,4.63547093315886e-31,0.005204009019315356,2.540317646436023e-29,1.338910460803241e-10,1.0,4.916096344878644e-91,1.2876190048630352e-12,2.373488415199681e-77,3.074630114227685e-58,6.823284462566912e-27,1.4790487838366543e-25,6.925589165937613e-144,9.413807466046186e-30,3.7803109507494864e-16,9.960775666034e-63,9.055181989914872e-17,1.2173980564820818e-18,9.750511819931446e-87,3.4318039077011e-88,2.4742690675490213e-30,8.33582622308435e-38,2.145013309478968e-26,1.0310330837047638e-58,2.1322937613106102e-36,2.204600654132465e-12,1.1609965080383002e-20,6.232577027920851e-84,1.0,9.938540895771159e-05,4.711638929227631e-37,8.21579773918834e-18,2.8035218853737472e-61,4.657952443940735e-40,6.6061512113104745e-06,1.0101977250945406e-95,2.0946069154551756e-63,9.168702230949041e-40,3.588925033510056e-12,1.2432465644626176e-10,1.0319463409932176e-81,2.2009211308797823e-36,6.876850908764806e-10,1.0,2.3411801814425036e-40,1.5630581464387608e-09,7.246473566534178e-26,6.711793894938843e-18,2.908322946062297e-05,8.443295172124624e-27,3.83647363601094e-35,3.044856821886319e-23,1.0,8.704456971591582e-18,0.015420008234087276,2.2870128417787668e-07,4.207547303494254e-32,1.0,3.5807198145401127e-16,5.527081344344314e-57,1.8068229444153562e-38,1.4669822304487377e-168,2.0252344423097157e-15,1.5199828359429298e-20,3.786561525350066e-43,4.341561714322074e-12,2.696496307626746e-12,3.4733652782025794e-13,3.8315448524911705e-40,1.7501371855729169e-13,1.0,2.6839031631235856e-12,1.0,1.0344271666931183e-22,3.529184515616119e-73,1.0336095437017642e-109,6.519137592318503e-15,7.072857313328139e-34,1.0,1.0,7.457140868335036e-33,2.7638426970377107e-68,4.291847399786089e-38,1.6869004533115125e-10,5.730498675535821e-16,7.597425274396343e-28,1.0,1.5168368739603495e-18,0.00038303643382352366,5.4947167219163194e-36,6.127214256960233e-61,6.540295489248046e-54,3.2342938146619282e-18,2.952848709866965e-24,3.402265656615077e-21,1.105203728153936e-20,1.0,7.178667091099245e-37,3.3680361569384368e-09,4.205359521587152e-18,3.8433649818597754e-17,2.1022302473023946e-84,1.7586336949712847e-56,1.0584605447040002e-15,9.893298244009975e-45,1.4431883552871436e-23,1.501989913493799e-50,1.158402855110208e-06,2.6373796109185654e-05,7.604421937835769e-111,2.3879614659220614e-37,2.3335122836260933e-157,1.0,9.303849665833427e-27,0.0023771329036508014,4.085725355985554e-24,5.201513897044581e-10,1.1533454998717179e-42,2.666542184975184e-21,3.8217367593431956e-31,3.583883544871844e-10,2.9614214352538746e-11,5.192318608946093e-22,2.3604516745064545e-06,1.745245694009936e-17,7.034996300387083e-09,2.9896052011878678e-31,5.397523592354891e-13,5.494299424116255e-38,3.846799520353954e-23,4.0340755159102306e-77,4.9876996322251214e-23,9.007411804364224e-25,1.0451386691137552e-18,3.147019042218158e-33,4.490977980027977e-24,1.4036107098076563e-14,6.567722610500045e-102,5.924727935822869e-16,5.181897428250577e-33,9.65818282602775e-18,7.874434599353293e-27,8.165977550175322e-12,9.150855666048275e-12,1.0,1.4846934826015597e-44,4.5742409634332904e-23,1.044361645269478e-30,2.8085310459048773e-12,5.185459401324707e-08,2.0509556172295622e-07,2.1326988668499202e-63,3.719839349832113e-24,5.526707176764641e-23,3.186311220089033e-07,1.0,1.0135046732239686e-05,1.0,5.510836381233365e-107,3.9467084871490674e-06,1.4254296120312574e-05,3.582111935624178e-77,3.773843174697598e-54,1.0,1.497370876713254e-15,0.001220924312947366,0.0012768211461422253,1.0,4.5097944378559156e-21,1.0019038795380749e-42,2.6361995067608868e-90,1.1833912380775982e-63,1.0,3.433643746744928e-23,2.6233531917495037e-53,3.987944155899557e-111,4.165245684730802e-17,1.3423512635237835e-34,1.0,0.00014654609250101382,1.0,6.266009757953089e-20,2.9428112738990755e-08,6.749051185057976e-17,4.1787857375918647e-29,1.9105876178724027e-21,1.4954560327503938e-09,4.7904230232271114e-35,4.423619232052241e-29,0.017778192513733325,1.5174643941073453e-24,1.9658080093397464e-23,1.3575489016197635e-32,6.081979167376253e-10,1.0,2.936853340622549e-22,2.5832233347962583e-24,1.0148549720686334e-51,8.640531061192485e-39,4.265984784434358e-22,9.702555570262175e-69,5.817957716181876e-56,1.0,8.560500408534965e-24,1.753681571067144e-61,3.332275393721622e-50,0.010467514724226178,3.9231748413948715e-34,1.839563544666075e-13,1.0
219,1.0,8.079839921641927e-06,1.0,1.0,3.069337682841905e-57,1.0,3.061342524532545e-11,1.1613243237262986e-48,0.011078991952229458,3.326080656375974e-54,7.319146131843229e-30,5.3003872021805596e-11,1.0,0.1553126750828756,2.842513215149849e-10,1.0,0.1596060586428849,1.0,0.0010080064217648417,1.0,1.2872740488687978e-07,1.0,7.23101186751563e-39,6.393222140477198e-13,0.005339772333894655,9.000424461124873e-25,1.0,1.0,2.5418543511005943e-31,1.0,1.949285468972318e-05,1.0,0.00019777642457315353,4.68444460819042e-08,1.0,1.0,3.87778183008448e-15,6.481525714210058e-74,1.0,1.0,0.00014534221709380842,0.043837004469107176,1.0,0.2075884648471639,1.0,1.6337523244847887e-24,1.1270603240248985e-34,1.0,2.278829332492482e-26,2.3147834663704154e-15,1.0,1.0,2.0733539094929182e-70,0.09672131465820724,1.0,4.567382063980901e-18,1.0,1.0,1.0676928717020941e-32,1.3010207200290364e-33,0.037225657547139177,2.0371594262289024e-05,1.0,3.42030969606643e-16,7.882796367555076e-05,1.0,1.0,2.28354331614107e-31,0.0034972968607793575,1.0,2.7941607391824044e-05,1.0,5.971555238742611e-18,9.87032844986425e-07,1.0,4.189423522988877e-39,2.5880271695356207e-19,9.380191569776397e-07,1.0,1.0,1.3232385504920049e-30,2.9430951087874473e-05,1.0,9.50753683735823e-18,3.3630111088128777e-07,1.0,0.691054878006809,1.0,1.0,0.2515613260863903,5.254303543471679e-05,1.0,0.11730280860801252,1.0,1.0,1.0,0.0009629985781454851,1.0,1.0,9.847050201048115e-17,7.435941987300096e-07,1.0286206410325155e-92,1.0,1.0,2.2871783431254986e-09,1.0,1.0,1.0,6.511428826055642e-08,1.0,1.0,1.0,1.0,1.0,4.222780051802328e-27,2.4220198982540147e-51,1.0,4.508238558785883e-05,1.658843255326066e-06,1.6316930351736155e-06,0.00010087492434495787,1.6393623885268935e-24,2.532513783026591e-07,1.0,1.0,0.013388482297766128,2.220339805165418e-15,1.0,1.0,1.642228029277185e-06,1.3217024885451302e-20,1.8785976493566174e-16,1.0,0.2906509954147189,1.0,1.0,3.4332664988536743e-11,3.252910018521074e-07,1.0,1.0,1.0,5.5773953092458296e-36,2.6426542405285375e-18,1.0,1.15880282186561e-11,0.33698500227349476,4.7948154876321244e-15,1.0,1.0,4.97238580500782e-55,5.6479490757594444e-08,2.2749238714747322e-89,0.0024968491887060063,0.006166594751178565,1.0,0.08979138104238574,1.0,2.785984281586075e-11,1.0,3.129660031535677e-05,1.0,1.0,0.4663142653970343,1.0,1.0,1.0,2.078470370474778e-05,1.0,5.397459854158947e-09,0.12309734818428349,3.417166436943329e-33,0.1277071704868576,0.020956093966185984,1.0,9.749974617344165e-07,0.028892319505886433,1.0,5.76835883819413e-51,1.0,1.0914456056597281e-06,1.0,0.0010774322493171343,1.0,1.0,0.41448783931464733,2.3619952443007687e-13,0.05359016153501527,9.347615938654005e-06,1.0,1.0,1.0,2.6402563539358047e-25,0.012561084931715896,0.039489378470648456,1.0,4.106121270892013e-09,1.0,0.07159369168987509,7.149884006177615e-56,1.0,1.0,7.564419591283418e-35,1.1444522937928675e-19,1.0,1.0,1.0,1.0,1.0,0.20714524689256802,7.59919387573413e-13,2.8655286028762896e-44,5.431757858087531e-26,1.0884313817373628e-07,0.020071786154890917,2.122574897936737e-19,1.5532371672678948e-59,1.0,2.3944636988564642e-08,0.00014654609250101382,1.0,1.0,0.43933705720811705,1.0,1.0,1.3100268181374428e-05,0.07278205260329951,1.0,6.1922764205610735e-09,1.069962972164106e-05,1.0,0.0017860102316114086,0.005656109085191588,8.782581508955952e-08,1.0,1.2509929725345986e-10,0.01698931172029244,0.0013385562716059182,1.0367041494981868e-19,9.811444908000476e-12,0.013271904758729235,2.2355661097735423e-31,8.264500744612311e-23,1.0,0.0011812752501508621,1.0916471878193509e-26,2.9856644506776377e-19,1.0,2.371050730830629e-09,1.0,1.0
220,4.673070059955839e-09,3.494104953211764e-25,1.1251197530715095e-13,1.0,7.30951723541069e-98,1.2305639704116484e-11,6.552944296769838e-34,1.5609154617373523e-86,3.410739998812344e-19,9.921511872756478e-94,3.60115232560001e-61,1.0,1.0,9.091901417608036e-17,5.231665062537947e-32,1.0178519458732923e-06,1.2352920790172503e-16,1.0,9.611176966407305e-21,2.71132544146383e-13,1.9548601551748078e-27,9.082336725382939e-15,1.9178293425289024e-72,1.0444203157004835e-35,1.0,4.878893344274572e-53,1.0,0.000272211187155894,6.017298871631343e-62,1.2396360035174907e-11,3.3538409977344533e-23,0.00012718254972696273,2.5319755092991257e-21,1.823052846473847e-27,1.0,3.9154418529729444e-07,2.3196266555619363e-38,3.833700084282786e-116,1.0,1.1109292816916234e-06,2.3586466407565132e-21,7.822356071954083e-17,1.0,1.588804283827812e-15,0.024479519152039345,3.418133416635963e-06,1.4706487447363613e-65,0.0011168026137912792,3.8293893498360584e-54,2.1849372841353073e-38,8.41041759539628e-14,8.063691351339888e-13,3.601625567176718e-111,5.608326502136766e-16,4.189754468849786e-06,3.506555660316937e-42,1.5035813606036618e-06,6.436764511884512e-08,2.4460163017051184e-62,1.4475864799729164e-63,1.4793025280726347e-16,2.4687971941596554e-22,1.2695592131635303e-13,4.049595178476236e-39,2.8371241671433423e-21,0.0010972507290776111,1.875725577616079e-09,3.2807846899538294e-60,1.0,1.0,6.87433821293486e-22,1.8598879233315807e-07,2.067864810438421e-41,2.8225663466224928e-24,1.0,2.4708432780433638e-70,3.0038130269008577e-43,3.753007536923807e-24,0.0011704904924538064,0.012135791976346547,1.0909611306671524e-58,1.4637712065483202e-21,0.03453040968915651,0.00618351532235836,1.0027705174158303e-24,0.05508927789571059,1.4803778963487895e-13,1.024128681059804e-07,1.0,2.557891264023445e-14,8.280232113991676e-21,1.0215670715176724e-11,1.0,9.99454089077942e-08,1.0,1.0,1.6127771468702655e-18,1.0,1.2377373806867403e-06,1.332721566288119e-38,1.3194584165994274e-23,3.0717206438445067e-135,3.740693996780197e-06,7.068214829188873e-10,1.9250986567184214e-27,0.0007212666610816282,0.0005137147044128557,0.0001229265667939757,4.388563274471924e-25,7.374899971393628e-05,1.0,0.0004627221791529154,1.0,1.3921849710240249e-11,1.6688709464433564e-52,6.299679847014238e-84,6.289509132224389e-06,2.947289784126223e-20,1.0,1.0,1.5358894971681216e-19,1.259993125680812e-48,9.966040832105113e-24,0.005608791835049503,8.226134180254355e-07,9.853000548756574e-16,0.026988494402249444,1.019805787357182e-08,1.0,3.3587442623499535e-22,8.836730278862305e-43,6.264342557627932e-37,1.4672177787862385e-08,4.1889592031046e-13,8.812582787735943e-11,2.0852408706078912e-10,1.0,4.51625201191487e-23,0.030728753833691506,1.4884294726817765e-08,7.53175882116535e-08,5.650695299750333e-63,2.9086596947680608e-39,7.567605238797032e-07,1.3086610011540558e-29,9.72864138999516e-13,1.8613944583240138e-34,1.0,1.0,1.9745154428468294e-86,8.901812123496005e-24,8.077414157178167e-128,1.0,1.8698261045191464e-15,1.0,2.0903278774799958e-13,0.005312038527388019,2.2785947147358813e-28,2.5763613247741474e-11,4.671906010810827e-19,0.0035865596177179432,0.0006188812441441271,6.5109601265354415e-12,1.0,1.7046695026359618e-08,0.026034359351224792,3.198085220163409e-19,3.210018182647141e-05,1.0411492888318183e-24,7.470599851916406e-13,8.587875877604942e-58,8.660533189412155e-13,3.740333564869248e-14,1.5199042633727035e-09,5.193486058862537e-21,9.962922480908032e-14,1.6965621655085267e-06,9.503159327348376e-80,1.624996018794957e-07,7.098874803331114e-21,6.936317095949571e-09,5.418639426801901e-16,0.00015292586693834052,0.00016419405496811897,1.0,1.6590754116314905e-30,4.560340414665604e-13,3.5500856804473873e-19,6.268121449735199e-05,0.06258336720995444,0.15632750910247944,1.3446648953699902e-46,5.200161678385036e-14,4.055262722165488e-13,0.1975365954484312,1.0,1.0,1.0,7.178035819501887e-85,1.0,1.0,1.096201934165474e-58,7.49715508454031e-39,1.0,1.82355659699788e-07,1.0,1.0,1.0,1.014483391735609e-11,2.651280843577289e-29,2.5220928281598905e-70,4.2872013731828095e-47,1.0,2.0542735011567765e-13,2.8084446078227866e-38,7.216574039373101e-89,1.0548089379161244e-08,1.1805548012409995e-22,1.0,1.0,1.0,5.927578111663412e-11,0.028057370694485356,1.2110493245407859e-08,2.6494867301274486e-18,3.3127245213810616e-12,0.0031139291749678758,3.201800011243191e-23,2.4077084685508316e-18,1.0,9.49638110818659e-15,6.864457064902792e-14,2.50517327389062e-21,0.001313094969328474,0.501438407254745,5.160748846795808e-13,1.0245517000833684e-14,1.2338808028021912e-37,1.0704467423869965e-26,5.267165933008158e-13,1.5797201087738847e-52,1.8508175110796523e-41,1.0,1.7000274562425278e-14,2.4346139039467854e-46,1.3035155964394693e-36,1.0,5.275598683865333e-23,1.9648114503935112e-06,1.0
221,1.0,1.0,1.0,1.967233230875738e-07,2.3692223107528767e-21,1.0,1.0,3.8137838334696824e-16,1.0,1.4153235758116776e-19,1.5238384324548113e-05,4.437409294010759e-39,4.0106523744628506e-13,1.0,1.0,1.0,1.0,1.3650258057822116e-09,1.0,1.0,1.0,1.0,5.5506479105840694e-11,1.0,1.768226265151128e-23,0.0019487254473918051,7.119626240899776e-11,0.0555162290938173,6.558593343137453e-07,1.0,1.0,0.19647406704577042,1.0,1.0,2.217121589628226e-17,1.0,1.0,2.5950909609559626e-34,1.58295819897204e-05,1.0,1.0,1.0,6.718930133320494e-11,1.0,0.0031243822440759506,3.2890680034478495e-58,2.9314603470301667e-09,0.07887991624511627,9.362486193952301e-05,1.0,1.0,1.0,2.4609508087038804e-32,1.0,1.0,0.8331087933003407,1.0,1.0,1.964284457205695e-08,5.898853936843644e-09,1.0,1.0,1.0,1.0,1.0,0.23488362337423133,1.0,7.418236643385059e-08,2.8060513273067397e-22,2.6113983599611096e-07,1.0,1.0,0.5507675845632698,1.0,5.918500678442359e-06,1.7114678537161099e-12,0.11465003079166816,1.0,0.45924582961728444,0.06059871814874355,1.1037917543023859e-07,1.0,0.02710286742739492,2.7541765103643512e-46,1.0,0.02088020207242104,1.0,1.0,7.639269101647853e-06,1.0,1.0,1.0,2.1699168771966663e-18,1.0,1.172264585672133e-08,0.0016411341141311323,1.0,6.01874849709689e-13,1.0,0.7666636409215513,1.0,9.287475897245955e-51,1.0,1.0,1.0,1.0,1.0,1.0,1.0,1.0,1.0489819495091066e-12,1.0,1.3781897431883666e-14,1.0,1.8350627047761806e-06,1.0796573001165119e-21,1.0,1.0,1.3416656111448204e-26,1.4431920319772677e-26,1.0,3.3434180794142405e-05,1.0,1.0,1.0,1.0,1.5368628386211678e-40,1.0,5.634911613345864e-05,1.0,0.0025218075399975944,0.3148007631875454,1.0,1.0,1.0,1.0,1.2418762750077525e-33,1.0,1.0,1.0,1.0,1.6249075112327474e-12,0.028363638803163206,1.0,1.0,1.0,0.9570738445500685,0.06231875034766128,0.005476778507172276,1.0907622479100552e-25,1.0,4.990008912090586e-51,1.3443601397970034e-19,1.0,0.0002724933641637308,1.0,1.0,1.0,1.0,1.0,1.0,1.0,1.0,0.25244926066344825,1.0,1.0,1.0,1.0,1.0,1.0,1.0327981063825756e-11,1.0,1.0,1.0,1.0,1.0,1.0,5.098220433172939e-24,1.0,1.0,1.0,1.0,1.0,1.0,2.6679225041534597e-14,1.0,1.0,1.0,1.0,1.0,1.0,2.509574236398692e-07,1.0,1.0,1.0,9.359273066629082e-28,1.0,1.817304074600616e-15,3.420490384094098e-28,1.0,0.9675489146691102,1.445637402077382e-13,0.0004009650442238046,2.1463822880637343e-07,1.0,0.037701917624238745,0.03973920619933669,8.177363797042468e-08,1.0,1.0,4.025286173972339e-20,5.5312826626690605e-08,3.173006086377571e-25,1.0,0.00044274988514805916,3.2532784137484944e-31,1.0,1.0,6.266009757953089e-20,0.43933705720811705,5.927578111663412e-11,1.0,1.0,1.0,1.0,1.0,1.0,1.0,1.0,0.01618754041361012,1.0,1.0,1.0,1.0,6.426736410471866e-29,1.0,1.0,7.862386566438838e-05,1.0,1.0,2.1373476515060057e-12,7.17355584293451e-07,2.317201772755444e-07,1.0,1.973200979805298e-09,8.737987896507463e-05,0.24459905965279277,1.0,1.0,0.000619064450394295
222,1.0,0.258736807495499,1.0,1.0,5.363089833336027e-44,1.0,2.1297384815236374e-05,1.4061143432041023e-36,1.0,2.083171318047811e-41,1.5862993103052017e-20,1.30537768128048e-17,0.3512464974238542,1.0,0.00010073870757333511,1.0,1.0,1.0,1.0,1.0,0.00925105394027082,1.0,1.9504914316393062e-28,7.204497758406052e-07,1.4840733204966493e-07,1.6197662762400646e-16,1.0,1.0,4.528706504316067e-22,1.0,0.30050288567896494,1.0,1.0,0.0032687550262382333,0.0005297154972854008,1.0,8.823707574133374e-09,1.300935115949417e-59,1.0,1.0,1.0,1.0,1.0,1.0,1.0,8.022037849044773e-33,3.556549224670237e-25,1.0,3.9452342463007094e-18,5.0010725408755936e-09,1.0,1.0,1.125956966645541e-56,1.0,1.0,2.872788244853998e-11,1.0,1.0,1.253130894066259e-23,2.0559973440678644e-24,1.0,0.22659752361913424,1.0,8.273864122007888e-10,0.5972115507849939,1.0,1.0,1.4146597358622539e-22,1.6755631921697256e-07,1.0,0.2636732274730253,1.0,2.616608835375967e-11,0.021487160042824756,1.0,2.6504796418881886e-29,1.8356939491127495e-12,0.019370481493841817,1.0,1.0,4.7464304949625225e-22,0.24507647442670852,1.0,9.245776821808566e-25,0.008344371705675075,1.0,1.0,1.0,1.0,1.0,0.3316571202692162,1.0,2.187274581115515e-05,1.0,1.0,1.0,1.0,0.04079184049348277,1.0,1.5222417132358523e-10,0.012097370762075187,7.479605214520652e-78,1.0,1.0,0.00012695474630957523,1.0,1.0,1.0,0.0016865309349809313,1.0,0.040812775684777765,1.0,0.002975611370555188,1.0,2.0252112782136295e-19,1.0730171235693414e-40,1.0,0.22828269554253863,2.847815155519304e-11,2.8485250292296388e-11,0.3958738004823354,2.6995321921357925e-17,0.004033766744830408,1.0,1.0,1.0,1.3366625291382233e-21,1.0,1.0,0.015519722843007218,4.338326009553383e-14,1.331500180661899e-10,1.0,1.0,1.0,1.0,1.120689737069977e-16,0.0039681536829001204,1.0,1.0,1.0,1.768149860936654e-27,3.2068589645262485e-12,1.0,9.840698136312783e-07,1.0,1.5469737502311865e-09,1.0,1.0,1.2420609277696465e-44,0.0008062461757089796,5.983892773839e-76,4.0137504585365376e-07,1.0,1.0,1.0,1.0,1.4388271229347591e-06,1.0,0.09524184854167954,1.0,1.0,1.0,1.0,1.0,1.0,0.06594202626167005,1.0,9.208082367938093e-05,1.0,1.8445686996981518e-25,1.0,1.0,1.0,0.005243879205607667,1.0,1.0,1.7983325305321482e-41,1.0,0.005581973465712765,1.0,1.0,1.0,1.0,0.0004013955527918969,1.781788656756412e-08,1.0,0.02729634786468038,1.0,1.0,1.0,8.883711099128377e-19,1.0,1.0,1.0,1.0262678746955125e-13,1.0,4.971669847190156e-05,3.4155106021242124e-46,1.0,1.0,2.857157937467181e-27,6.091026651642831e-14,1.0,1.0,1.0,1.0,1.0,1.0,3.676696448550219e-08,9.03635431115725e-36,1.7368216479003002e-19,5.370253514905532e-12,1.0,9.185107927876543e-14,1.1359272205314002e-49,1.0,0.0001830869756305696,2.9428112738990755e-08,1.0,0.028057370694485356,1.0,1.0,1.0,0.026762356459526845,1.0,1.0,5.220860523059645e-05,0.021834164238090686,1.0,1.0,1.0,0.000417534063853384,1.0,3.2502983066043702e-15,1.0,0.8456108104922339,2.658040083202814e-14,1.8274348114215646e-07,1.0,1.142335813729741e-24,4.407585682951923e-17,1.0,0.6734619643792091,1.5034815731364185e-20,5.236755033103065e-14,1.0,1.5587893964566783e-05,1.0,1.0
223,1.0,1.0,1.0,0.00010309158268965306,2.690259810265733e-25,1.0,1.0,1.0893708551759916e-19,1.0,2.2331574129946265e-23,4.700566330847524e-08,2.8719556460655302e-33,1.0193409111117407e-09,1.0,1.0,1.0,1.0,1.1993003755780908e-06,1.0,1.0,1.0,1.0,5.369420330974268e-14,1.0,4.0242917892344677e-19,1.3198997194024217e-05,7.906729806536231e-08,1.0,1.7167651755607565e-09,1.0,1.0,1.0,1.0,1.0,1.1107863263694437e-13,1.0,0.7512762581807857,8.636569452981438e-39,0.003141958197283803,1.0,1.0,1.0,6.323360965037135e-08,1.0,0.2734572669051165,1.8915245370953584e-51,5.159218178901944e-12,1.0,5.117597893392608e-07,0.4585703818994995,1.0,1.0,1.1762419170110744e-36,1.0,1.0,0.01703836714338159,1.0,1.0,4.596180242347345e-11,1.2277677288385892e-11,1.0,1.0,1.0,0.11796638502994396,1.0,1.0,1.0,2.1012734170051854e-10,2.7859165913336492e-18,7.445851608474513e-05,1.0,1.0,0.011465251200816567,1.0,0.0011081055717507818,1.896630465198959e-15,0.0019010641853736542,1.0,1.0,1.0,3.5484954183950714e-10,1.0,1.0,1.3413963833039478e-40,1.0,1.0,1.0,1.0,0.001244113804696197,1.0,1.0,1.0,7.194920462711089e-15,1.0,3.9793942156976e-06,0.11973371836000082,1.0,5.821931915355702e-10,1.0,0.019630179540563827,1.0,1.2885150969092068e-55,1.0,1.0,1.0,1.0,1.0,1.0,1.0,1.0,8.513365136914826e-10,1.0,1.6879308740423644e-11,1.0,1.0143449666555814e-08,4.1046822887970152e-25,1.0,1.0,1.530630298548219e-22,1.6104322254148788e-22,1.0,2.674432175152419e-07,1.0,1.0,1.0,1.0,1.373951231326604e-35,1.0,0.0053418351585798295,1.0,3.592883649372198e-05,0.008530232594184095,1.0,1.0,1.0,1.0,3.395346405674056e-29,1.0,1.0,1.0,1.0,3.371310616405599e-15,0.0005769522582935816,1.0,1.0,1.0,0.032854945456345,1.0,0.24912719932749797,3.8408227101191826e-29,1.0,1.450216222426741e-55,2.686746245649695e-16,1.0,0.017121821628672006,1.0,1.0,1.0,1.0,1.0,1.0,1.0,1.0,1.0,1.0,1.0,1.0,1.0,1.0,1.0,3.3772221587387e-14,1.0,1.0,1.0,1.0,1.0,1.0,3.1635269920785168e-27,1.0,1.0,1.0,1.0,1.0,1.0,1.3325415075689642e-11,0.06654394861203444,1.0,1.0,1.0,1.0,1.0,2.20975707607862e-09,1.0,1.0,1.0,3.928323594033327e-24,1.0,1.0175720365732395e-12,1.6070689341631815e-31,1.0,1.0,4.506352229655661e-16,7.3949685290517054e-06,2.2240957561719516e-05,1.0,0.9663824399548157,1.0,9.221421359512687e-06,1.0,0.08065785794968061,5.218646752211254e-23,4.640553231965181e-10,8.251356357629097e-22,1.0,8.575678417674179e-06,1.231544679536846e-34,1.0,1.0,6.749051185057976e-17,1.0,1.2110493245407859e-08,1.0,1.0,1.0,1.0,1.0,1.0,1.0,1.0,0.41993376179696545,1.0,1.0,1.0,1.0,2.040812996641284e-25,1.0,1.0,1.5697969992734055e-06,0.12602078373479156,1.0,1.1597968882460948e-14,9.993521152909166e-09,1.7298118156855996e-05,1.0,1.794479970596989e-11,1.9086527664046433e-06,1.0,1.0,1.0,0.020078812221147213
224,6.042225511155668e-06,1.0,0.01953862305803874,1.0348762694527838e-16,2.3432458909063455e-10,0.0021740219730858826,1.0,1.264747211036843e-06,1.0,4.248309854939611e-09,1.0,1.865143957408534e-55,4.8450333197464454e-24,1.0,1.0,7.409508874269611e-07,1.0,2.404967828231473e-19,1.0,0.093353990631799,1.0,0.8555525190376674,0.0030155390723988983,1.0,1.5378409738213332e-36,1.0,8.197595907592642e-21,1.1200126750695307e-08,1.0,0.047312732819125194,1.0,9.147907251318267e-08,1.0,1.0,7.593718273129047e-29,3.888638385292901e-05,1.0,5.345341317096725e-21,1.616707473810949e-13,2.6704401608285995e-05,1.0,1.0,1.410466891729393e-20,1.0,2.768671196195311e-10,2.1853152395233795e-76,0.026809032508409273,3.187886178886691e-08,1.0,1.0,1.0,0.9476815036206377,1.3676607317558883e-19,1.0,2.2798310043123456e-05,1.0,6.781964212835823e-05,0.0014971305350242126,0.07732578918725952,0.03464345828403585,1.0,1.0,1.0,1.0,1.0,2.3033728227759776e-07,0.034824037328990136,0.1650668587723888,2.5830191962863216e-34,1.3720416549613778e-15,1.0,0.0016903609950609801,1.0,1.0,9.28216964486066e-14,0.00010050933710903749,1.0,1.0,7.997874292633308e-07,4.104146412523932e-08,0.17973940172870362,1.0,1.3836177661375826e-08,4.5778692164574e-62,1.0,1.0238932804033594e-08,1.0,0.011358577537786217,1.9843292105022617e-13,1.0,1.0,1.0,3.3871470661061484e-29,0.02197864878497268,5.057873927040014e-17,3.7701128242653897e-10,1.0,1.9406324099238995e-22,0.005025462942683761,1.0,1.0,1.325706046168144e-35,0.003083422641233816,1.0,1.0,2.6444625154898747e-05,4.074724852305171e-05,0.00019407027570296354,1.0,0.0003689649025395767,5.847342088278708e-22,7.151713793169585e-05,2.8145144330255275e-24,1.0,0.6848247973365282,4.5686133237130525e-12,0.005840757894472603,1.0,1.4118432247183445e-38,1.6161159723298157e-38,1.0,1.0,1.0,2.018272348813268e-05,0.07355292567182437,1.0,1.5933228888119996e-54,1.0,8.765989321783096e-12,1.0,1.0,1.0,1.0,1.0,1.0,1.0,2.0337881347657055e-46,1.0,1.2507806607046889e-05,1.0,1.0,2.2083951244253948e-05,1.0,0.3650452409549981,1.0,1.0,1.0,2.0619067099996924e-07,7.077756657574436e-09,9.155917415316145e-16,1.0,6.158949010780604e-37,1.2469597651316304e-29,1.0,1.6660907427050755e-10,1.0,0.0010307562764753095,1.0,1.0,1.0,0.0027930822747777515,0.015765546881392735,1.0,2.421808904594454e-06,1.0,0.00044715254694058405,1.0,0.2554632050677452,1.0,1.0,4.1238018839269e-05,1.0,1.0,1.0,1.0,1.0,1.0,7.420313910850741e-15,1.0,1.0,1.0,1.0,0.2792747298875513,0.27388157089004994,1.018198490765207e-22,1.0,1.0,1.0,0.7965200921777041,0.0017408058635880286,0.0006564958811708056,0.04433527948928819,1.0,1.0,0.0006885991098494075,2.1125602719457217e-38,3.406085763557947e-05,5.65127096437444e-24,1.5972288636772376e-18,9.360564631691762e-05,3.1794251958193696e-05,8.720042383578537e-07,1.0,5.084094580337503e-14,1.0,3.6708741882562434e-07,4.036002892725818e-07,1.5736924050034285e-14,1.0,1.0,5.252342795033179e-12,0.012501770292280875,2.3941912835157946e-35,1.0,1.0,3.608320703637648e-21,1.0,1.0,4.1787857375918647e-29,1.3100268181374428e-05,2.6494867301274486e-18,1.0,0.026762356459526845,1.0,1.0,1.0,0.2933747507181059,1.0,1.0,1.763707994694125e-07,1.0,1.0,1.0,1.0,3.593632882793691e-39,1.0,1.0,1.0,1.0,1.0,2.7903906922710837e-06,0.04212480726890098,1.7891630680406995e-13,1.0,0.00048190882180608317,1.0,1.2083246712158945e-05,1.0,1.0,4.5552724449703466e-09
225,0.6803684489281551,1.0,1.0,6.839217286887701e-09,3.957731336864798e-18,1.0,1.0,2.2340165236430394e-13,1.0,1.621175531417205e-16,0.0008033083884053824,2.8898028228334066e-41,8.427514678826342e-15,1.0,1.0,0.11685778870188238,1.0,4.022308666115356e-11,1.0,1.0,1.0,1.0,9.27604369629063e-09,1.0,2.115958215143147e-25,0.05220567765907147,1.9587579326488192e-12,0.00461662996301502,4.187840880324626e-05,1.0,1.0,0.01857957691382033,1.0,1.0,3.906555211394389e-19,1.0,1.0,2.1620612988504356e-30,8.11257099868334e-07,0.9598665004384769,1.0,1.0,1.9725025762101242e-12,1.0,0.00022330965565240085,1.7144079670800866e-60,2.8141483655289334e-07,0.007193672796852088,0.003137513833974984,1.0,1.0,1.0,1.3128708302087765e-28,1.0,0.7645652806766039,1.0,1.0,1.0,1.4585551337048223e-06,4.898898011305081e-07,1.0,1.0,1.0,1.0,1.0,0.02446038715402307,1.0,4.643946602394411e-06,4.180547302363757e-24,1.1845471543958878e-08,1.0,1.0,1.0,1.0,3.1577686539395486e-07,2.6826628856285993e-10,1.0,1.0,0.05215607577448554,0.0058660529533584435,6.228394105698015e-06,1.0,0.0024956464739222914,1.904678596676823e-48,1.0,0.0019044455705679532,1.0,1.0,4.346040475453954e-07,1.0,1.0,1.0,4.410905178249276e-20,1.0,5.057714311897098e-10,0.00013079596161077612,1.0,1.7998452064862078e-14,1.0,1.0,1.0,2.8016782955523347e-46,1.0,1.0,1.0,0.47020621985192484,0.6362878265998493,1.0,1.0,1.0,3.3488209444068343e-14,0.9047153572295024,3.839450106091376e-16,1.0,6.57960786198423e-05,5.525903706197707e-19,1.0,1.0,1.9693309091221478e-28,2.1312710913868775e-28,1.0,0.0008731238464060732,1.0,0.3077059739130985,1.0,1.0,1.431620218355282e-42,1.0,4.099946863090191e-06,1.0,0.04073825022785528,1.0,1.0,1.0,1.0,1.0,1.4877799357883075e-35,1.0,0.18120140238906168,1.0,1.0,1.5048383124446876e-10,0.34441313623213693,1.0,1.0,1.0,1.0,0.007414508736426068,0.0005550299427654481,6.423479061315756e-23,1.0,6.027756341042394e-47,3.275555682059806e-21,1.0,2.4111701961984437e-05,1.0,1.0,1.0,1.0,1.0,1.0,1.0,1.0,0.03545460406243162,1.0,1.0,1.0,1.0,1.0,1.0,6.465139145254203e-10,1.0,1.0,1.0,1.0,1.0,1.0,1.69671291328889e-21,1.0,1.0,1.0,1.0,1.0,1.0,1.051976840133017e-15,1.0,1.0,1.0,1.0,1.0,1.0,6.554787673270713e-06,1.0,1.0,1.0,1.8612460164806223e-29,0.1777694669626133,6.911464879263896e-17,1.5676373458963146e-25,0.3760441755719389,0.16461085438564224,9.767947724289748e-12,0.005616255117826666,1.571579146667658e-08,1.0,0.0051563844350362605,0.005470813658421296,5.7845560003104435e-09,1.0,1.0,6.431108192338523e-18,1.523108891666198e-06,7.292203170226015e-27,1.0,0.005988582443833373,1.9079377732390286e-28,1.0,1.0,1.9105876178724027e-21,0.07278205260329951,3.3127245213810616e-12,1.0,1.0,1.0,1.0,1.0,1.0,1.0,1.0,0.002224884458847396,1.0,1.0,1.0,1.0,1.4037663364313906e-30,1.0,1.0,0.0010658199812624539,1.0,1.0,9.015950238125827e-11,1.32291954908726e-05,1.994439969742312e-08,1.0,5.274993498047813e-08,0.0011115179250581263,0.04315073255230585,1.0,1.0,7.776533212759123e-05
226,1.0,1.0,1.0,1.0,9.069505289513065e-39,1.0,0.0014986145871348584,6.440229830941735e-32,1.0,2.14570025724959e-36,3.677834947488123e-17,1.1600178737236198e-19,0.024130123842858408,1.0,0.005531409328286939,1.0,1.0,1.0,1.0,1.0,0.27272385669976507,1.0,1.562114359810389e-24,6.580748909365138e-05,3.790939160223899e-09,1.3166197929601345e-13,0.2799554249399126,1.0,1.04896626715156e-18,1.0,1.0,1.0,1.0,0.10029045077511166,2.37523694659586e-05,1.0,1.1382718195500364e-06,9.241833253600511e-54,1.0,1.0,1.0,1.0,0.17967039274406926,1.0,1.0,3.673876411999863e-35,1.1427155111239605e-21,1.0,3.4111776861421353e-15,6.452095734348239e-07,1.0,1.0,4.2615719792764816e-51,1.0,1.0,5.908076339772517e-09,1.0,1.0,2.6537932454017497e-20,4.990707203784178e-21,1.0,1.0,1.0,1.1591240638927186e-07,1.0,1.0,1.0,2.288607231038562e-19,5.119642026295959e-09,1.0,1.0,1.0,4.806402240440964e-09,0.448139637274725,1.0,1.2667615914228225e-25,4.179183446524953e-10,0.4002728039174458,1.0,1.0,6.189770567314939e-19,1.0,1.0,7.280676076784999e-27,0.18737222238831788,1.0,1.0,1.0,1.0,1.0,1.0,1.0,9.715199257234408e-07,1.0,1.0,1.0,1.0,0.0031116729834464642,1.0,1.927728126965059e-08,0.23932569275268412,1.3231012877950297e-71,1.0,1.0,0.004128425946226432,1.0,1.0,1.0,0.040681123194534,1.0,0.003242764499948212,1.0,0.000194526754340335,1.0,1.1758474796292487e-16,1.4753506857955669e-36,1.0,1.0,7.085214159392682e-13,7.123377718081911e-13,1.0,1.0004545450710832e-14,0.08262288136255681,1.0,1.0,1.0,1.5677201962505732e-23,1.0,1.0,0.26309631290930924,8.224056025758607e-12,1.3174553893309903e-08,1.0,1.0,1.0,1.0,1.917181775987918e-18,0.07559198863875263,1.0,1.0,1.0,2.594342117270739e-24,4.0524296614380375e-10,1.0,4.1426261053249885e-05,1.0,1.1337566375355343e-07,1.0,1.0,1.4629094831677578e-40,0.01686591930286036,2.2794881019408946e-70,1.8247736117448246e-08,1.0,1.0,1.0,1.0,5.16415373884536e-05,1.0,1.0,1.0,1.0,1.0,1.0,1.0,1.0,0.7926872382315995,1.0,0.002151172602881023,1.0,1.3275230069369812e-22,1.0,1.0,1.0,0.07890043484164479,1.0,1.0,8.588465843929333e-38,1.0,0.0826621272458331,1.0,1.0,1.0,1.0,3.0892817276899715e-05,7.861058491042051e-07,1.0,0.3300988747417014,1.0,1.0,1.0,1.9720577013371466e-16,1.0,1.0,1.0,3.0090624085673465e-15,1.0,3.518193647066432e-06,2.0900451324694905e-42,1.0,1.0,1.870974569534793e-24,6.206936307611091e-12,0.8270834107140195,1.0,1.0,1.0,0.437080686249225,1.0,1.3912505452216596e-06,1.5701033150172978e-32,3.854700064700648e-17,1.881294258697453e-13,1.0,8.676218935591167e-12,8.706570179331021e-46,1.0,0.0033235674233377107,1.4954560327503938e-09,1.0,0.0031139291749678758,1.0,1.0,1.0,0.2933747507181059,1.0,1.0,0.0010029650709637741,0.24063319796850804,1.0,1.0,1.0,0.00646783001975871,1.0,9.863901245136742e-17,1.0,1.0,2.131399900232813e-12,4.976373932243473e-06,1.0,3.3597010395321457e-22,4.885740635208331e-15,0.3717489987716245,1.0,2.522280915112695e-18,3.6573979149445345e-12,1.0,0.0002843803113434571,1.0,1.0
227,1.0844119252517168e-10,1.0,2.6244656229608158e-06,3.092600524255371e-23,2.3772610478993846e-05,1.8152344475014559e-07,1.0,0.018088056936767946,0.01698370547144794,0.00022133669974180758,1.0,1.0369316088894293e-65,2.0043169547623834e-31,0.0017075954339158053,1.0,1.2339000402475211e-11,0.0022221894525385755,4.445667396240894e-26,0.32779492998445814,2.5527950567783254e-05,1.0,0.00047852006674375675,1.0,1.0,5.195103104223609e-45,1.0,1.3161200348502946e-27,1.0828458235504407e-13,1.0,1.3194539245900563e-05,1.0,1.4978100501218002e-12,1.0,1.0,1.968661574278033e-36,2.1448900262806675e-09,1.0,1.984064809616288e-14,3.3134222486857776e-19,1.4629829755327775e-09,1.0,0.08180411660894217,3.515931618063898e-27,0.017064112570235438,1.9137216249026376e-15,1.817091320327642e-87,1.0,5.237398915925126e-13,1.0,1.0,0.0029865209229334665,0.0007555406221643434,2.541185154162213e-13,0.06093462374496534,1.3868848627581597e-09,1.0,5.269299334079527e-09,2.434969535487417e-07,1.0,1.0,0.24695012667557364,1.0,0.007916329702863947,1.0,1.0,6.869689555697971e-12,1.3133069077625602e-05,1.0,3.928062508932041e-42,2.2849471842724853e-21,1.0,3.2013440413288114e-07,1.0,1.0,2.8573711866086714e-19,0.24737208476070296,1.0,1.0,3.52937674205488e-11,1.0669091681233506e-12,1.0,1.0,3.1286715038589185e-13,7.818390797503631e-72,1.0,2.305833145046907e-13,0.05423784634629422,4.055174250965552e-06,8.829400268228717e-19,0.193790425226766,1.0,0.00971454385908974,2.7084990881044593e-36,1.0010704724124218e-05,8.771789510663413e-23,5.946814941299938e-15,1.0,8.214383648592839e-29,1.7131990491851133e-06,1.0,1.0,1.0811381847346809e-27,9.934709080923948e-07,0.0017807140324983303,1.0,3.270127126446639e-09,5.52893565563561e-09,3.6438897423217805e-08,1.0,8.059581462885142e-08,3.5748452721419177e-28,1.1480813132191507e-08,9.993625212800349e-31,0.044813884854909676,1.0,1.936788593002062e-07,2.4967112922649117e-06,1.0,3.00245914580736e-46,3.5755001131502096e-46,1.0,1.0,1.0,3.065190491114136e-09,6.454421937908602e-05,1.0,3.004107296931868e-63,0.0029243722305917217,1.3400306526265913e-16,1.0,1.0,1.0,0.004347149024690679,1.0,0.1284055442426254,0.08176730966186631,1.7469143914697717e-54,1.0,2.1204034318483806e-09,0.007885052066045688,0.002437249238361814,0.03856334004348895,1.0,0.000586711229943538,1.0,1.0,1.0,1.9612525972180884e-11,3.966848319767454e-13,7.885433280209233e-11,1.0,1.7638046362555168e-29,3.6626737710869715e-36,1.0,6.571046703979759e-15,1.0,5.478779796554807e-07,1.0,1.0,1.0,1.9585351469439528e-06,1.6007680693076013e-05,1.0,4.765874410861855e-10,0.13650958499451693,2.2664539781382583e-07,1.0,0.0005119639990648891,1.0,1.0,0.04451187762238152,1.0,1.0,1.0,1.0,1.0,0.018347256444649733,2.816017273420025e-10,0.09983824735422596,1.0,0.8804034827357367,1.0,0.0006779396122620534,0.0006649696405059937,2.7711727001194174e-28,1.0,1.0,1.0,0.0026161049250812414,1.548735886388564e-06,4.914736467276293e-07,1.0,1.0,1.0,5.426246251843714e-07,3.577436552593474e-45,1.5832762195168544e-08,1.44309538589659e-29,1.3724874840877774e-13,5.249173651309516e-08,1.5000698013179673e-08,0.0014364349102437542,1.0,1.4817557898639891e-18,0.5607645704854307,8.763880543812894e-11,9.922944206512896e-11,4.1139700124279364e-19,1.0,1.0,5.512182942083123e-08,1.0,8.123127578040327e-42,1.0,1.0,5.523331228731215e-16,1.0,1.0,4.7904230232271114e-35,6.1922764205610735e-09,3.201800011243191e-23,1.0,5.220860523059645e-05,1.0,1.0,1.0,0.0010029650709637741,1.0,1.0,4.932457298425858e-11,1.0,1.0,1.0,0.006521289612882694,1.1530740149492032e-45,1.0,1.0,1.0,1.0,1.0,0.0023859585947108995,1.0,1.2454789498251421e-17,1.0,0.1580410509562209,1.0,9.101259429846804e-09,1.0,1.0,1.1677630255630162e-12
228,5.24285983495859e-06,1.0,0.01602899765662767,1.1746249854495502e-16,9.910044999176976e-10,0.0018012462407119506,1.0,3.928981666453775e-06,1.0,1.6109798646197956e-08,1.0,8.067169176419444e-55,6.791140205398086e-24,1.0,1.0,6.469913780444649e-07,1.0,2.87072508367459e-19,1.0,0.0759803892526227,1.0,0.6936117711631318,0.006808461313100672,1.0,3.069517909921375e-36,1.0,9.962421864241823e-21,1.0044260562874686e-08,1.0,0.038534687072180385,1.0,8.02054150060481e-08,1.0,1.0,1.1401096050577265e-28,3.2671156351515406e-05,1.0,4.1549661572039595e-20,1.5907444346019248e-13,2.2451767578151737e-05,1.0,1.0,1.6495202457182327e-20,1.0,2.532662907933523e-10,1.5405276923422993e-75,0.05399933860034252,2.7992380848816794e-08,1.0,1.0,1.0,0.7687790225889705,9.312321935764697e-19,1.0,1.9129486622050468e-05,1.0,5.6549969295798495e-05,0.0012298962574349085,0.14781010897239857,0.06813780067390787,1.0,1.0,1.0,1.0,1.0,1.9793943507823114e-07,0.02833167568786129,0.304606211363895,4.200749691724384e-34,1.3763890638841853e-15,1.0,0.0013861497405899216,1.0,1.0,8.936207241675574e-14,0.00023695075108098315,1.0,1.0,6.790052506693312e-07,3.549325429725512e-08,0.3268247716868324,1.0,1.2034942477837156e-08,1.6143113471589263e-61,1.0,8.910567022340375e-09,1.0,0.009252422187967698,1.87211815335236e-13,1.0,1.0,1.0,4.5145788221841693e-29,0.017876724229344144,5.083112579487875e-17,3.3350470553540853e-10,1.0,2.1866138336726356e-22,0.004097464905694231,1.0,1.0,1.8303510237100672e-34,0.002515916707876546,0.9905817757023492,1.0,2.190026940969096e-05,3.36832645432243e-05,0.00015950580100095903,1.0,0.00030257647697851884,6.39593411299149e-22,5.8948652490344584e-05,3.2321193361143205e-24,1.0,1.0,1.6048006697500543e-11,0.004756444102695043,1.0,2.2289279345830528e-38,2.5389998632224824e-38,1.0,1.0,1.0,1.6667632184322867e-05,0.0597671403801833,1.0,3.6371949068759464e-54,1.0,7.795884537114852e-12,1.0,1.0,1.0,1.0,1.0,1.0,1.0,3.664114378335188e-46,1.0,1.0317829265521673e-05,1.0,0.952585602858646,4.87342568044703e-05,1.0,0.297284235958805,1.0,1.0,1.0,1.7230957202319745e-07,6.002416394887051e-09,3.544307747320337e-15,1.0,6.714656254168088e-36,1.4725459055317832e-29,1.0,1.431073587332061e-10,1.0,0.0008396457197660197,1.0,1.0,1.0,0.0022727738677410336,0.01282322537677673,1.0,1.9962235959621796e-06,1.0,0.00036447202810377095,1.0,0.20840588010234937,1.0,1.0,8.474999101833087e-05,1.0,1.0,1.0,1.0,1.0,1.0,2.5015035218000813e-14,1.0,1.0,1.0,1.0,0.22822124372132102,0.22381456736120037,1.0076217027581012e-22,1.0,1.0,1.0,0.653066612889815,0.0014167563950050993,0.0005344990862107081,0.07406787349130675,1.0,1.0,0.0005606044843158281,2.6631225357149585e-38,2.7809831328501777e-05,5.62576611743983e-24,6.079506731707445e-18,7.632482049829239e-05,2.5957907151716303e-05,1.8786669174200632e-06,1.0,4.435218366661532e-14,1.0,3.0218206421454963e-07,3.3210445867230687e-07,1.379099088430727e-14,1.0,1.0,1.4543653909775347e-11,0.02133408980129513,2.818675067891908e-35,1.0,1.0,1.502186859890734e-20,1.0,1.0,4.423619232052241e-29,1.069962972164106e-05,2.4077084685508316e-18,1.0,0.021834164238090686,1.0,1.0,1.0,0.24063319796850804,1.0,1.0,1.4497150947731381e-07,1.0,1.0,1.0,1.0,4.273209728237411e-39,1.0,1.0,1.0,1.0,1.0,5.481316269045308e-06,0.06696740190419327,1.519191880073176e-13,1.0,0.0008430654650341457,1.0,9.851179217904827e-06,1.0,1.0,3.754126365186972e-09
229,1.0,2.7632160947929414e-08,0.13429597538392637,1.0,7.194276534045664e-61,1.0,4.480315707285437e-14,2.681502570039081e-52,8.406617900124757e-05,7.655471663017445e-58,2.513208728415134e-33,6.607421389785356e-07,1.0,0.0017217045516707955,5.03187439740525e-13,1.0,0.0018134044826544164,1.0,6.256297973099787e-06,0.11787339319783575,3.6098736446059755e-10,0.015649426317947846,1.9865152949763365e-42,8.593753862287035e-16,1.0,4.3965090598069955e-28,1.0,1.0,9.100197840921552e-35,0.5900693773795811,9.133578707855905e-08,1.0,1.1810810453133914e-06,1.3757787335614544e-10,1.0,1.0,4.526334991958233e-18,1.6683350226058784e-77,1.0,1.0,8.75474203583261e-07,0.000498733848275298,1.0,0.0029055567856908315,1.0,1.2363522278002478e-18,3.8314697554979666e-38,1.0,1.1474434358847114e-29,2.765878261641177e-18,0.024287601992482907,0.08516961607047295,5.010959964972416e-74,0.0012683643632168378,1.0,4.310157540850744e-21,1.0,1.0,4.1190028204872945e-36,4.835197484747991e-37,0.00045031525424814686,1.1221856976870787e-07,0.022276283315941406,4.050564828716354e-19,4.971397674872266e-07,1.0,1.0,9.648648449662596e-35,0.7234344924080506,1.0,1.6501072956874566e-07,1.0,6.224201866605845e-21,4.417902536523114e-09,1.0,1.3419783804714431e-42,2.4343361636002974e-22,4.311863886797559e-09,1.0,1.0,6.1036924215419184e-34,1.8488379061717238e-07,1.0,4.429026318549114e-13,1.4691025753439006e-09,1.0,0.01390153045739818,1.0,1.0,0.004473285979422682,3.7151832631190675e-07,0.12884119346267495,1.0,1.0,1.0,1.0,9.263697496694675e-06,1.0,1.0,1.3604714083441495e-19,3.856512019062032e-09,2.8341909905745532e-96,1.0,1.0,8.043628181357775e-12,1.0,1.0,1.0,2.9314110193725924e-10,1.0,1.0,1.0,1.0,0.09880798941018028,2.815050910870264e-30,6.681603383624592e-55,1.0,3.60181192615631e-07,0.0009571214081061249,0.0009335204082424705,8.919908055880573e-07,1.360448220625314e-27,1.3718348180681492e-09,1.0,1.0,0.00020175231510648377,2.3885953289826746e-11,1.0,1.0,1.078684532812014e-08,1.5887251842329875e-23,3.3175421857547343e-19,1.0,0.0066661014286410825,0.1616898927460471,0.2618843206302124,8.607833456189904e-08,1.984322183731203e-09,1.0,1.0,1.0,2.7573737715354328e-39,4.098566055275401e-21,1.0,3.807944213601602e-14,0.008323832267700592,1.0682462463678031e-17,1.0,1.0,1.4607868016768109e-58,3.3543717549431963e-10,5.349554709065679e-93,0.2927270222458772,0.0001033512670665578,1.0,0.002043798337435989,1.0,1.1036107904927345e-13,0.0349217110983141,3.317689808485361e-07,1.0,1.0,0.01366121338144866,1.0,1.0,1.0,2.1860613058399355e-07,1.0,3.119498848521456e-11,0.0031239187978773075,2.365409453816168e-36,0.00328235804036413,0.00043805445387845614,0.2825676861736244,8.59165285433432e-09,0.0006532591291136708,1.0,2.138046061130768e-54,1.0,9.831622690309063e-09,0.6127164533651305,1.791479945734459e-05,1.0,1.0,1.0,8.630373990851198e-16,0.0013602545118062948,1.0534740357316e-07,1.0,1.0,1.0,3.397088587384718e-28,0.0002806774581256873,0.001009996216068064,1.0,2.4569318316905276e-06,1.0,1.0,2.543396560121225e-59,1.0,1.0,5.754641232859249e-38,2.3889411877642953e-22,1.0,1.0,1.0,1.0,1.0,0.00665017902230883,3.2658665341236806e-15,1.492413749689988e-47,7.154744404746638e-29,3.871385226751992e-05,0.0005006932720128893,4.727238509535469e-22,5.289029694603657e-63,0.46248997159694255,1.9437628981260975e-10,0.017778192513733325,1.0,1.0,0.01618754041361012,1.0,0.41993376179696545,1.763707994694125e-07,0.002224884458847396,1.0,4.932457298425858e-11,1.4497150947731381e-07,1.0,3.8477298388195206e-05,0.00013772395891075283,8.715915625639832e-10,1.0,8.143347400928067e-08,0.0004726248122496407,2.972833328209267e-05,2.782173881271039e-22,6.077522825332147e-14,0.00037691216018748093,2.733332507345845e-34,1.8141427449601717e-25,1.0,2.7984772875890198e-05,1.8614349748619818e-29,9.098210282177408e-22,1.0,2.1582762431663624e-11,1.0,1.0
230,0.006273355389860743,1.0,1.0,6.032772007244486e-12,2.476863613957801e-13,0.6174318342486187,1.0,2.8879661895849767e-09,1.0,5.813660060567349e-12,0.25273726313542133,3.997749798213709e-46,2.521410030289194e-18,1.0,1.0,0.0009157959520668682,1.0,2.5404052772842602e-14,1.0,1.0,1.0,1.0,1.867047935059739e-05,1.0,1.689955530571217e-29,1.0,1.0805305486617215e-15,2.4479569250696735e-05,0.019115195100188893,1.0,1.0,0.0001279267315055431,1.0,1.0,8.024620757552885e-23,0.018432825223911938,1.0,1.7982656718896318e-24,1.6684749747010495e-09,0.01299958466248257,1.0,1.0,1.2717135776900765e-15,1.0,8.976740247546391e-07,9.908828093436195e-66,0.0002569769343858313,4.6839616273479056e-05,0.5473016959153371,1.0,1.0,1.0,5.806924036924027e-23,1.0,0.01052564789397334,1.0,0.025429068784510154,0.30341472503544553,0.0009186082235377239,0.0003680256716851986,1.0,1.0,1.0,1.0,1.0,0.00020985178166851425,1.0,0.0022766689263193133,5.888707118210666e-28,1.946200928573633e-11,1.0,0.3123528853210136,1.0,1.0,7.24316728261621e-10,5.624906456185803e-07,1.0,1.0,0.0005358599943438603,4.422495003738831e-05,0.0026629455139927202,1.0,1.712415737162706e-05,3.303852435069251e-53,1.0,1.2868924291553249e-05,1.0,1.0,1.1519953794408102e-09,1.0,1.0,1.0,1.3075128481318167e-23,1.0,7.66809826092004e-13,6.861666691819461e-07,1.0,1.2588083602807986e-17,0.6263394562636677,1.0,1.0,2.002475033236937e-39,0.4086826010823436,1.0,1.0,0.007926244600318025,0.011303432841151694,0.04096784740275384,1.0,0.0688987555787928,2.722566887571522e-17,0.017443859359314823,2.3263232480112996e-19,1.0,0.014785612865469854,8.260236546771046e-15,0.6370859269788114,1.0,2.755332870848166e-32,3.028403645736396e-32,1.0,0.12020393832180389,1.0,0.005415478376449537,1.0,1.0,6.186556903887179e-47,1.0,1.8541241948871055e-08,1.0,1.0,1.0,1.0,1.0,1.0,1.0,1.2652386905827202e-39,1.0,0.003208475273575324,1.0,1.0,1.6470981197287618e-07,1.0,1.0,1.0,1.0,1.0,8.986401545835861e-05,4.92433155379587e-06,1.336692045354891e-18,1.0,1.3112223412758707e-40,1.5257435105269918e-24,1.0,1.6594756211680933e-07,1.0,0.1093964909808688,1.0,1.0,1.0,0.24089927956488252,1.0,1.0,0.0006059354216924012,1.0,0.05075394488181971,1.0,1.0,1.0,1.0,4.105463230856817e-07,1.0,1.0,1.0,1.0,1.0,1.0,1.5708503440202565e-17,1.0,1.0,1.0,1.0,1.0,1.0,1.4302362450072921e-18,1.0,1.0,1.0,1.0,0.1340685618941713,0.058333986699816646,0.0010588574012516505,1.0,1.0,0.05926002564417462,5.6210023263111014e-33,0.004531787619458856,8.76938615585834e-20,2.5096665292834006e-21,0.010692930284421661,0.0042028543138775175,7.456657692732898e-09,0.33056868904388886,7.725858384031147e-11,1.0,8.674640483249897e-05,9.330706156278034e-05,2.6568086494266836e-11,1.0,1.0,1.9677682750516518e-14,0.00027362523263607885,3.0814619959296893e-30,1.0,0.33626844901213865,4.5979689911280695e-24,1.0,1.0,1.5174643941073453e-24,0.0017860102316114086,9.49638110818659e-15,1.0,1.0,1.0,1.0,1.0,1.0,1.0,1.0,3.8477298388195206e-05,1.0,1.0,1.0,1.0,5.358503468444461e-34,1.0,1.0,0.06324623940956957,1.0,1.0,3.488260771929978e-08,0.0013217859199600383,1.4049044190027485e-10,1.0,9.774599709724121e-06,0.06053863825995257,0.0012369260482969005,1.0,1.0,1.1591255467503742e-06
231,0.02932140900829517,1.0,1.0,7.615046058920601e-11,3.975924948747715e-14,1.0,1.0,5.588666611640141e-10,1.0,9.938643741260979e-13,0.08377084724753053,6.806933789178501e-44,5.4960713753721166e-17,1.0,1.0,0.0045352016621745105,1.0,3.762678387067372e-13,1.0,1.0,1.0,1.0,4.624722234888524e-06,1.0,7.971495035560819e-28,1.0,1.7091258699915942e-14,0.00014086808911886235,0.005930319822295247,1.0,1.0,0.000663263004923794,1.0,1.0,2.144880537204184e-21,0.07327772682902892,1.0,2.202047304860318e-25,1.4220850009640496e-08,0.05216892609244647,1.0,1.0,1.857132483240897e-14,1.0,5.760172860498228e-06,3.7868005275814835e-63,7.121946126126842e-05,0.00024770377538982965,0.19842943441461042,1.0,1.0,1.0,7.529646855839644e-24,1.0,0.04192113162263416,1.0,0.0962820409066464,0.9895922998175085,0.000269049575118667,0.00010486166124367669,1.0,1.0,1.0,1.0,1.0,0.0009952160397425007,1.0,0.0006928598002989898,1.9530447995312902e-26,1.825616733431973e-10,1.0,1.0,1.0,1.0,5.865044475989587e-09,1.3717026497999304e-07,1.0,1.0,0.0023697249093874587,0.00022001968468201587,0.0008267194314166285,1.0,8.832006587217417e-05,4.6643581582811535e-51,1.0,6.67406416366854e-05,1.0,1.0,8.748348174966295e-09,1.0,1.0,1.0,2.839207646101906e-22,1.0,7.433523862992375e-12,3.92610300994584e-06,1.0,1.7558863411197542e-16,1.0,1.0,1.0,2.031572314655219e-40,1.0,1.0,1.0,0.02910957558956449,0.040735568979941975,0.138035028445036,1.0,0.22535173047978974,3.5246569374554394e-16,0.06101677026606186,3.47864014350855e-18,1.0,0.005074233509248229,1.5362322430155627e-15,1.0,1.0,9.141676297408802e-31,9.954859300279808e-31,1.0,0.04481863136382794,1.0,0.01952829789079483,1.0,1.0,4.37992664659141e-45,1.0,1.1212226024743322e-07,1.0,1.0,1.0,1.0,1.0,1.0,1.0,5.695825255872277e-38,1.0,0.01152016662721242,1.0,1.0,4.364861784446405e-08,1.0,1.0,1.0,1.0,1.0,0.0003699116927989486,2.278813803185993e-05,2.3709585238068077e-19,1.0,1.4509477695567224e-41,2.5947678400847906e-23,1.0,8.454651228600786e-07,1.0,0.3185076641587785,1.0,1.0,1.0,0.6677492008037449,1.0,1.0,0.002193641875226083,1.0,0.1508528291181219,1.0,1.0,1.0,1.0,1.1760346427148359e-07,1.0,1.0,1.0,1.0,1.0,1.0,3.0669161547342478e-18,1.0,1.0,1.0,1.0,1.0,1.0,1.4407732408880086e-17,1.0,1.0,1.0,1.0,0.3652499364672951,0.16478076297726857,0.0003789547888128165,1.0,1.0,0.16628467777512787,1.19713488785733e-31,0.014187661964124446,9.10955783807899e-19,4.560681741464795e-22,0.03223257150965873,0.013147257991868323,2.0660682465327496e-09,0.14177875966589296,4.4729618847063454e-10,1.0,0.0003143475105578525,0.0003364120507873758,1.5807604386674033e-10,1.0,1.0,4.441002504042643e-15,9.598731130152633e-05,5.485854939438643e-29,1.0,0.14536866222286524,7.940478729628833e-25,1.0,1.0,1.9658080093397464e-23,0.005656109085191588,6.864457064902792e-14,1.0,1.0,1.0,1.0,1.0,1.0,1.0,1.0,0.00013772395891075283,1.0,1.0,1.0,1.0,1.0042762204677589e-32,1.0,1.0,0.02693918590309353,1.0,1.0,1.0699393374656824e-08,0.0005111481476163015,7.017726900551895e-10,1.0,3.388782814853598e-06,0.026158984913619506,0.0036952665854533694,1.0,1.0,4.362769460916284e-06
232,7.72945027924755e-09,1.0,7.160516170622307e-05,2.1390584165251403e-20,5.071626294438012e-06,6.126609085232559e-06,1.0,0.004431877257732104,0.183181566685908,4.915532007516993e-05,1.0,4.5742292255564744e-60,4.925812792809228e-28,0.022905600572691778,1.0,9.00885850030341e-10,0.02857166601382346,4.109827888787851e-23,1.0,0.0005020083990898,1.0,0.006919316325003067,1.0,1.0,7.58442844420848e-41,1.0,1.3213549024456599e-24,1.034430267266671e-11,1.0,0.0002548224738616978,1.0,1.0880226701319348e-10,1.0,1.0,6.563534004790052e-33,8.605812340165905e-08,1.0,3.811010546507905e-15,7.241503726290198e-17,5.872474958901036e-08,1.0,0.647070366199589,2.6577672376366663e-24,0.15837873623666593,2.1574064835464774e-13,4.825759095598336e-81,1.0,3.7730530910170096e-11,1.0,1.0,0.03228258260405638,0.009288482125648057,4.9034259385740926e-14,0.4854143607906355,5.271304582550066e-08,1.0,1.7851805460590614e-07,5.880228286574796e-06,1.0,1.0,1.0,1.0,0.07470940290929423,1.0,1.0,3.65193324181287e-10,0.00021903855303729105,1.0,1.8809160975726252e-38,5.544503446543908e-19,1.0,7.188998418246374e-06,1.0,1.0,4.9185074476011917e-17,0.07095535374233118,1.0,1.0,1.5437621849349064e-09,6.033010115689113e-11,1.0,1.0,1.8924744335332364e-11,1.2652419110174133e-66,1.0,1.3955143918284302e-11,0.39759593232592777,6.858835728728152e-05,1.2351348730649947e-16,1.0,1.0,0.08154456746449502,4.1480003115022194e-33,0.0001521546712259979,2.0565076857201775e-20,4.2781763963433973e-13,1.0,4.392592444286499e-26,2.9382409520434254e-05,1.0,1.0,2.235220279531609e-28,1.7419029849837317e-05,0.016731031361555175,1.0,8.738716649293203e-08,1.4163746269957046e-07,8.07039869574069e-07,1.0,1.6686387393807591e-06,1.5251959695278438e-25,2.721831927003162e-07,5.914854031974494e-28,0.3087675091145525,1.0,4.289805985356125e-08,3.8593837469548294e-05,1.0,1.117493603295746e-42,1.2940662309755936e-42,1.0,1.0,1.0,7.400120499122419e-08,0.0007367660700860177,1.0,6.681501749301499e-59,0.024234797686899387,9.649713255848689e-15,1.0,1.0,1.0,0.03407129559572697,1.0,0.7496498719287545,0.49601184720911784,1.2347489363878999e-50,1.0,4.841107306988412e-08,0.05760639874495343,0.01960534115576077,0.011318720383049798,1.0,0.0052155464749032935,1.0,1.0,1.0,5.791253788570657e-10,1.4987118865529425e-11,1.6678703395634786e-11,1.0,3.534753588373211e-30,2.393146993538875e-33,1.0,2.9196563173693364e-13,1.0,7.561290547846453e-06,1.0,1.0,1.0,2.4033275093698975e-05,0.00016892995854965844,1.0,1.004233814725848e-08,0.7129427845752915,3.1778984954637466e-06,1.0,0.00412411963523041,1.0,1.0,0.013725940514358402,1.0,1.0,1.0,1.0,1.0,0.10836972410587083,6.227096215319717e-11,0.51522631876516,1.0,1.0,1.0,0.005039232215698637,0.004941563732210887,4.8497705678090183e-26,1.0,1.0,1.0,0.01730691352610945,1.7046400828078572e-05,5.8010721611652125e-06,1.0,1.0,1.0,6.26319071023491e-06,3.2484701762489206e-42,2.2737069593001535e-07,2.606348536059596e-27,2.890621558292538e-14,6.966238364315023e-07,2.1390046491153204e-07,0.000418869103920057,1.0,7.486612427779976e-17,1.0,1.6714668753343318e-09,1.8676079621645992e-09,2.1913101144401638e-17,1.0,1.0,1.3366206842897287e-08,1.0,4.766017575312416e-39,1.0,1.0,1.1319153232195813e-16,1.0,1.0,1.3575489016197635e-32,8.782581508955952e-08,2.50517327389062e-21,1.0,0.000417534063853384,1.0,1.0,1.0,0.00646783001975871,1.0,1.0,8.715915625639832e-10,1.0,1.0,1.0,0.03573441627532259,6.94642597453155e-43,1.0,1.0,1.0,1.0,1.0,0.0007463975961231992,1.0,4.0795304757486714e-16,1.0,0.056087328324971986,1.0,1.0493096542893359e-07,1.0,1.0,2.1196262267687765e-11
233,1.0,1.0,1.0,1.0,2.8743880980393334e-34,1.0,0.02249719652512724,4.96352920549386e-28,1.0,3.98761047304802e-32,1.3190359103174122e-14,9.991842415243821e-20,0.009620835243841892,1.0,0.06863967546033868,1.0,1.0,0.7987635556091254,1.0,1.0,1.0,1.0,2.037257503314056e-21,0.0012625525215715176,1.7388473102266498e-09,1.7962416982196573e-11,0.1135400561965319,1.0,3.970328330224708e-16,1.0,1.0,1.0,1.0,0.8073371484857343,9.684139545085838e-06,1.0,3.0051620625212095e-05,1.7374992325019695e-48,1.0,1.0,1.0,1.0,0.07303974904504307,1.0,1.0,7.632106333820649e-35,6.24086293685892e-19,1.0,5.166276639508615e-13,1.721917851944503e-05,1.0,1.0,4.0286421288735236e-46,1.0,1.0,2.391100937252979e-07,1.0,1.0,9.793951562332134e-18,2.109699574565756e-18,1.0,1.0,1.0,3.3808763805984444e-06,1.0,1.0,1.0,6.563727513270896e-17,2.2365200651602148e-09,1.0,1.0,1.0,1.7969974968053355e-07,1.0,1.0,1.0860954192880039e-22,1.901606730400541e-08,1.0,1.0,1.0,1.4658160035318483e-16,1.0,1.0,7.147167241249174e-27,1.0,1.0,1.0,1.0,1.0,1.0,1.0,1.0,3.975953251617928e-07,1.0,0.5450573863725896,1.0,1.0,0.0012531146385130628,1.0,5.378529416883471e-07,1.0,8.940312411267447e-66,1.0,1.0,0.03703247926191875,1.0,1.0,1.0,0.2889747248493752,1.0,0.0013098693960905382,1.0,7.809896740450416e-05,1.0,1.3474968047829574e-14,4.1943609152057746e-33,1.0,1.0,3.28966190253073e-13,3.3019471700732197e-13,1.0,7.604221834445605e-13,0.5231226362487368,1.0,1.0,1.0,1.0785628073634573e-23,1.0,1.0,1.0,3.4291907660043614e-10,3.086013705543512e-07,1.0,1.0,1.0,1.0,1.0420162907513342e-18,0.45855275804959833,1.0,1.0,1.0,7.690518349479367e-22,1.1871289269936875e-08,1.0,0.00047566068988655444,1.0,2.0784331918236715e-06,1.0,1.0,3.8468101046688975e-37,0.11140482957363551,2.9928818576919795e-65,7.47115897536647e-09,1.0,1.0,1.0,1.0,0.0005302629737082274,1.0,1.0,1.0,1.0,1.0,1.0,1.0,1.0,1.0,1.0,0.01575064767903422,1.0,2.0598598180586774e-20,1.0,1.0,1.0,0.413388116724047,1.0,1.0,9.225792559824925e-35,1.0,0.42852939596998396,1.0,1.0,1.0,1.0,1.253032442868956e-05,9.799038913169782e-06,1.0,1.0,1.0,1.0,1.0,1.0286036599496814e-14,1.0,1.0,1.0,1.334836387510817e-15,1.0,1.422792675988277e-06,3.012790852410187e-39,1.0,1.0,2.755314470374009e-22,1.6088389143876554e-10,0.3745072710639524,1.0,1.0,1.0,0.19577135341471358,1.0,1.54607736223817e-05,6.1629811445538625e-30,2.034635316518584e-15,8.018563428343543e-14,1.0,2.1153949927590018e-10,1.621565084021295e-42,1.0,0.0205217136848599,6.081979167376253e-10,1.0,0.001313094969328474,1.0,1.0,1.0,1.0,1.0,1.0,0.006521289612882694,1.0,1.0,1.0,1.0,0.03573441627532259,1.0,4.3420393480716125e-17,1.0,1.0,4.628957870736252e-11,4.33366220425438e-05,1.0,2.4113130181647083e-20,1.425010266910036e-13,0.17112022298160856,1.0,1.0769373904808283e-16,7.11279002655365e-11,1.0,0.00181060970016325,1.0,1.0
234,1.526404664661455e-33,2.462313645883365e-57,1.190716744528849e-40,6.240706087326731e-18,4.4245287363030276e-147,3.180640312612591e-37,8.273452173419127e-69,1.0817182074571164e-133,1.6131317601635207e-48,4.261023525786554e-142,3.0202734179560126e-103,1.0,4.761093720259395e-11,1.0005150825528249e-44,7.26791959873959e-66,7.782183446569321e-29,2.2260861265545129e-44,6.566521101628246e-14,3.2220110435449283e-50,3.125717032167168e-39,2.01557563092637e-59,2.945065939776704e-41,5.946699283611069e-116,3.239830410571426e-70,0.004497035216206055,3.307412968954673e-92,1.594236271396008e-11,4.3699872956528384e-24,5.54339247401064e-103,4.6612465825736985e-36,6.469918155498882e-53,2.157005854030154e-24,3.952530574119942e-50,1.3144295637911395e-58,1.1394457990143788e-05,1.1364155171058189e-28,7.498814148861482e-73,8.253520695764325e-166,1.4479211852197534e-16,9.591267562039015e-28,6.6479486482687235e-50,1.976060443823522e-43,3.4088562207639713e-10,1.6588970924494051e-41,6.520335404362243e-20,1.0,1.9030092142756083e-106,2.582397124607045e-22,2.0919219643816484e-92,1.5607749347352863e-72,9.626636709995162e-39,3.0570214639554433e-37,1.2587718030081408e-159,6.67375124733045e-42,1.8598967342895863e-26,3.4048435045289188e-77,3.618600277319079e-27,2.72937297565639e-29,5.541219955375782e-102,1.8001053322681446e-103,1.8696470310567502e-42,1.256942004953184e-50,4.711217244611222e-38,6.568997459385957e-73,4.473610451881869e-49,7.342144254213563e-22,1.5482779365817172e-31,4.686021794945914e-99,0.12208098808714497,2.8081334304637134e-12,9.902877147370877e-50,3.209501237427816e-28,1.5530917675079949e-75,5.651341543319356e-53,8.6346525313879e-14,4.2303595925291315e-111,9.839502464429748e-78,1.3428198626205238e-52,1.7468607217834126e-21,1.2724792859719028e-19,1.0797125760590104e-96,6.851506340387555e-49,1.108115820860712e-18,1.0,3.488316469088491e-53,3.270336959789165e-18,3.1729800975463202e-37,3.8091506973691726e-28,8.290955816513896e-13,3.1498321768744693e-38,2.0901779624267993e-47,3.5481529670954477e-34,0.02344631718774868,6.223404261380479e-28,4.273028631677685e-09,2.1096983537373964e-15,5.090939943917472e-44,2.1043106881324996e-05,5.3197792417057e-26,9.707128733381985e-71,6.266897034628296e-51,2.7566379892478107e-184,4.538611251067969e-25,5.590032139754909e-31,6.167911950479715e-56,4.288010850735921e-21,2.4629054414405453e-21,2.187935430752741e-22,1.159182781152717e-52,1.0068120054854148e-22,6.556359341826175e-05,2.7349845843193885e-21,0.0012207161758092955,2.287710479813904e-33,1.430853784247686e-87,4.1994076107528704e-125,2.4236685049769133e-24,9.565843461197361e-46,1.0,1.0,1.449961697227009e-44,2.2163825992066007e-82,2.8258106693383754e-50,5.741704675606048e-19,1.8836795683537781e-25,5.941221908579977e-39,1.0,2.0645434323954467e-28,6.157643266645294e-11,6.956822547445437e-48,1.5254363629987848e-74,4.203965384244478e-67,5.893430395960188e-28,7.860301422177935e-35,2.2975613145331715e-31,8.978198198065455e-31,1.0,9.555160252493258e-49,3.1907283076410815e-17,9.403407299099029e-28,1.2229664862454115e-26,6.151209967298279e-99,9.694014487527157e-70,6.451333224214048e-25,3.6560497904678326e-57,6.32968603494968e-34,2.2666010250457063e-63,5.6296691780004824e-14,3.0099631625122846e-12,5.4871115252122306e-126,4.569166690900773e-49,4.5753535406569796e-173,1.0,2.5856318657882935e-37,1.4220233924691523e-09,2.4134623951376757e-34,5.93903157577843e-18,1.1238044614954526e-54,4.257932906540148e-31,4.3783749198593536e-42,4.4459388225540746e-18,2.2508759763635387e-19,7.371275249219775e-32,2.363444387043151e-13,1.1498980379216632e-26,1.7905966484424492e-16,3.8042639653539004e-42,2.1504438930407913e-21,1.6906974390331945e-49,4.425094368553586e-33,5.23205377684449e-91,6.204830948748873e-33,6.848919170819356e-35,5.935809650845194e-28,3.4915846684760757e-44,5.224021651025535e-34,3.941559559806741e-23,1.500523577825417e-116,9.834011858378481e-25,6.437222703710246e-44,8.938014615852756e-27,5.07288915130448e-37,8.325730806673558e-20,9.649859705447613e-20,1.0,2.2503885979344707e-56,9.123678144880961e-33,2.9116119192179904e-41,2.681776822975498e-20,3.836837211125123e-15,2.1408932995382762e-14,2.3081362010228154e-76,6.407290201232916e-34,1.4149609952980412e-32,4.019252560517152e-14,1.0,3.073466407063482e-12,1.0,1.3676071341750227e-121,9.606161468480658e-13,4.960646088974977e-12,9.896159704718731e-91,1.714842857580697e-66,0.0007077375879754969,5.1506435343083074e-24,1.590557979590584e-09,1.7261359890977715e-09,0.0017982344115337258,2.4976731835318672e-30,3.3262400816077e-54,2.4936135095914455e-104,1.6800130953958117e-76,1.0,1.0739650812574003e-32,1.613939931956191e-65,9.407460663422952e-126,9.344427246176927e-26,2.5764935605670848e-45,1.0,1.2509929725345986e-10,0.501438407254745,6.426736410471866e-29,3.2502983066043702e-15,2.040812996641284e-25,3.593632882793691e-39,1.4037663364313906e-30,9.863901245136742e-17,1.1530740149492032e-45,4.273209728237411e-39,8.143347400928067e-08,5.358503468444461e-34,1.0042762204677589e-32,6.94642597453155e-43,4.3420393480716125e-17,1.0,2.367479741368621e-31,1.3081226043860241e-33,2.0171097527681387e-63,1.7176987896303277e-49,4.605832878904034e-31,2.324729537284985e-81,7.741585105648263e-68,0.06180530863104605,7.414744893890277e-33,1.2305488779044884e-73,1.2289981476133239e-61,7.052145736545772e-08,2.836703507202714e-44,5.19497837210059e-21,0.0001485260471090083
235,0.12696401391705311,1.0,1.0,1.021116890871793e-09,1.3061839931486201e-14,1.0,1.0,1.8926903976013334e-10,1.0,3.287689808865922e-13,0.035327502554293407,2.438930309633147e-41,1.4244058355717634e-15,1.0,1.0,0.02106534984074965,1.0,6.141973327317371e-12,1.0,1.0,1.0,1.0,1.698480879863677e-06,1.0,5.454977528461227e-26,1.0,3.03586742991328e-13,0.0007760107340805234,0.002417859654328631,1.0,1.0,0.0032641200129191355,1.0,1.0,7.255383353391114e-20,0.2701550465469898,1.0,7.398527356678183e-26,1.2282144348435203e-07,0.19455607704031097,1.0,1.0,3.0207977888818966e-13,1.0,3.6050276716692416e-05,4.1666449061208733e-60,2.749586202975308e-05,0.0012505258499572152,0.08830117917887594,1.0,1.0,1.0,2.49915662576288e-24,1.0,0.15545820349267458,1.0,0.3382912314367299,1.0,0.00010671969522474394,4.10405612259666e-05,1.0,1.0,1.0,1.0,1.0,0.004475648016551309,1.0,0.00028026866025594765,8.764423445329748e-25,1.7770159979547832e-09,1.0,1.0,1.0,1.0,4.8192695863026384e-08,5.0166084443929175e-08,1.0,1.0,0.009901600941425868,0.0010461219204194385,0.0003380600973400824,1.0,0.00043736401028552654,1.3724895233814193e-48,1.0,0.00033280318333463166,1.0,1.0,6.709766423614029e-08,1.0,1.0,1.0,7.615040429989979e-21,1.0,7.582407304935475e-11,2.191007045865048e-05,1.0,2.756565411877382e-15,1.0,1.0,1.0,7.426012246775639e-41,1.0,1.0,1.0,0.10013493382602644,0.1373414168177304,0.43329029810398223,1.0,0.6856848617516181,5.083780343908615e-15,0.19946144483515865,5.965831607015413e-17,1.0,0.0021951948768652173,5.174711985887995e-16,1.0,1.0,4.1983727395748144e-29,4.521135785367764e-29,1.0,0.020362426091283192,1.0,0.06615523424359031,1.0,1.0,5.333715628598281e-43,1.0,6.717608187264773e-07,1.0,0.5571156885545011,1.0,1.0,1.0,1.0,1.0,3.884666976697481e-36,1.0,0.03897207808336587,1.0,1.0,1.6577917657879636e-08,1.0,1.0,1.0,1.0,1.0,0.001453631383436008,0.00010181935177238879,7.922632511961049e-20,1.0,5.0664977229589284e-42,5.287922472596747e-22,1.0,4.215480274999928e-06,1.0,0.8668290197655518,1.0,1.0,1.0,1.0,1.0,1.0,0.00753795346949499,1.0,0.4202929044418403,1.0,1.0,1.0,1.0,4.638463650317194e-08,1.0,1.0,1.0,1.0,1.0,1.0,1.046911808777515e-18,1.0,1.0,1.0,1.0,1.0,1.0,1.5849104084397837e-16,1.0,1.0,1.0,1.0,0.9331076007050232,0.4372768671851963,0.00016871213035802486,1.0,1.0,0.4384678825190158,3.269402013601259e-30,0.04199310902405833,1.0422731288006314e-17,1.5327329803623934e-22,0.09166991196782678,0.03889519500736006,8.02894180445875e-10,0.07069557849633697,2.602379194506713e-09,1.0,0.001089158721714247,0.0011594898166771136,9.48938971966655e-10,1.0,1.0,1.5853453471486491e-15,4.225781453054939e-05,1.2043668832928102e-27,1.0,0.07288939485709088,2.645712673256262e-25,1.0,1.0,2.936853340622549e-22,0.01698931172029244,5.160748846795808e-13,1.0,1.0,1.0,1.0,1.0,1.0,1.0,1.0,0.0004726248122496407,1.0,1.0,1.0,1.0,2.367479741368621e-31,1.0,1.0,0.013398250467171089,1.0,1.0,4.380710770809621e-09,0.00023906754310852138,3.491659215279456e-09,1.0,1.4846598274687144e-06,0.013142520210198006,0.010500307959474627,1.0,1.0,1.589681866686385e-05
236,0.005296874455324018,1.0,1.0,9.949369587069493e-12,1.1712227682681044e-11,0.4676665122879704,1.0,6.233871800627598e-08,1.0,2.0797871352782037e-10,1.0,1.9140232302767313e-44,7.131487653520691e-18,1.0,1.0,0.0007944283793370458,1.0,4.8548814162581637e-14,1.0,1.0,1.0,1.0,0.00017634670871566167,1.0,1.2135350824683408e-28,1.0,2.20094599905818e-15,2.2923956892295863e-05,0.09805109905625424,1.0,1.0,0.00011353458504287824,1.0,1.0,2.8578075271145975e-22,0.014628388781268655,1.0,3.8652159717329155e-22,2.0073418718592895e-09,0.010352815471363712,1.0,1.0,2.4018738853641108e-15,1.0,8.950015545116169e-07,1.924942991891648e-63,0.001782036086527249,4.199669312782204e-05,1.0,1.0,1.0,1.0,8.865625840525138e-21,1.0,0.008363223106544457,1.0,0.01986619770667008,0.22748663428603688,0.005530025089216616,0.0023822346086074947,1.0,1.0,1.0,1.0,1.0,0.0001787912794496669,1.0,0.012468921615386881,2.715967934918074e-27,2.517245964554358e-11,1.0,0.23334328664146287,1.0,1.0,8.407775373595262e-10,5.728004450335657e-06,1.0,1.0,0.0004433201086657955,3.8525762539111926e-05,0.013946201260461305,1.0,1.5178461689999695e-05,1.1927287616577493e-51,1.0,1.1438608511001402e-05,1.0,0.9585394337045917,1.2799065231119666e-09,1.0,1.0,1.0,3.704927953575508e-23,1.0,1.0182325340810606e-12,6.418241883003046e-07,1.0,2.2828249483471823e-17,0.46088687503578335,1.0,1.0,1.812564999678888e-36,0.3016826269852878,1.0,1.0,0.006144826479567121,0.00871435252765689,0.0310159303806367,1.0,0.05179262399137744,4.6142420463341e-17,0.013338004092680706,4.506784574349265e-19,1.0,0.061944890097336516,2.255651098847639e-13,0.46722144366122587,1.0,1.2771297200692624e-31,1.388006062020967e-31,1.0,0.4218321306226161,1.0,0.004178599512679904,1.0,1.0,7.890381742626053e-46,1.0,1.7898539472214468e-08,1.0,1.0,1.0,1.0,1.0,1.0,1.0,8.6578643269203e-39,1.0,0.002473904265040845,1.0,1.0,1.35535288225964e-06,1.0,1.0,1.0,1.0,1.0,7.247501527315568e-05,4.160895055422858e-06,4.565012528784699e-17,1.0,6.35284336371876e-38,3.359913626540375e-24,1.0,1.4654952406306983e-07,1.0,0.08057212527282484,1.0,1.0,1.0,0.17624889816681988,0.733902779243085,1.0,0.0004688430060576954,1.0,0.037522035063375904,1.0,1.0,1.0,1.0,2.7609797221971578e-06,1.0,1.0,1.0,1.0,1.0,1.0,3.700068634852531e-16,1.0,1.0,1.0,1.0,1.0,1.0,1.963590690950886e-18,1.0,1.0,1.0,1.0,0.09800634453863248,0.04283702683429991,0.004166868416201441,1.0,1.0,0.04348458532916911,1.5696699276987796e-32,0.0033867521344039747,1.234542343539289e-19,7.983966340962503e-20,0.007934312523321786,0.0031406600801752284,5.5612720498934844e-08,0.9033999846717793,7.293881701719702e-11,1.0,6.721814710495878e-05,7.219855777748645e-05,2.546480900017869e-11,1.0,1.0,2.769869840334942e-13,0.0011297292376692362,7.12565932445438e-30,1.0,0.9070985230298585,1.8316135233697053e-22,1.0,1.0,2.5832233347962583e-24,0.0013385562716059182,1.0245517000833684e-14,1.0,0.8456108104922339,1.0,1.0,1.0,1.0,1.0,1.0,2.972833328209267e-05,1.0,1.0,1.0,1.0,1.3081226043860241e-33,1.0,1.0,0.17679719816952985,1.0,1.0,2.0140464581633002e-07,0.004478146453640543,1.231846931137917e-10,1.0,4.203249927585768e-05,0.1652629110870607,0.0009180813566172806,1.0,1.0,9.098299485871661e-07
237,3.5858113488530204e-26,2.740133751575014e-10,7.134199176846097e-20,2.7145692469764803e-42,1.0,2.0063923480861692e-21,4.847971252790231e-05,1.0,6.829637633801092e-14,1.0,1.0,1.731829061869142e-91,4.247791229940656e-52,2.2626152750175554e-15,2.7461958778041108e-05,5.197517471694342e-27,3.958265629299443e-15,1.9085091084757594e-45,1.4592279668836367e-11,5.037864492480572e-18,3.896922221326217e-07,5.194149545989186e-16,1.0,0.005348006045063303,1.2911877300100089e-67,1.0,5.144499722303225e-47,1.8630607088277453e-29,1.0,3.71720272990196e-18,2.0321495132322004e-08,9.144576711408727e-28,2.4365907245464382e-09,9.80726947281512e-06,2.5647740997902816e-57,1.8400935076411844e-23,0.3872201738326425,0.09652176894307783,2.7736260523958778e-36,1.3477341824298252e-23,8.276172217097937e-09,4.0786815097048596e-12,4.181403215688822e-46,3.2719554413467393e-13,2.152513416933574e-31,2.0021255866774564e-114,1.0,3.9297922383834934e-28,1.0,0.9112671997765438,2.566665028367684e-14,3.1594619768913606e-15,0.27275792947486055,3.268558941766898e-12,1.88959124813713e-23,1.0,1.2551820937408605e-22,3.208059102812035e-20,1.0,1.0,4.243903764230879e-11,4.994509253561629e-07,1.7898884962610424e-13,1.0,1.4994454456915542e-07,2.3952487937646245e-26,1.2837341731086747e-17,1.0,2.574567477023928e-63,1.7792097880559922e-38,8.136625690844102e-07,6.990047102527069e-20,1.0,2.1953973758678835e-05,8.266823900189218e-36,1.0,1.0,3.953514170122656e-05,3.4503052268270014e-25,3.282381439194472e-27,1.0,2.3271856098651753e-06,7.443327426153691e-28,1.6293241503040842e-96,0.0001552033640766546,5.692139995613531e-28,7.702506632269228e-12,4.803419540479796e-18,6.867171609968988e-35,6.812966417469641e-11,4.509148350626025e-06,6.77538712749964e-13,5.922110351086314e-56,2.3319094177919806e-17,1.046282135419057e-39,7.999580824748633e-30,3.316930535502996e-07,5.411938683019357e-47,2.2280010074692285e-18,1.0,0.0005000710423273909,1.9665866664312095e-10,1.2212991102646376e-18,7.421016890922956e-14,0.04452160225579122,4.774416367707783e-22,1.0047535534714268e-21,1.3998786424418937e-20,0.006041244760820816,4.467746972809661e-20,5.846709007561733e-46,3.2635291670881226e-21,5.407632829537296e-49,1.373990646918475e-11,1.0,1.0,7.076419917085756e-18,6.134865982779918e-05,6.338219054449548e-67,8.254195643445434e-67,4.661790028150692e-05,1.0,0.00791880302442629,9.583819691271128e-22,1.1589743927816703e-15,4.232504073588872e-07,6.88325921307676e-86,3.6138730846188434e-13,2.676885673733947e-31,0.004007014311159032,1.0,1.0,8.288421447238202e-13,1.7022150976462778e-08,1.604607610524732e-10,8.034264024267441e-11,7.660221500307878e-76,0.027445293919192933,1.0672238324823813e-21,2.5336628218997234e-12,4.3222344842169817e-13,1.0,1.0,5.983691529021921e-14,1.0,4.8365818071408735e-08,1.0,3.056193890284771e-24,1.8845135312032985e-26,0.4549638049488245,0.3211345055047199,1.019483038522396e-12,2.3006816148183743e-54,4.393807739638364e-05,1.7042237454034145e-28,1.917179319237533e-06,5.523189946251427e-18,1.0,9.980296024906327e-08,0.012763626678831784,4.162270645392745e-17,8.217100865898302e-16,5.33312659168616e-07,5.450534830053863e-22,6.027116790780132e-10,2.3597144275410313e-18,0.02581909112263856,1.4170411002540758e-13,1.0,5.411316507696592e-06,1.0,6.100629228957432e-06,5.700122766553901e-05,3.171819727094449e-08,0.5256030558938602,8.708878292969711e-05,4.2608267285743394e-11,0.41742627919290887,5.725576805239508e-10,0.5751123462442476,1.9188120467075273e-08,0.004340434617757208,3.842683797505902e-13,3.7978079187617634e-13,2.9690352443936637e-44,1.0,9.99367901618902e-05,0.2780428815622689,3.330832283209639e-12,8.800344767932993e-17,1.8843644144477888e-17,1.0,0.0008658290674150839,0.0003037212565034308,2.4729774950586354e-17,1.1850193759562945e-63,2.0976113570932558e-19,1.52166419813119e-45,0.0029691627179452085,1.09684981700785e-18,2.1203004940124792e-19,1.0,1.0,3.5684441586272984e-32,1.6845283531048958e-08,2.619966548203405e-22,3.224469243719605e-22,7.918148933617966e-33,8.351035149235545e-05,1.0,1.0,1.0,1.2408874855943814e-59,0.0014682141642003304,1.0,7.322967509488586e-05,5.347106959051571e-07,1.0,1.0148549720686334e-51,1.0367041494981868e-19,1.2338808028021912e-37,7.862386566438838e-05,2.658040083202814e-14,1.5697969992734055e-06,1.0,0.0010658199812624539,2.131399900232813e-12,1.0,1.0,2.782173881271039e-22,0.06324623940956957,0.02693918590309353,1.0,4.628957870736252e-11,2.0171097527681387e-63,0.013398250467171089,0.17679719816952985,1.0,1.0,0.034031040340899744,1.0,1.0,3.795028499085164e-30,0.5265032131299324,1.0,1.0,7.683560153797592e-19,1.0,2.473143503438903e-06,7.928379548165842e-24
238,3.280506967227012e-14,0.010321189662907909,1.6375449988952484e-09,4.233529124081368e-27,0.3173169024071651,9.490688286327372e-11,1.0,1.0,2.9403716844515784e-05,1.0,1.0,7.3407383635947e-69,2.6215719441561197e-35,2.275274522383451e-06,1.0,3.749043196763174e-15,3.132605707920088e-06,5.91783009651866e-30,0.0009696856873001172,2.244779310466951e-08,0.8205051457599871,5.938946329070038e-07,1.0,1.0,9.024883023658591e-49,1.0,1.745146097370481e-31,2.852725803975509e-17,1.0,1.2066894505175018e-08,0.09502626021084729,4.654107770379395e-16,0.021658314831933305,1.0,2.6363836315671625e-40,1.0109697445303398e-12,1.0,3.4991014859415785e-08,6.088715363243952e-23,6.926159460150241e-13,0.044305670686142516,0.00023166519521448535,4.820750481218144e-31,3.845426601291947e-05,4.67995028141628e-19,3.749446753254469e-90,1.0,1.651365511661003e-16,1.0,1.0,5.520969091199826e-06,1.1854593465236826e-06,2.0337435298420537e-07,0.00017266509746971133,6.921874012338152e-13,1.0,2.896873471895344e-12,1.8289382544870752e-10,1.0,1.0,0.0009147551257683173,0.5271833992743121,1.785761517106727e-05,1.0,0.23276837279846813,2.6845645270287238e-15,1.4619744778667379e-08,1.0,5.475993351809952e-46,4.0975765552798724e-25,0.6579975369180957,2.61015917780898e-10,1.0,1.0,5.83499565346214e-23,1.0,1.0,1.0,1.608902357535593e-14,4.027978903977344e-16,1.0,1.0,1.1304298406339722e-16,3.262653165149386e-75,1.0,8.347437076701194e-17,0.0001820229780813966,4.540787425466302e-09,1.9903780819501904e-22,0.0008087695677515861,1.0,2.69308369192015e-05,3.554192161716868e-40,1.2772181365950042e-08,1.6099490377767245e-26,1.9381661020555942e-18,0.25432573941402475,1.2071449770050754e-32,1.9144423097183996e-09,1.0,1.0,2.417323332560619e-19,1.0885410958714154e-09,4.264912037529227e-06,1.0,2.330597162045816e-12,4.1051423150934295e-12,3.127745810231905e-11,1.0,7.427228075074805e-11,5.536282189355807e-32,9.234383407446322e-12,1.4466085616209324e-34,0.00017188932411250075,1.0,0.0024111492785377623,3.1985494350193336e-09,1.0,4.0744222579567443e-50,4.839912376319006e-50,1.0,1.0,1.0,2.45551610926416e-12,1.2192336433999105e-07,0.19590389044344492,5.7965757549692475e-67,8.655541202077624e-06,4.463569008809668e-20,1.0,1.0,1.0,1.410780491532233e-05,0.018622933973757996,0.000667906837069099,0.00039921803069972576,2.579904515926809e-58,1.0,1.8225905231263884e-12,2.8735030354351918e-05,7.670049679350341e-06,1.0,1.0,1.602093435431561e-06,1.0,0.03280440440983029,1.0,1.3253976994758222e-14,2.1581104291500073e-16,3.1577259708532047e-06,1.0,1.596436876261844e-21,5.27506696821529e-40,1.0,3.1647235886415723e-18,0.3327684839776495,8.488553558475031e-10,1.0,0.03922467460227559,1.0,3.544532968297208e-09,3.542046252428824e-08,0.12062591829193664,4.592090715629449e-13,0.0009089806044527895,3.479202613226834e-10,1.0,1.678968262623117e-06,1.0,0.5633409937858231,1.0,0.5986328818111281,1.0,0.013666625862309724,1.0,1.0,0.00010044371655498438,5.212932896736462e-06,0.000692092278310063,1.0,0.008688066161477964,1.0,2.568537415543304e-06,2.521867172556132e-06,5.958948093412627e-32,1.0,1.0,1.0,1.202034971731834e-05,3.339471075230026e-09,9.66386456475731e-10,1.0,1.0,1.0,1.1032782052563572e-09,4.9644250749955e-49,2.436231685393304e-11,3.0754169191982592e-33,7.941006039557742e-09,8.920791139289518e-11,2.3333709195247118e-11,0.7541730784698554,1.0,6.675408998764705e-22,0.005795844708782754,9.732252255502574e-14,1.119397263360926e-13,1.7830274380376537e-22,1.0,1.0,0.0002525892417758481,1.0,1.2090819492458502e-45,1.0,1.0,7.08009512302667e-11,0.0657309699311514,1.0,8.640531061192485e-39,9.811444908000476e-12,1.0704467423869965e-26,1.0,1.8274348114215646e-07,0.12602078373479156,1.0,1.0,4.976373932243473e-06,1.0,1.0,6.077522825332147e-14,1.0,1.0,1.0,4.33366220425438e-05,1.7176987896303277e-49,1.0,1.0,1.0,1.0,1.0,0.751487366128458,1.0,8.318085407337909e-21,1.0,1.0,1.0,1.9567196063428895e-11,1.0,0.10436765744785828,1.433184806931982e-15
239,0.10457307098105204,1.0,1.0,1.3353943417550568e-09,3.9181395706626327e-13,1.0,1.0,2.9310673207710758e-09,1.0,7.791677528062198e-12,0.13936880461330783,4.0466815359860385e-40,2.7753465319614173e-15,1.0,1.0,0.017712938419101536,1.0,9.005328941299858e-12,1.0,1.0,1.0,1.0,1.2967463657184354e-05,1.0,2.1690939095219266e-25,1.0,4.694841980884199e-13,0.0006881702298815867,0.010937241141038124,1.0,1.0,0.0027972968838061896,1.0,1.0,1.7132228712686433e-19,0.2156406886903731,1.0,7.781673815145065e-24,1.3019127377370005e-07,0.1557122310548323,1.0,1.0,4.4546576672429027e-13,1.0,3.349720328270961e-05,2.1661471735586374e-58,0.0001600124234342776,0.0010813022817216433,0.2944816060558524,1.0,1.0,1.0,1.9693782782205212e-22,1.0,0.12437583737643085,1.0,0.26794795131724064,1.0,0.0005483486018242666,0.00022436409431402218,1.0,1.0,1.0,1.0,1.0,0.003749689455551298,1.0,0.001325252934319672,2.5662644128376793e-24,2.0000414903266626e-09,1.0,1.0,1.0,1.0,5.017102928180568e-08,4.0208823115503785e-07,1.0,1.0,0.008148875588056161,0.0008910229604759246,0.0015334789446127643,1.0,0.00037711296469738337,2.0007853080936274e-47,1.0,0.00028764316381322207,1.0,1.0,6.793768197876746e-08,1.0,1.0,1.0,1.558750556621567e-20,1.0,8.768459230623781e-11,1.965697284735172e-05,1.0,4.027320918750815e-15,1.0,1.0,1.0,2.5610023889723026e-38,1.0,1.0,1.0,0.07928784120929676,0.10838556044648193,0.33831828470886904,1.0,0.5333031228381283,7.091131659982449e-15,0.1566845616601294,9.212483779963657e-17,1.0,0.008145497070040274,9.440017470773142e-15,1.0,1.0,1.2733214890068951e-28,1.3602894811351727e-28,1.0,0.064726257976383,1.0,0.052312147091759825,1.0,1.0,3.592564926587004e-42,1.0,6.200386229027973e-07,1.0,1.0,1.0,1.0,1.0,1.0,1.0,1.6160201846014558e-35,1.0,0.030839129052438987,1.0,1.0,1.0862126894220878e-07,1.0,1.0,1.0,1.0,1.0,0.0011856007269134934,8.575192641784851e-05,1.7262135382546364e-18,1.0,1.0251276236299123e-39,9.184840790795841e-22,1.0,3.6694394572186593e-06,1.0,0.6688245239954048,1.0,1.0,1.0,1.0,1.0,1.0,0.005993051560650315,1.0,0.325049976989297,1.0,1.0,1.0,1.0,2.534984257773162e-07,1.0,1.0,1.0,1.0,1.0,1.0,1.6525492141894628e-17,1.0,1.0,1.0,1.0,1.0,1.0,1.9349155359071407e-16,1.0,1.0,1.0,1.0,0.7184169254831073,0.3373814598233276,0.0005801779276926206,1.0,1.0,0.338221287313851,6.978874789277188e-30,0.032724654697638994,1.3012074513788567e-17,3.1048244906209047e-21,0.07114007005431139,0.030312072224688926,4.756868544733176e-09,0.17749822526175374,2.395600524927729e-09,1.0,0.0008691166774655422,0.000924418745627389,8.83732911573757e-10,1.0,1.0,1.6087844064230305e-14,0.0001510341657768556,2.222475880093413e-27,1.0,0.18072770738283894,6.4661489763753764e-24,1.0,1.0,4.265984784434358e-22,0.013271904758729235,5.267165933008158e-13,1.0,1.0,1.0,1.0,1.0,1.0,1.0,1.0,0.00037691216018748093,1.0,1.0,1.0,1.0,4.605832878904034e-31,1.0,1.0,0.034031040340899744,1.0,1.0,2.0660138007841535e-08,0.0007149520823465598,3.0599229912041762e-09,1.0,5.439404054767118e-06,0.03262607837642997,0.008167431211592139,1.0,1.0,1.2845793305408926e-05
240,1.0814985305751495e-43,4.4221965826678115e-23,1.1188740567553981e-35,5.056265635708136e-63,1.0,1.6755959159288706e-37,1.5158343963967832e-15,1.0,8.923029141805879e-28,1.0,0.003497512638679699,3.795537703459399e-119,2.489713130496219e-74,1.3271485081177514e-29,8.970244175919032e-16,3.052484610106466e-44,3.2341224703336514e-29,2.38451643571035e-66,1.883435242028253e-24,6.82612026151882e-33,2.4971509289818465e-18,3.365587552946286e-30,1.0,3.4184293694567085e-12,1.1281646633778394e-91,0.0002689780167766779,7.373084770307987e-68,6.583633066295941e-47,0.19325199960752293,9.60712367327295e-33,7.148376674522579e-20,1.187438867910605e-44,4.469073127097352e-21,4.86378403579952e-16,1.5606919434934195e-79,2.5315615886638855e-39,4.7542364571223394e-09,1.0,8.116272444854892e-55,2.1735065428321973e-39,3.032218577065066e-20,1.0730017945505215e-24,2.3450766653155647e-66,3.867243447308857e-26,7.199728169552799e-49,2.8487288755402894e-143,1.0,7.699599884050249e-45,0.024824244943187794,2.3516553313879657e-08,1.7162063569340896e-27,1.159856162900094e-28,1.0,1.0617883871324122e-24,5.153325213613778e-39,2.9747665244063937e-06,5.716602544277267e-38,7.021498618623867e-35,1.0,1.0,4.2850307788481427e-23,1.5422322188122757e-17,3.4143245411639704e-26,5.824371462759858e-07,3.0797241775490515e-18,2.444512781587921e-42,1.7918444788391331e-31,1.0,1.2117731256474479e-85,7.460912347237534e-57,3.854428986270642e-17,2.8444021587452563e-34,1.9208206274548088e-05,4.220671691065298e-15,1.2045995843747118e-53,1.0,0.0001691889193073698,1.1514683350016612e-14,1.069708847088165e-40,3.655624680894953e-43,1.0,2.313674068716241e-16,6.952618000255475e-44,1.6787823481211495e-122,9.606286935312721e-14,5.791808256783383e-44,1.0303704236761034e-23,1.120711944160799e-31,3.1789351784376442e-52,2.0920862706749502e-22,8.417686212131971e-16,5.818438419301983e-25,1.3193942195898846e-76,1.1116329564732233e-30,9.828990469937124e-58,5.730929455139522e-46,2.5857034257571423e-17,3.4377139099351856e-66,7.017773044476971e-32,0.00011958880759231714,9.080135320509275e-13,0.045175625492961745,3.970932892061196e-32,5.081323092255888e-26,8.091570494326643e-10,2.5430740503213017e-36,6.553335984328092e-36,1.7835109798649806e-34,4.3107279299550715e-11,8.03806750900305e-34,1.064218292496066e-64,3.39496090612224e-35,3.4858812940752455e-68,5.762115548731183e-23,1.0,1.0,5.827302654832589e-31,6.959993195290316e-14,1.950042837012653e-88,2.8257651053004965e-88,5.4666553003076076e-14,1.0,9.516944514313503e-11,1.388597315964558e-35,5.693131925429723e-28,9.649223989287371e-17,2.1846828109230367e-109,9.59419838327734e-25,4.696099446716743e-47,4.361061166282646e-11,0.39186758958389956,0.004754408746719238,3.581030231042731e-24,1.6578689219970685e-18,3.409404588083736e-21,1.4131933767259326e-21,6.06190415840639e-98,9.486762279663597e-10,3.025204471413849e-35,1.9028501250878737e-23,1.970287749106799e-24,1.0,0.0881493342849115,1.8333055927674198e-25,1.92742015608492e-05,9.674910237622579e-18,0.0034689989218136693,3.627576577042268e-38,7.862187602005991e-41,1.0,6.017656589244784e-08,0.0004791914588215115,3.372008355066716e-73,1.755370162710033e-13,5.122938342693331e-43,2.3985466330332815e-15,3.1840369392788674e-30,0.00014428439996972743,5.251449730593725e-17,7.069810167590935e-10,5.094758016815528e-29,2.1741059950290682e-27,5.632151450300946e-16,5.448419668718062e-35,7.316800384767181e-20,1.6417754937384606e-30,2.243242672457343e-09,1.7135957380789173e-24,8.120966082531354e-06,1.5145102555865986e-14,1.0,1.8746767337626447e-14,4.111569389059488e-13,1.8941980920301575e-17,2.7086706391292277e-07,9.392296471100067e-13,3.807809833972579e-21,1.0,1.0986242648060234e-19,3.2790015235880997e-07,1.1784999500846242e-17,2.731651763092015e-10,1.1376358331583957e-23,1.1405812399252283e-23,9.635028998065309e-61,0.05188132335232748,1.4694394047252078e-12,1.3703783114941778e-07,2.1452222019243577e-22,4.031047769764421e-28,6.249267920131823e-29,1.0,3.538657262602647e-11,8.663668452161716e-12,1.0089067041535661e-28,1.7693875228489867e-82,2.961816174392403e-31,5.6504432994826425e-62,1.0,2.3384182147646325e-30,3.275497059143222e-31,1.0,1.0,2.0360480776311838e-46,1.8876989555157244e-17,1.0898189720553716e-34,1.4678786814656006e-34,3.7827454194675445e-47,1.775256043124392e-12,0.12370981000337566,1.0,1.0,9.066521046699353e-78,1.0168781126269739e-10,1.0,1.0,2.1321941302780448e-15,0.0002612025321173438,9.702555570262175e-69,2.2355661097735423e-31,1.5797201087738847e-52,2.1373476515060057e-12,1.142335813729741e-24,1.1597968882460948e-14,2.7903906922710837e-06,9.015950238125827e-11,3.3597010395321457e-22,0.0023859585947108995,5.481316269045308e-06,2.733332507345845e-34,3.488260771929978e-08,1.0699393374656824e-08,0.0007463975961231992,2.4113130181647083e-20,2.324729537284985e-81,4.380710770809621e-09,2.0140464581633002e-07,1.0,0.751487366128458,2.0660138007841535e-08,1.0,1.0,4.040387485715414e-43,1.3869756493011336e-06,1.0,1.0,1.2084370463520362e-29,0.09337117815886317,6.412099881435334e-14,1.4320671145386162e-35
241,2.1474518748904438e-30,1.6494792988084043e-13,9.244534635399623e-24,4.60142345914296e-47,1.0,2.260576256799206e-25,1.0529073861524541e-07,1.0,2.2690054100001734e-17,1.0,1.0,5.554709114395949e-97,4.388757253940985e-57,6.219371971274249e-19,5.924331113952031e-08,3.4206607401401994e-31,1.1638796410778715e-18,2.9973810213673352e-50,8.03031485985555e-15,9.93680806808738e-22,5.499217278581985e-10,1.429539242037108e-19,1.0,2.453707567417394e-05,7.979632856473537e-73,1.0,8.134533804461908e-52,1.0913899203516863e-33,1.0,8.213304911348795e-22,2.3995360292108576e-11,6.780206366762049e-32,2.4350124486070524e-12,2.240663233167767e-08,2.5890372524243684e-62,2.176289024611275e-27,0.003825729644553349,1.0,1.017008091152095e-40,1.634826657692117e-27,9.689612077432699e-12,2.525773307392028e-15,7.97974575474156e-51,1.6787964185707592e-16,1.2197192994143486e-35,5.653714244587436e-120,1.0,3.104489242497076e-32,1.0,0.010895512895793762,1.1441001396643786e-17,1.2263540689232626e-18,1.0,2.1021551301828326e-15,2.5190804718309642e-27,0.3166393629370343,1.8580928863444233e-26,6.585913202612464e-24,1.0,1.0,3.534374860574399e-14,9.702791085391896e-10,9.994841402659305e-17,0.09144990708113086,2.6181969914998133e-10,2.5704936377345335e-30,3.9201797104861e-21,1.0,2.4564850501984874e-68,6.751095818437754e-43,1.7418510499126483e-09,1.6186000445432214e-23,0.9703770605436498,6.736946356476823e-08,3.908435705293782e-40,1.0,1.0,1.340439383246017e-07,4.5767494457006646e-29,3.53291430642749e-31,1.0,5.928014293317128e-09,7.70251703376353e-32,6.522842597139481e-102,6.364941199962352e-07,5.969251473057196e-32,6.621840079879638e-15,1.6014004151046224e-21,3.94676432144524e-39,7.129399919574984e-14,1.3268263911494399e-08,5.168389291397423e-16,9.411532739192418e-61,9.043688197336898e-21,4.452910025922333e-44,7.710003597403045e-34,7.725916366101229e-10,1.4470547496706907e-51,7.8110446430371955e-22,1.0,2.646992540129673e-06,5.470858097823004e-07,4.285148145146892e-22,5.271208277408193e-17,0.00043816845472223595,1.1174183899546842e-25,2.4557991280371796e-25,3.960187918338454e-24,4.577177126460968e-05,1.3619406165519282e-23,1.8415799359474123e-50,8.786216831767714e-25,1.4304276577830647e-53,1.4980715539194318e-14,1.0,1.0,3.017377899080789e-21,2.791604842340369e-07,7.453438047953379e-72,9.839652949545472e-72,2.1227000027829573e-07,1.0,6.7548005837913e-05,2.722906625585757e-25,7.372044652636461e-19,1.2388993914135471e-09,4.5843712294257695e-91,3.433663363056675e-16,2.966731854372348e-35,3.280762857630481e-05,1.0,1.0,8.782320116092774e-16,3.9431175265525254e-11,2.523852205949237e-13,1.2037897994995595e-13,7.4286525290040625e-81,0.0003047369975581143,3.4513991331247313e-25,3.047709747017364e-15,4.596107961691375e-16,1.0,1.0,5.739245000366643e-17,0.43010256878524405,1.3264749671212168e-10,1.0,8.043949079800903e-28,3.947750094220908e-30,1.0,0.005571291194345425,3.2630511799127276e-09,6.670469361101137e-59,2.5976047263003153e-07,3.273352010106925e-32,8.293498743385767e-09,3.458070259544231e-21,1.0,3.405435833443374e-10,0.00015339252058980485,3.0886278913847196e-20,7.332534797222711e-19,2.1745040320150966e-09,2.245336338918455e-25,1.3935347784521385e-12,1.5244292938047528e-21,0.00034930770173778613,1.823233304382209e-16,0.16245434105768433,2.8410991484387728e-08,1.0,3.276205498498119e-08,3.853119540128879e-07,1.0927484313334574e-10,0.01155962821084257,6.486118208922324e-07,8.924811833335276e-14,1.0,1.4595720189433017e-12,0.012972488038047562,6.602115170796218e-11,5.2125623951461475e-05,6.035569136529326e-16,5.982593959790107e-16,2.191893674178433e-48,1.0,7.99159369405134e-07,0.0059253243354307605,6.318784582343241e-15,8.634336868993604e-20,1.7069457852565096e-20,1.0,9.094209437837375e-06,2.878589624647814e-06,2.3442751844643988e-20,3.3033191274312683e-68,1.5388009968733595e-22,1.1403541014651385e-49,0.2700770646509087,8.869032618557327e-22,1.5847935691893206e-22,1.0,1.0,7.443093219626093e-36,6.598628015113981e-11,1.4310333131676356e-25,1.7962245364082187e-25,1.5866754087871548e-36,7.220823909613207e-07,1.0,1.0,1.0,4.497985442234458e-64,1.7550204316840217e-05,1.0,0.011276734187996417,2.9172760049213434e-09,1.0,5.817957716181876e-56,8.264500744612311e-23,1.8508175110796523e-41,7.17355584293451e-07,4.407585682951923e-17,9.993521152909166e-09,0.04212480726890098,1.32291954908726e-05,4.885740635208331e-15,1.0,0.06696740190419327,1.8141427449601717e-25,0.0013217859199600383,0.0005111481476163015,1.0,1.425010266910036e-13,7.741585105648263e-68,0.00023906754310852138,0.004478146453640543,1.0,1.0,0.0007149520823465598,1.0,1.0,1.4356608824000275e-33,0.01664742321641965,1.0,1.0,9.466318190202172e-22,1.0,2.1049186948276193e-08,5.757337231690231e-27
242,0.00024678015480540335,3.191127559725776e-16,1.0441180712345215e-07,1.0,2.230625870734842e-72,2.75783664405942e-06,6.090049136890946e-23,1.1572972874594022e-63,7.314989345320387e-12,2.631942924348155e-69,5.783073821300117e-44,1.0,1.0,3.9448473128364937e-10,1.1545422515631912e-21,0.008188138637228446,4.5072118297555106e-10,1.0,3.5170442809167775e-13,1.251663168747327e-07,2.765618358474702e-18,8.965508681186485e-09,2.1060908204401995e-53,9.931064857621537e-25,1.0,3.0771719387710807e-38,1.0,0.3633414861080624,2.451752523853399e-45,1.5269533143907145e-06,2.7507120555190875e-15,0.19229936422067065,6.677505032466274e-14,1.277640752698271e-18,1.0,0.002909706903795529,3.762910457002361e-27,4.6669147359461715e-89,1.0,0.005819117741944928,5.211860230043602e-14,1.47082709438977e-10,1.0,1.4396280990781868e-09,1.0,4.47778569504543e-07,8.841080352410142e-49,0.8007592840387379,9.091397174130855e-40,2.497982216950262e-27,2.587488928771304e-08,1.4107627137816735e-07,1.4787168206492454e-85,5.544415018567613e-10,0.013577703299284045,2.0660311131158192e-30,0.006310436566833166,0.0005821025111638556,1.4525438510116367e-46,1.511700404562667e-47,1.672826014171728e-10,5.709398921568939e-15,2.7917774103610585e-08,3.684879936404182e-28,3.599161033511756e-14,0.6819792533559501,3.768224334942624e-05,4.5704102851408154e-45,1.0,1.0,1.0330033758289015e-14,0.0011200619182290838,4.0570869713761726e-30,1.3656844475477238e-16,1.0,2.566858894637645e-53,1.2022954703992134e-31,1.4567673901568486e-16,0.644324472897453,1.0,3.840778209456277e-44,1.4130839728908082e-14,1.0,0.0006328405449542347,4.435685618199191e-17,1.0,2.091001033738394e-08,0.0005811772309616531,1.0,5.0192605741131425e-09,4.035703624495906e-14,4.6732231192089607e-07,1.0,0.0005172730767074313,1.0,1.0,2.259363311912324e-12,1.0,0.003250210350599478,2.0499656135509643e-28,1.9505789466884385e-16,7.976216088488038e-108,0.007087158593586134,1.0090725324637847e-05,1.499552868408852e-19,0.35283172332783735,0.27268749373278933,0.09314644717748649,1.053612708048235e-17,0.0625979576349525,1.0,0.24201286108972309,1.0,4.342158150777987e-07,5.583684438454012e-40,7.454441385607359e-66,0.00915873707580934,5.92666195230367e-14,1.0,1.0,1.9482689984646532e-13,5.167096624369583e-37,8.431975215166067e-17,1.0,0.0016984104511751426,1.7906631229478354e-10,0.0027740734742286864,5.5639132433748017e-05,1.0,1.1320885231934966e-15,1.7648902328618528e-32,1.0689832883435534e-27,6.71928083808315e-05,1.81741299583635e-08,1.22966868277966e-06,2.387897208044875e-06,0.3916211261123471,1.774608215955987e-16,1.0,6.23065003335157e-05,0.0002195828513393726,2.312926787613589e-49,9.427167015226282e-30,0.0012502416337142842,6.797022604557433e-22,2.903695661050142e-08,6.725881843641025e-26,1.0,1.0,2.126772875185252e-69,2.978311707189519e-17,1.7631710829410766e-104,1.0,1.4281004486353783e-10,1.0,6.272817271389234e-09,0.9434450114400792,3.487119385656356e-21,2.7086074756022837e-07,1.4354245448404264e-13,0.66200137503153,0.17052069364817,8.446058812307424e-08,1.0,4.433283116579323e-05,1.0,9.445192081798138e-14,0.01638631819674047,2.7882934232528027e-18,1.3613071352912828e-08,5.796416107721466e-46,1.490301333823861e-08,1.163016067761151e-09,5.573418775407746e-06,2.4366820528946044e-15,2.2125892010238125e-09,0.001429874020573344,7.347384876993403e-65,0.0002220172149585624,2.98171136783632e-15,1.7330707972847578e-05,2.78800263207639e-11,0.0468587909824919,0.04931859654769971,1.0,2.3931508610684443e-23,6.5036391126919175e-09,6.005241000556853e-14,0.02203797009612935,1.0,1.0,5.27374461586623e-37,9.883481994124197e-10,5.119559921675565e-09,1.0,0.9972533309900943,1.0,1.0,7.679109197266814e-70,1.0,1.0,1.9536942122954994e-47,1.4701420354055002e-30,1.0,0.00018506045417311315,1.0,1.0,1.0,6.332516345710483e-08,1.477595239660366e-22,1.595788057749795e-57,1.2143183942767017e-37,1.0,2.4827496550116543e-09,3.538492941369445e-30,1.3755512474101784e-73,1.731061215063063e-05,4.959450333248498e-17,1.0,1.0,1.0,2.317201772755444e-07,1.0,1.7298118156855996e-05,1.7891630680406995e-13,1.994439969742312e-08,0.3717489987716245,1.2454789498251421e-17,1.519191880073176e-13,1.0,1.4049044190027485e-10,7.017726900551895e-10,4.0795304757486714e-16,0.17112022298160856,0.06180530863104605,3.491659215279456e-09,1.231846931137917e-10,3.795028499085164e-30,8.318085407337909e-21,3.0599229912041762e-09,4.040387485715414e-43,1.4356608824000275e-33,1.0,1.4619027015434702e-10,7.258821102378296e-38,1.8276140445694222e-29,1.0,8.713622231497213e-18,0.0007089401586914695,1.0
243,0.005794904716149611,1.0,1.0,2.9137567681062815e-11,7.135366762406379e-10,0.4234480729651317,1.0,1.5869943498033902e-06,1.0,9.314401629249794e-09,1.0,4.914533889840499e-42,4.404124159141039e-17,1.0,1.0,0.0009097452718767953,1.0,1.7583517713593794e-13,1.0,1.0,1.0,1.0,0.0018302736564665615,1.0,2.663849234544252e-27,1.0,8.76699791502614e-15,2.9680834446931075e-05,0.5220108117397065,1.0,1.0,0.0001351800989625427,1.0,1.0,2.46932356686508e-21,0.014444113989181764,1.0,1.4227968282655494e-19,3.800781514428574e-09,0.010287888496045118,1.0,1.0,8.681499954966918e-15,1.0,1.2798768951933858e-06,3.324129389477782e-60,0.013393125934916138,5.08904778660496e-05,1.0,1.0,1.0,1.0,2.2426373767573386e-18,1.0,0.008279140896519151,1.0,0.019074331063169695,0.20163884258972203,0.035813438106968506,0.016722159635029064,1.0,1.0,1.0,1.0,1.0,0.0001996221510429329,1.0,0.07304206181161482,3.4122727875920436e-26,5.334311436273469e-11,1.0,0.20521012733641114,1.0,1.0,1.519264499510427e-09,6.73026142516544e-05,1.0,1.0,0.0004713561489419256,4.466054127777987e-05,0.07824254991605663,1.0,1.8106283471071604e-05,2.4096455754429767e-49,1.0,1.3710841561471156e-05,1.0,0.8048748629320442,2.1722821211622473e-09,1.0,1.0,1.0,2.418301737258213e-22,1.0,2.257754476701882e-12,8.360370688329992e-07,1.0,7.954058678941522e-17,0.39118886809300996,1.0,1.0,4.045918569186608e-33,0.2579866693524122,1.0,1.0,0.005819206170716147,0.008164906644881459,0.028030675585439375,1.0,0.046119227905250554,1.4656877077336063e-16,0.012297278185120346,1.7350347939449392e-18,1.0,0.27603995954453786,8.519106487937028e-12,0.3928452327059049,1.0,1.6776668924541466e-30,1.796763770570507e-30,1.0,1.0,1.0,0.003921937040392923,1.0,1.0,4.186185830541685e-44,1.0,2.4606467479195598e-08,1.0,1.0,1.0,1.0,1.0,1.0,1.0,1.976397691083766e-37,1.0,0.002318863512429648,1.0,1.0,1.3180262267467818e-05,1.0,1.0,1.0,1.0,1.0,7.390535540501064e-05,4.604898508399008e-06,2.341338710594055e-15,1.0,7.578966084341497e-35,1.5851237641757415e-23,1.0,1.7491656824022762e-07,1.0,0.06831450925321844,1.0,1.0,1.0,0.1466708299503426,0.5957460057423909,1.0,0.00044254360102727476,1.0,0.03210421069753719,1.0,1.0,1.0,1.0,2.1802093295491018e-05,1.0,1.0,1.0,1.0,1.0,1.0,1.2694581494130412e-14,1.0,1.0,1.0,1.0,1.0,1.0,4.69300952804012e-18,1.0,1.0,1.0,1.0,0.08116936287350172,0.03595701337273612,0.018017418387635334,1.0,1.0,0.036414573239037615,1.0646327295131246e-31,0.0029703998546967898,3.07204955826532e-19,3.980596991362676e-18,0.006841579882038812,0.0027538511539879594,5.037616809042607e-07,1.0,9.759863987439811e-11,1.0,6.364199898235688e-05,6.816378324707801e-05,3.493071354368715e-11,1.0,1.0,5.292637231177201e-12,0.005183917376313359,3.6934465008806685e-29,1.0,1.0,1.2048202511317815e-20,1.0,1.0,8.560500408534965e-24,0.0011812752501508621,1.7000274562425278e-14,1.0,0.6734619643792091,1.0,1.0,1.0,1.0,1.0,1.0,2.7984772875890198e-05,1.0,1.0,1.0,1.0,7.414744893890277e-33,1.0,1.0,0.5265032131299324,1.0,1.0,1.3869756493011336e-06,0.01664742321641965,1.4619027015434702e-10,1.0,0.0002059984751166554,0.480890903377795,0.0007906331125422829,1.0,1.0,8.838995623309071e-07
244,5.4558195676717805e-36,1.098225765856796e-17,7.514528516763608e-29,1.3944945895852584e-53,1.0,1.5139840560210727e-30,3.5956743252178984e-11,1.0,6.954827400660809e-22,1.0,0.7875967600131635,2.38332565012146e-105,5.043744500688012e-64,1.4872563278364364e-23,2.0407849053007423e-11,1.035395300111595e-36,3.069639712140829e-23,7.990698596459276e-57,4.9209842410718385e-19,1.516298487018064e-26,1.1316473311102875e-13,3.490760820499098e-24,1.0,2.156825323079159e-08,2.8722523544517403e-80,0.08793648486979928,2.224301475708875e-58,2.808578476945105e-39,1.0,1.5047777489410198e-26,4.055010561870147e-15,2.540357461760208e-37,3.350055674105884e-16,8.683128248514405e-12,2.9092266037510313e-69,1.642975955146606e-32,8.617728003077956e-06,1.0,1.2503600284337715e-46,1.2892555552061677e-32,1.6484812884353657e-15,1.8925108198557087e-19,3.152435737741784e-57,9.822164177893046e-21,3.0425205333390647e-41,1.17687828788057e-128,1.0,1.300747930794274e-37,1.0,3.111999901093363e-05,5.596838839505147e-22,4.9873621475673264e-23,1.0,1.6738978033559384e-19,2.308567306873118e-32,0.001751064174807354,1.9847950598843357e-31,1.12699442547847e-28,1.0,1.0,3.985266424444097e-18,3.199549254407247e-13,6.708729097777484e-21,0.00041945608818508664,7.583400062628656e-14,1.7392218799556437e-35,1.1744194950700221e-25,1.0,2.5012487663222734e-75,9.020435910091051e-49,6.553787657857338e-13,3.3218402255178027e-28,0.0074187805323449475,3.9529357830793604e-11,7.497490079133997e-46,1.0,0.04408883752536363,8.957970948066129e-11,4.286714224904803e-34,2.4336201056154368e-36,1.0,2.8087759330048854e-12,5.022668011554558e-37,6.891788219481928e-110,5.40102814298159e-10,3.984626477186305e-37,8.049333832109235e-19,5.549241306258248e-26,1.0507160940070021e-44,1.1219331375125398e-17,7.643650575665768e-12,5.445818119849389e-20,2.7481076224702733e-67,3.886837583146012e-25,7.37607286373617e-50,4.5965039297312013e-39,3.363457337060414e-13,1.0951542806558888e-57,2.9463015593644167e-26,0.028143102915625422,3.149304619632515e-09,0.00047441592617498225,1.627797178764358e-26,5.143337349541037e-21,1.0962488020559103e-06,2.434216822746066e-30,5.688920132832856e-30,1.1253722240458676e-28,8.44860382511429e-08,4.29857983839254e-28,1.8706610361991036e-56,2.3414789389239786e-29,1.0754898287483639e-59,2.5695724835410263e-18,1.0,1.0,1.5162872102110748e-25,2.8381319817797486e-10,1.2221173221845721e-78,1.6605297940233198e-78,2.17696411374574e-10,1.0,1.469053096955069e-07,7.96253298785098e-30,6.410684840054967e-23,7.493851200300922e-13,2.118578918844785e-98,5.057236936016916e-20,2.2618316442138444e-40,6.88972806046832e-08,1.0,0.4804288335830439,1.5026385823377974e-19,1.8109558754625414e-14,7.142621878213543e-17,3.207659342912928e-17,8.218814096777515e-88,9.295856875092162e-07,1.2297907123968651e-29,6.189235416674525e-19,7.972439507171179e-20,1.0,1.0,8.766517575654254e-21,0.004424397293196117,7.631790681847839e-14,0.3425052936811355,2.1804815464191015e-32,7.765922795309899e-35,1.0,2.9415726147360207e-05,3.788874717283852e-06,6.134740736011808e-65,3.8969953822896265e-10,5.7795079156728125e-37,8.544821216916449e-12,3.0986604412520395e-25,0.021051184271741,2.648802912669121e-13,5.406329213040875e-07,3.492555647383714e-24,1.056182920563206e-22,2.113986132525199e-12,1.1601455838391666e-29,6.756366079510254e-16,1.4417389225834373e-25,1.4249824742287542e-06,4.235798736614592e-20,0.001704498028550853,3.778694853436235e-11,1.0,4.4887948511261626e-11,6.963299465447259e-10,8.800630168184795e-14,8.449956876637427e-05,1.3325682699450585e-09,3.9009793463630695e-17,1.0,8.148919570812924e-16,9.799472909465096e-05,5.353725625272521e-14,1.9030118643030276e-07,1.849867968839017e-19,1.8416486458105732e-19,9.647758073261484e-54,1.0,1.8114023205349978e-09,4.2555561720159964e-05,2.4761960349816647e-18,1.4596073634873205e-23,2.6044072690385936e-24,1.0,2.8744934789742566e-08,8.082710713475957e-09,3.8124398829660504e-24,2.9518190714852765e-74,1.7903344473734438e-26,5.1908631264283806e-55,1.0,1.174290715568711e-25,1.8948702354272824e-26,1.0,1.0,1.557036553450705e-40,6.45130393379248e-14,1.1318066482155727e-29,1.460551510574675e-29,3.140192775031435e-41,1.8376511115201393e-09,1.0,1.0,1.0,6.357819102901299e-70,6.57420130112535e-08,1.0,0.8827541670833018,4.2970722554002014e-12,0.025616916398153763,1.753681571067144e-61,1.0916471878193509e-26,2.4346139039467854e-46,1.973200979805298e-09,1.5034815731364185e-20,1.794479970596989e-11,0.00048190882180608317,5.274993498047813e-08,2.522280915112695e-18,0.1580410509562209,0.0008430654650341457,1.8614349748619818e-29,9.774599709724121e-06,3.388782814853598e-06,0.056087328324971986,1.0769373904808283e-16,1.2305488779044884e-73,1.4846598274687144e-06,4.203249927585768e-05,1.0,1.0,5.439404054767118e-06,1.0,1.0,7.258821102378296e-38,0.0002059984751166554,1.0,1.0,2.3097307521357143e-25,1.0,5.637675066612667e-11,7.0614642447520425e-31
245,8.865841581613784e-25,8.245549417344344e-10,7.274955970731567e-19,5.726521566169728e-40,1.0,2.381650107258353e-20,7.768760183919905e-05,1.0,3.089829796202998e-13,1.0,1.0,3.388854107638402e-86,3.0851891147233377e-49,1.1901058700841029e-14,4.4315967610882984e-05,1.1673274293195393e-25,1.9807517369882895e-14,4.891009284330092e-43,4.709622467942159e-11,3.521704586189566e-17,7.555739987764134e-07,2.7573712181133435e-15,1.0,0.006712952524011333,5.3911469204063836e-64,1.0,1.3254176479278088e-44,4.9553829550194675e-28,1.0,2.3873383216801316e-17,4.3252591932099886e-08,1.8156588977893043e-26,5.6550722016580925e-09,1.5664737164814245e-05,2.1036018887541682e-54,2.1494476231426983e-22,0.4052133676297901,0.36452475205581886,1.4846169412346164e-34,1.5403370725274502e-22,1.7789335852301173e-08,1.2464880927009458e-11,7.355272668247148e-44,1.1265133180050466e-12,6.106750096550915e-30,2.304056527069882e-108,1.0,7.313792917697286e-27,1.0,0.921250373287993,9.743032503153405e-14,1.3218657218152768e-14,0.9220301556197699,9.805431439657437e-12,1.9769051649976784e-22,1.0,1.1842916175701148e-21,2.2412521126337084e-19,1.0,1.0,1.1003195258277392e-10,8.600296496953734e-07,5.898556136786088e-13,1.0,2.70331994132288e-07,3.18279486044408e-25,6.487639206433133e-17,1.0,2.611074496443477e-60,9.291695015311102e-37,1.3509312042893985e-06,4.433604038070004e-19,1.0,3.187147926739808e-05,3.1021391192605062e-34,1.0,1.0,5.5577958063251806e-05,3.7017915946131704e-24,4.3917789086412496e-26,1.0,3.6264788520587763e-06,1.0428114868265605e-26,6.698905324155732e-92,0.00020553776954340846,7.879511598676465e-27,1.9865455535415727e-11,2.2992021087847747e-17,1.9899252589792412e-33,1.5839786930984471e-10,6.69459877835186e-06,1.878436802781573e-12,1.6544289604929925e-53,1.0027990486281492e-16,4.706010828394015e-38,1.2295797346244134e-28,5.383770705428196e-07,5.275393393719159e-45,1.035180183411207e-17,1.0,0.0006178951634543906,2.757673120817091e-09,5.6877592791832784e-18,2.1587365235701458e-13,0.04735874728812065,3.0781828096264384e-21,6.247168419051344e-21,7.724155266065268e-20,0.006816726180906512,2.325768175169989e-19,4.334176028915863e-44,1.8787677384122216e-20,5.461616131279154e-47,3.162884858110353e-11,1.0,1.0,2.882152689931782e-17,7.958495478114239e-05,3.84760507271379e-64,4.841070394544388e-64,6.0558564873670895e-05,1.0,0.008725634122268271,5.3339267621652674e-21,3.647793501032133e-15,6.377877835634608e-07,2.5778864217228987e-82,9.022976951246338e-13,3.621756932680742e-30,0.0044661593033222275,1.0,1.0,1.9589670942868162e-12,2.812010572860725e-08,3.1260523571131116e-10,1.60113219329102e-10,8.219250413302348e-73,0.028715226323301972,5.416108775153459e-21,5.627661963407843e-12,1.022830191615066e-12,1.0,1.0,1.4990864669358036e-13,1.0,7.518375876202308e-08,1.0,1.8404564325749574e-23,1.3810426324463202e-25,1.0,0.3118021697676093,1.4955455040423107e-11,2.077036322080233e-52,5.3624587877078344e-05,1.3634858586864123e-27,2.5642428533991963e-06,1.792327206880045e-17,1.0,1.4455879952543762e-07,0.013241742264596495,1.2216159800807475e-16,2.1690565333145368e-15,7.288922761618756e-07,2.3557028145102913e-21,1.0110625740605946e-09,7.547203600557312e-18,0.026227337858248115,3.091598429759181e-13,1.0,6.8566534346257255e-06,1.0,7.683573111839708e-06,6.743958177731658e-05,4.602649394502315e-08,0.49602508013158675,0.00010075399419201688,7.481083446080145e-11,1.0,9.288669195633559e-10,0.5411493120495249,2.790926049769977e-08,0.0045254977742999886,7.674721378526798e-13,7.576266014877665e-13,6.8449273646981664e-43,1.0,0.00011388160578677055,0.2640073119974044,6.125310956091569e-12,2.233633365119337e-16,5.0008588737952805e-17,1.0,0.0009292836588258293,0.00033343512500280616,6.409870086107686e-17,1.2072534783516948e-61,6.304257612829354e-19,3.472801646398083e-44,0.009779867142893254,3.1136144396147457e-18,6.307974048251693e-19,1.0,1.0,2.7330368268195306e-31,2.3596654020501313e-08,9.5094235612971e-22,1.155902727952755e-21,6.295957685284812e-32,9.376144970062259e-05,1.0,1.0,1.0,8.100950285052024e-58,0.0015386887572687391,1.0,0.0002916957601124325,6.771870348506197e-07,1.0,3.332275393721622e-50,2.9856644506776377e-19,1.3035155964394693e-36,8.737987896507463e-05,5.236755033103065e-14,1.9086527664046433e-06,1.0,0.0011115179250581263,3.6573979149445345e-12,1.0,1.0,9.098210282177408e-22,0.06053863825995257,0.026158984913619506,1.0,7.11279002655365e-11,1.2289981476133239e-61,0.013142520210198006,0.1652629110870607,1.0,1.0,0.03262607837642997,1.0,1.0,1.8276140445694222e-29,0.480890903377795,1.0,1.0,1.772310207939593e-18,1.0,2.8179608432880953e-06,2.4603786591450944e-23
246,1.0,2.436007994076766e-05,1.0,1.0,2.2269546772583105e-48,1.0,4.904294034694839e-10,2.271710083960211e-41,0.013127876596717936,5.858500133212112e-46,9.114976400050674e-26,1.2507739365928268e-06,1.0,0.1359917402675427,2.9943782236805084e-09,1.0,0.13789526453294207,1.0,0.0014852890770440648,1.0,5.615465864889236e-07,0.7139995838486833,1.3980439715354998e-33,1.3680600824753355e-11,0.8399491643278583,1.0161697517529457e-21,1.0,1.0,2.6151062186156617e-27,1.0,4.1086596793045774e-05,1.0,0.0003144272980215581,1.977441517208581e-07,1.0,1.0,1.3108815746970876e-13,2.0611305268454895e-63,1.0,1.0,0.000231201921486608,0.03914601498856522,1.0,0.1611521453492381,1.0,2.1569712267443023e-17,2.1113697754148865e-30,1.0,2.4737053409544846e-23,7.506171037589469e-14,0.8543635653849571,1.0,9.575594048254415e-61,0.07882512873791732,1.0,3.174718432198435e-16,1.0,1.0,7.264304208351495e-29,1.1965971444392244e-29,0.03230063822518544,3.6780996596398996e-05,0.7454530973007536,1.1883368469140036e-14,0.00012241735730599823,1.0,1.0,8.256038810410925e-28,0.4350163539175291,1.0,4.703405073983532e-05,1.0,3.151011720810925e-16,2.346120884757787e-06,1.0,1.673576461180538e-34,1.946623303870492e-17,2.170384085849448e-06,1.0,1.0,2.8262476177059378e-27,4.688122896384535e-05,1.0,1.7825270891006825e-12,8.404100499585002e-07,1.0,0.45239556696092065,1.0,1.0,0.17578873224398212,7.489682337174072e-05,1.0,1.0,1.0,1.0,1.0,0.0010334251537898514,1.0,1.0,2.4590923654028475e-15,1.5278292521530498e-06,3.299816759271102e-81,1.0,1.0,8.186337037428256e-09,1.0,1.0,1.0,1.6281631649549098e-07,1.0,1.0,1.0,1.0,1.0,1.453360858951706e-24,9.270062990668608e-46,1.0,5.85253760932795e-05,0.000736640282621221,0.0007175581904871432,0.00011966953472652544,2.317964868430733e-22,5.08399951754663e-07,1.0,1.0,0.010607148343950759,5.222858105112328e-11,1.0,1.0,2.6591443833887346e-06,5.455246997937095e-19,2.753156372731301e-15,1.0,0.18484399049114106,1.0,1.0,1.0601681120762317e-07,5.792790273974905e-07,1.0,1.0,1.0,1.0606794235857112e-32,5.4607977725286394e-17,1.0,4.9879774279941434e-11,0.20883408763855554,4.3045779047064053e-14,1.0,1.0,1.0095844655283333e-49,1.0609438307859432e-07,5.1886975471202135e-80,0.1678682191456295,0.004699974522533046,1.0,0.05823757560754676,1.0,9.223974945977868e-11,0.6155964576301897,3.3305211272521105e-05,1.0,1.0,0.27397515832590646,1.0,1.0,1.0,2.2361666926205086e-05,1.0,1.0775669249608237e-08,0.0766842979807803,1.2816363790505509e-30,0.07920148688099977,0.014296359627649111,1.0,1.2434108879114975e-06,0.019058977375812792,1.0,1.1433757539769825e-46,1.0,1.3662640640425425e-06,1.0,0.0008431041825731056,1.0,1.0,1.0,9.275484565335805e-13,0.03371698399958482,9.694059294905858e-06,1.0,1.0,1.0,1.0717130879038228e-23,0.008403404686520663,0.0248680782094495,1.0,2.030913055828153e-06,1.0,1.0,2.2841436157301943e-51,1.0,1.0,2.070610154305015e-32,1.3412750199485326e-18,1.0,1.0,1.0,1.0,1.0,0.11996980580620038,2.3751688446812626e-12,5.444552737237302e-41,2.114419413296414e-24,2.8097569458660293e-05,0.012839439281759898,2.183279596257535e-18,8.038418669596676e-55,1.0,3.4126715247343014e-08,0.010467514724226178,1.0,1.0,0.24459905965279277,1.0,1.0,1.2083246712158945e-05,0.04315073255230585,1.0,9.101259429846804e-09,9.851179217904827e-06,1.0,0.0012369260482969005,0.0036952665854533694,1.0493096542893359e-07,1.0,7.052145736545772e-08,0.010500307959474627,0.0009180813566172806,7.683560153797592e-19,1.9567196063428895e-11,0.008167431211592139,1.2084370463520362e-29,9.466318190202172e-22,1.0,0.0007906331125422829,2.3097307521357143e-25,1.772310207939593e-18,1.0,3.1373845320636017e-09,1.0,1.0
247,1.5536911120686338e-10,0.7363744863684483,1.5495868508549511e-06,8.030136854194642e-22,0.019191983451269046,1.2772428451337035e-07,1.0,1.0,0.005586954986618289,0.09852216734164336,1.0,3.278008549748988e-59,3.7598264563347704e-29,0.0006266310382467091,1.0,1.8211165110154106e-11,0.0007974046255116038,1.8020462095604065e-24,0.0940876553367296,1.1857222371568074e-05,1.0,0.00018325673635951486,1.0,1.0,2.2062262121731104e-41,1.0,6.118515717008935e-26,2.1484846632585597e-13,1.0,6.059990659767065e-06,1.0,2.208876485276936e-12,1.0,1.0,6.3778465178123605e-34,1.7635906211893676e-09,1.0,9.9852287118002e-10,1.795023259649952e-18,1.2040431332534356e-09,1.0,0.023976712668682728,1.0796915767294853e-25,0.005287670669841146,4.606537648416639e-15,3.132043702249506e-79,1.0,7.673458597302157e-13,1.0,1.0,0.000986890444596035,0.0002655746373336168,6.331881014962869e-09,0.017912021808777042,1.087810390958058e-09,1.0,3.737509520216487e-09,1.3145209027793275e-07,1.0,1.0,0.06942770973350786,1.0,0.002472368786955462,1.0,1.0,7.39439721772929e-12,5.492278112539333e-06,1.0,2.453368826524388e-39,1.4333562976832813e-20,1.0,1.6385287406422018e-07,1.0,1.0,1.1540804914941812e-18,1.0,1.0,1.0,3.154681132395206e-11,1.2229490738034213e-12,1.0,1.0,3.84082272982242e-13,4.015101386861413e-66,1.0,2.8335222114427344e-13,0.015609699571133577,1.7126791170215444e-06,2.7744065220954023e-18,0.054069811026558424,1.0,0.0029145180698634953,2.5849915452300777e-34,3.962559732886296e-06,5.312414998012736e-22,8.767033223267414e-15,1.0,1.5646270157080006e-27,7.304458618888506e-07,1.0,1.0,4.5534748186528424e-21,4.2971108719361344e-07,0.000556897703139934,1.0,1.9144701506492933e-09,3.131805344004834e-09,1.850393010591945e-08,1.0,3.9004048950395364e-08,4.95215624348786e-27,6.131761859451131e-09,2.2270198736110554e-29,0.01273305148515754,1.0,0.00013789582148414998,9.993785749555956e-07,1.0,1.2910901700992087e-43,1.4672668354585382e-43,1.0,1.0,1.0,1.6611130223901831e-09,2.1978648235989513e-05,1.0,3.383543222887483e-59,0.0008762533999448288,1.988300238507948e-16,1.0,1.0,1.0,0.0012809308075698582,0.6040243041474265,0.035471909500404034,0.022719800223789475,2.3816377705078254e-51,1.0,1.1031211669372962e-09,0.0022797127738469433,0.0007242366122854301,1.0,1.0,0.00018030574978505952,1.0,0.9267458083857841,1.0,1.2481948709880019e-11,3.121808502759146e-13,1.43551456102429e-07,1.0,3.119494223240524e-23,9.731796675220074e-35,1.0,6.0134033988757135e-15,1.0,2.0604320262536785e-07,1.0,0.9746971779528596,1.0,6.926472052415004e-07,5.275109025196705e-06,1.0,2.34369784196198e-10,0.03746239945408889,8.603074851337198e-08,1.0,0.00015263614199675755,1.0,1.0,1.0,1.0,1.0,0.36763792754164787,1.0,1.0,0.005107989133587664,2.667118281753763e-07,0.027428476271596662,1.0,0.24203556772578544,1.0,0.00019782167484338602,0.00019403206376400565,1.1873698058957896e-27,1.0,1.0,1.0,0.0007433439348570068,5.208799185559148e-07,1.7080396025944898e-07,1.0,1.0,1.0,1.8661106766829762e-07,1.6235440771612523e-43,6.100787887944809e-09,6.45834236715166e-29,3.3175434371422036e-10,1.9368760775880204e-08,5.75771470278256e-09,0.08333524166623,1.0,1.542854082150664e-18,0.15475494437376588,4.029554209241464e-11,4.522184997439003e-11,4.515391728513838e-19,1.0,1.0,1.6771960231892385e-05,1.0,1.8947620446790026e-40,1.0,1.0,2.6086075060209882e-12,1.0,1.0,3.9231748413948715e-34,2.371050730830629e-09,5.275598683865333e-23,1.0,1.5587893964566783e-05,1.0,1.0,1.0,0.0002843803113434571,1.0,1.0,2.1582762431663624e-11,1.0,1.0,1.0,0.00181060970016325,2.836703507202714e-44,1.0,1.0,1.0,1.0,1.0,0.09337117815886317,1.0,8.713622231497213e-18,1.0,1.0,1.0,3.1373845320636017e-09,1.0,1.0,5.207508773355841e-13
248,1.0,1.0,1.0,0.027944953249332664,1.3438726189541524e-21,1.0,1.0,6.392771859819034e-17,1.0,5.031978979243656e-20,4.726481303405063e-07,2.09104568529254e-24,3.95013976484216e-06,1.0,1.0,1.0,1.0,0.0008010345260130349,1.0,1.0,1.0,1.0,3.119053826130329e-12,1.0,1.3701743809418504e-13,5.323604419673278e-05,8.418269848450345e-05,1.0,2.1814554723096275e-08,1.0,1.0,1.0,1.0,1.0,1.9369615578029895e-09,1.0,0.8124906988722249,1.6067366351847625e-33,0.2564289574273708,1.0,1.0,1.0,5.667990108942897e-05,1.0,1.0,1.1007241552633876e-39,1.1751526569436735e-10,1.0,2.6287193184485106e-06,0.5104242922470825,1.0,1.0,7.581332117183292e-32,1.0,1.0,0.026008192112008315,1.0,1.0,6.966456701073507e-10,2.201361579003619e-10,1.0,1.0,1.0,0.14469657432510383,1.0,1.0,1.0,2.4562412508853585e-09,2.409610119978973e-13,0.011358356814296708,1.0,1.0,0.017300005550965187,1.0,0.09278460142776007,9.231769834840613e-14,0.003402692524147828,1.0,1.0,1.0,3.5253048321676243e-09,1.0,1.0,1.356507984168823e-31,1.0,1.0,1.0,1.0,0.09061875940245558,1.0,1.0,1.0,8.283756280235433e-11,1.0,0.0008801389721748317,1.0,1.0,7.194376834743791e-07,1.0,0.0257472208931674,1.0,6.115088328308492e-49,1.0,1.0,1.0,1.0,1.0,1.0,1.0,1.0,8.295838567259962e-07,1.0,3.39127134368969e-08,1.0,5.254733634310039e-08,1.616741378112127e-22,1.0,1.0,2.6359703342755038e-17,2.6691282770388145e-17,1.0,9.309467703382756e-07,1.0,1.0,1.0,1.0,3.0614376000428347e-28,1.0,0.2142010170812948,1.0,7.322041458980565e-05,0.010804446319212306,1.0,1.0,1.0,1.0,4.816287409095943e-23,1.0,1.0,1.0,1.0,6.427685192349227e-14,0.000889861868775169,1.0,1.0,1.0,0.03608201181929252,1.0,1.0,1.9104673576130363e-26,1.0,6.7093312179004775e-50,1.7305289044449722e-12,1.0,0.4426409801577836,1.0,1.0,1.0,1.0,1.0,1.0,1.0,1.0,1.0,1.0,1.0,1.0,1.0,1.0,1.0,3.448170169270959e-13,1.0,1.0,1.0,1.0,1.0,1.0,5.080546974263729e-25,1.0,1.0,1.0,1.0,1.0,1.0,8.393858262559273e-09,0.06253905250324455,1.0,1.0,1.0,1.0,1.0,7.097482182144134e-09,1.0,1.0,1.0,1.4749124061922161e-19,1.0,8.15293935760956e-10,4.65880434270597e-29,1.0,1.0,4.978628350766269e-15,1.2335848446246263e-05,0.001275499180492756,1.0,1.0,1.0,0.0005990109598429796,1.0,0.07267009994679684,2.219784616111924e-21,1.569093680585256e-09,1.2142001324672645e-17,1.0,1.378919363552439e-05,5.751255470269034e-32,1.0,1.0,1.839563544666075e-13,1.0,1.9648114503935112e-06,1.0,1.0,1.0,1.0,1.0,1.0,1.0,1.0,1.0,1.0,1.0,1.0,1.0,5.19497837210059e-21,1.0,1.0,2.473143503438903e-06,0.10436765744785828,1.0,6.412099881435334e-14,2.1049186948276193e-08,0.0007089401586914695,1.0,5.637675066612667e-11,2.8179608432880953e-06,1.0,1.0,1.0,0.28538271878834515
249,1.0,6.967549665145538e-10,0.003516833201779439,1.0,2.958044234099093e-58,0.0384999894860224,1.843337251062823e-15,1.3363772665211034e-50,1.9033594002709317e-06,1.3599012047454185e-55,2.1841983889072068e-33,0.014182181813053174,1.0,4.032395886873305e-05,1.7787011427448542e-14,1.0,4.267811228621827e-05,1.0,1.4241278688156758e-07,0.0031877037917168254,9.824972642607779e-12,0.00039392668952367157,7.12722226115595e-42,3.8493125830962093e-17,1.0,1.102206837503204e-28,1.0,1.0,6.825503572906435e-35,0.018032085873850086,2.148346602686694e-09,1.0,2.7050052957569504e-08,3.683958061781979e-12,1.0,1.0,2.3648219179263927e-19,5.829668581943283e-74,1.0,1.0,2.0063278753337476e-08,1.1851638696595326e-05,1.0,7.187284058669578e-05,1.0,1.581161817634082e-11,3.778081562986243e-38,1.0,2.7119480727330775e-30,1.411216477866418e-19,0.0006509101693434246,0.00241812746825815,5.387856895777575e-71,3.1011375651341303e-05,1.0,2.9582702313032493e-22,1.0,1.0,2.3663937701227483e-36,3.236948850187561e-37,1.0863733215762954e-05,2.5958278227901926e-09,0.0006073164741483664,2.095592919617279e-20,1.1403030954839943e-08,1.0,0.1514522839063546,3.9898909254475417e-35,1.0,1.0,3.8006817011974216e-09,1.0,3.761552460695753e-22,1.0525623894837402e-10,1.0,1.8840398039366858e-42,1.691190122380367e-23,1.0232027372337488e-10,1.0,1.0,1.9153386674225325e-34,4.252120570682003e-09,1.0,1.2878899861802022e-07,3.520821521260546e-11,1.0,0.00038582996383605385,1.0,1.0,0.00011957902194429732,8.547845760902956e-09,0.004061472608918019,1.0,0.8706011769056513,1.0,1.0,2.1771232883459094e-07,1.0,1.0,6.045656490909406e-21,9.025262499991129e-11,3.482733662015283e-92,1.0,0.0396037938061293,2.0387342666444075e-13,1.0,1.0,1.0,7.009252640784387e-12,1.0,1.0,1.0,1.0,0.0031924265046705804,3.5892142528570174e-31,2.89899967169308e-54,1.0,8.35906269288734e-09,0.7507080221296488,0.7291141390161561,2.0885010663519664e-08,1.1670054495604416e-28,3.205528058554704e-11,1.0,1.0,5.215467443466563e-06,1.2224889152017777e-06,0.11925709793379097,1.0,2.498231882769922e-10,8.244495307210618e-25,1.2011389029960634e-20,0.130111832520778,0.0001979938726199864,0.005696236961382354,0.009542181231327416,0.0005789397293848177,4.6110555378489356e-11,1.0,0.11621440791417449,0.30641575617342454,7.46148941548123e-40,1.6520426586390752e-22,1.0,9.908526145589461e-16,0.00025570088592648146,3.3178003605228664e-19,1.0,1.0,4.182978929470674e-58,7.823499084638827e-12,3.0043243383516554e-90,1.0,2.7860652104645354e-06,1.0,6.123835104783978e-05,1.0,2.7287408672324753e-15,0.0012169469088635647,8.042801402878419e-09,1.0,1.0,0.0004566260658230124,1.0,0.06676879285864705,1.0,5.2982295536697984e-09,1.0,7.308720882293299e-13,9.834471404894692e-05,2.9008127701133874e-37,0.00010395623626865623,1.2792834323707947e-05,0.011735947272702139,2.0378090043269065e-10,1.9715322399572347e-05,0.8908120998882877,1.721818714927594e-54,0.20927763163029747,2.338578539564338e-10,0.02741802566224744,4.866464172495972e-07,1.0,1.0,1.0,2.1851382757619964e-17,4.318015076663038e-05,2.5987094078428967e-09,1.0,1.0,1.0,1.662553381450963e-29,8.481784956181332e-06,3.227598142047819e-05,1.0,0.003327945321077952,1.0,1.0,2.543055723413842e-59,1.0,1.0,5.968866346600018e-39,7.779300043205167e-24,1.0,0.1502137897784585,1.0,1.0,1.0,0.00023634129684515633,7.972393891111636e-17,3.6837438988413383e-48,3.4231140925590334e-30,0.02639753952253975,1.589414073034256e-05,1.4805511228625656e-23,6.689448091416593e-63,0.02173661775454245,4.599987626143506e-12,1.0,1.0,1.0,0.000619064450394295,1.0,0.020078812221147213,4.5552724449703466e-09,7.776533212759123e-05,1.0,1.1677630255630162e-12,3.754126365186972e-09,1.0,1.1591255467503742e-06,4.362769460916284e-06,2.1196262267687765e-11,1.0,0.0001485260471090083,1.589681866686385e-05,9.098299485871661e-07,7.928379548165842e-24,1.433184806931982e-15,1.2845793305408926e-05,1.4320671145386162e-35,5.757337231690231e-27,1.0,8.838995623309071e-07,7.0614642447520425e-31,2.4603786591450944e-23,1.0,5.207508773355841e-13,0.28538271878834515,1.0
